timestamp,event_type,key_state,mouse_x,mouse_y,mouse_button
1788199944.065482,mouse_move,,1706,668,
1788199944.128607,mouse_move,,1708,669,
1788199944.5685349,mouse_move,,1710,671,
1788199944.5764086,mouse_move,,1713,672,
1788199944.5845156,mouse_move,,1714,673,
1788199944.5924194,mouse_move,,1715,673,
1788199944.6004488,mouse_move,,1718,673,
1788199944.608491,mouse_move,,1719,673,
1788199944.616453,mouse_move,,1721,673,
1788199944.6244311,mouse_move,,1727,673,
1788199944.6324167,mouse_move,,1740,667,
1788199944.6405318,mouse_move,,1758,647,
1788199944.6485846,mouse_move,,1790,614,
1788199944.656457,mouse_move,,1859,546,
1788199944.6644635,mouse_move,,1922,483,
1788199944.6724284,mouse_move,,1995,413,
1788199944.680434,mouse_move,,2065,340,
1788199944.6884315,mouse_move,,2135,261,
1788199944.6966555,mouse_move,,2210,183,
1788199944.7044609,mouse_move,,2280,109,
1788199944.7124503,mouse_move,,2343,46,
1788199944.72081,mouse_move,,2400,-4,
1788199944.7284977,mouse_move,,2445,-35,
1788199944.7364805,mouse_move,,2482,-23,
1788199944.7444527,mouse_move,,2513,-15,
1788199944.752433,mouse_move,,2532,-9,
1788199944.7604902,mouse_move,,2547,-6,
1788199944.768454,mouse_move,,2556,-4,
1788199944.7764611,mouse_move,,2558,-1,
1788199944.784591,mouse_move,,2560,0,
1788199944.840762,mouse_move,,2561,-1,
1788199944.848404,mouse_move,,2565,-2,
1788199944.8564553,mouse_move,,2566,-2,
1788199944.86438,mouse_move,,2570,-3,
1788199944.8723478,mouse_move,,2575,-5,
1788199944.8804367,mouse_move,,2578,-1,
1788199944.8883603,mouse_move,,2581,-3,
1788199944.896364,mouse_move,,2587,-3,
1788199944.9044917,mouse_move,,2588,-1,
1788199944.912431,mouse_move,,2594,-3,
1788199944.920361,mouse_move,,2598,-2,
1788199944.928443,mouse_move,,2603,-3,
1788199944.9365106,mouse_move,,2607,-1,
1788199944.9444144,mouse_move,,2610,-2,
1788199944.9524903,mouse_move,,2616,-5,
1788199944.9604497,mouse_move,,2619,0,
1788199944.9684603,mouse_move,,2623,0,
1788199944.9764166,mouse_move,,2626,-1,
1788199944.9844377,mouse_move,,2628,0,
1788199945.120544,mouse_move,,2631,0,
1788199945.2010164,mouse_move,,2632,0,
1788199945.344554,mouse_click,down,2632,0,Button.left
1788199945.4568136,mouse_click,up,2632,0,Button.left
1788199945.6084473,mouse_move,,2632,0,
1788199945.616443,mouse_move,,2628,0,
1788199945.6244283,mouse_move,,2622,2,
1788199945.6324747,mouse_move,,2611,4,
1788199945.640867,mouse_move,,2602,6,
1788199945.6484659,mouse_move,,2585,12,
1788199945.6564374,mouse_move,,2568,16,
1788199945.6643968,mouse_move,,2554,22,
1788199945.6724842,mouse_move,,2530,29,
1788199945.6804905,mouse_move,,2510,38,
1788199945.68846,mouse_move,,2488,49,
1788199945.6964417,mouse_move,,2463,58,
1788199945.704416,mouse_move,,2435,70,
1788199945.7124789,mouse_move,,2396,84,
1788199945.7204714,mouse_move,,2357,95,
1788199945.7284296,mouse_move,,2303,111,
1788199945.7364836,mouse_move,,2233,128,
1788199945.744445,mouse_move,,2152,150,
1788199945.752445,mouse_move,,2055,178,
1788199945.760487,mouse_move,,1973,204,
1788199945.7684457,mouse_move,,1876,227,
1788199945.776524,mouse_move,,1785,250,
1788199945.7844665,mouse_move,,1688,273,
1788199945.7924128,mouse_move,,1596,300,
1788199945.8004162,mouse_move,,1515,322,
1788199945.8084202,mouse_move,,1428,348,
1788199945.8164341,mouse_move,,1350,382,
1788199945.8244774,mouse_move,,1281,418,
1788199945.8323982,mouse_move,,1227,452,
1788199945.8403714,mouse_move,,1179,480,
1788199945.8485458,mouse_move,,1146,506,
1788199945.8564014,mouse_move,,1113,528,
1788199945.8644152,mouse_move,,1084,551,
1788199945.872388,mouse_move,,1058,577,
1788199945.8804781,mouse_move,,1043,595,
1788199945.8884838,mouse_move,,1034,609,
1788199945.896425,mouse_move,,1028,626,
1788199945.9044285,mouse_move,,1028,637,
1788199945.9124289,mouse_move,,1028,655,
1788199945.9204037,mouse_move,,1029,669,
1788199945.9284594,mouse_move,,1040,694,
1788199945.936571,mouse_move,,1051,711,
1788199945.9443958,mouse_move,,1060,728,
1788199945.9523745,mouse_move,,1066,742,
1788199945.9606853,mouse_move,,1073,752,
1788199945.9684298,mouse_move,,1079,764,
1788199945.9765384,mouse_move,,1082,767,
1788199945.98449,mouse_move,,1087,771,
1788199945.9924333,mouse_move,,1090,774,
1788199946.0004435,mouse_move,,1092,777,
1788199946.0083978,mouse_move,,1094,778,
1788199946.0244322,mouse_move,,1095,778,
1788199946.128975,mouse_move,,1096,776,
1788199946.1365905,mouse_move,,1096,766,
1788199946.1444445,mouse_move,,1096,762,
1788199946.1524644,mouse_move,,1097,759,
1788199946.2885015,mouse_move,,1098,759,
1788199946.2963526,mouse_move,,1104,761,
1788199946.3044543,mouse_move,,1115,763,
1788199946.3124206,mouse_move,,1129,769,
1788199946.3203828,mouse_move,,1136,772,
1788199946.3284774,mouse_move,,1139,774,
1788199946.3364556,mouse_move,,1140,775,
1788199946.3444366,mouse_move,,1143,777,
1788199946.3605294,mouse_move,,1144,779,
1788199946.3924577,mouse_move,,1145,779,
1788199946.4567046,mouse_move,,1147,780,
1788199946.4644804,mouse_move,,1147,781,
1788199946.4725137,mouse_move,,1148,782,
1788199946.4804301,mouse_move,,1150,783,
1788199946.648736,mouse_move,,1150,783,
1788199946.6567094,mouse_move,,1150,778,
1788199946.6643527,mouse_move,,1150,775,
1788199946.6723716,mouse_move,,1150,771,
1788199946.680511,mouse_move,,1150,770,
1788199946.7524219,mouse_move,,1151,769,
1788199946.816513,mouse_move,,1155,769,
1788199946.840515,mouse_move,,1155,770,
1788199946.848571,mouse_move,,1156,771,
1788199946.864443,mouse_move,,1156,774,
1788199946.8804429,mouse_move,,1156,775,
1788199946.920502,mouse_move,,1156,776,
1788199946.9284484,mouse_move,,1156,780,
1788199946.9364555,mouse_move,,1156,782,
1788199946.9445877,mouse_move,,1156,784,
1788199946.9524734,mouse_move,,1156,787,
1788199946.9603932,mouse_move,,1156,790,
1788199946.9683886,mouse_move,,1156,794,
1788199946.9763427,mouse_move,,1156,799,
1788199946.9844646,mouse_move,,1156,801,
1788199946.992463,mouse_move,,1156,804,
1788199947.000567,mouse_move,,1156,806,
1788199947.0566068,mouse_move,,1156,807,
1788199947.0725136,mouse_move,,1157,808,
1788199947.0885081,mouse_move,,1158,812,
1788199947.0964444,mouse_move,,1160,815,
1788199947.1044793,mouse_move,,1164,820,
1788199947.1124022,mouse_move,,1169,827,
1788199947.1205583,mouse_move,,1173,833,
1788199947.1284544,mouse_move,,1180,843,
1788199947.136484,mouse_move,,1184,849,
1788199947.1444995,mouse_move,,1191,859,
1788199947.1523778,mouse_move,,1200,874,
1788199947.1604059,mouse_move,,1204,888,
1788199947.1683493,mouse_move,,1214,900,
1788199947.1764007,mouse_move,,1225,917,
1788199947.1845202,mouse_move,,1233,934,
1788199947.1923995,mouse_move,,1241,949,
1788199947.2004507,mouse_move,,1252,963,
1788199947.208371,mouse_move,,1257,973,
1788199947.2164948,mouse_move,,1265,982,
1788199947.2243598,mouse_move,,1270,987,
1788199947.232499,mouse_move,,1271,991,
1788199947.2405534,mouse_move,,1274,996,
1788199947.2484868,mouse_move,,1277,999,
1788199947.6244345,mouse_move,,1276,999,
1788199947.6323755,mouse_move,,1270,999,
1788199947.6404147,mouse_move,,1263,996,
1788199947.6484408,mouse_move,,1259,995,
1788199947.6564178,mouse_move,,1246,993,
1788199947.6643457,mouse_move,,1238,991,
1788199947.6725404,mouse_move,,1226,988,
1788199947.680431,mouse_move,,1224,988,
1788199947.688443,mouse_move,,1218,988,
1788199947.6964643,mouse_move,,1212,988,
1788199947.704441,mouse_move,,1204,988,
1788199947.712415,mouse_move,,1193,988,
1788199947.7204592,mouse_move,,1185,988,
1788199947.7285516,mouse_move,,1168,988,
1788199947.7364938,mouse_move,,1152,988,
1788199947.7444754,mouse_move,,1134,985,
1788199947.7525015,mouse_move,,1112,983,
1788199947.760459,mouse_move,,1090,972,
1788199947.768484,mouse_move,,1064,956,
1788199947.7764845,mouse_move,,1019,920,
1788199947.7844634,mouse_move,,979,886,
1788199947.792355,mouse_move,,934,835,
1788199947.8004496,mouse_move,,885,779,
1788199947.8084657,mouse_move,,844,728,
1788199947.816338,mouse_move,,803,673,
1788199947.8243268,mouse_move,,769,614,
1788199947.832313,mouse_move,,738,527,
1788199947.8403387,mouse_move,,711,434,
1788199947.8484042,mouse_move,,700,350,
1788199947.856383,mouse_move,,690,282,
1788199947.864444,mouse_move,,690,228,
1788199947.8724825,mouse_move,,687,172,
1788199947.880428,mouse_move,,687,128,
1788199947.8884127,mouse_move,,687,95,
1788199947.8968143,mouse_move,,691,60,
1788199947.90449,mouse_move,,695,33,
1788199947.9124362,mouse_move,,698,6,
1788199947.92047,mouse_move,,702,-13,
1788199947.95228,mouse_move,,708,-44,
1788199947.952582,mouse_move,,714,-12,
1788199947.9603968,mouse_move,,714,-6,
1788199947.96843,mouse_move,,715,-6,
1788199947.9763734,mouse_move,,717,-3,
1788199947.984447,mouse_move,,717,-1,
1788199947.9923978,mouse_move,,717,-2,
1788199948.0004537,mouse_move,,717,-1,
1788199948.1287482,mouse_move,,717,-1,
1788199948.1363773,mouse_move,,715,-2,
1788199948.1444056,mouse_move,,714,0,
1788199948.1524565,mouse_move,,712,0,
1788199948.160494,mouse_move,,707,0,
1788199948.1683307,mouse_move,,701,0,
1788199948.1764114,mouse_move,,697,0,
1788199948.1843975,mouse_move,,691,0,
1788199948.1924832,mouse_move,,681,0,
1788199948.2003767,mouse_move,,668,0,
1788199948.2084203,mouse_move,,651,4,
1788199948.216442,mouse_move,,638,4,
1788199948.2244694,mouse_move,,616,6,
1788199948.232414,mouse_move,,595,6,
1788199948.2404923,mouse_move,,574,6,
1788199948.248506,mouse_move,,550,6,
1788199948.2564332,mouse_move,,526,6,
1788199948.2644384,mouse_move,,510,6,
1788199948.272474,mouse_move,,488,5,
1788199948.280439,mouse_move,,472,3,
1788199948.288437,mouse_move,,456,0,
1788199948.2964554,mouse_move,,449,-5,
1788199948.3045034,mouse_move,,444,-1,
1788199948.3124387,mouse_move,,440,0,
1788199948.320361,mouse_move,,437,-2,
1788199948.336455,mouse_move,,436,-1,
1788199948.392536,mouse_move,,436,-1,
1788199948.4084654,mouse_move,,436,-1,
1788199948.4488132,mouse_move,,436,-1,
1788199948.4646807,mouse_move,,436,-1,
1788199948.496601,mouse_move,,437,0,
1788199948.5126505,mouse_move,,439,0,
1788199948.544972,mouse_move,,440,0,
1788199948.6170473,mouse_move,,444,0,
1788199948.6245427,mouse_move,,446,0,
1788199948.6324658,mouse_move,,452,0,
1788199948.6405468,mouse_move,,462,0,
1788199948.648475,mouse_move,,481,0,
1788199948.6564806,mouse_move,,505,0,
1788199948.664322,mouse_move,,537,0,
1788199948.6724532,mouse_move,,581,0,
1788199948.6805067,mouse_move,,646,0,
1788199948.6883862,mouse_move,,733,0,
1788199948.696598,mouse_move,,812,-15,
1788199948.7044117,mouse_move,,902,-15,
1788199948.7124987,mouse_move,,980,-7,
1788199948.7205093,mouse_move,,1064,-11,
1788199948.7284229,mouse_move,,1165,-19,
1788199948.7365034,mouse_move,,1257,0,
1788199948.7443705,mouse_move,,1350,-4,
1788199948.7524033,mouse_move,,1443,-4,
1788199948.7604506,mouse_move,,1538,-15,
1788199948.7685068,mouse_move,,1610,-3,
1788199948.7764828,mouse_move,,1670,0,
1788199948.7844224,mouse_move,,1708,0,
1788199948.792462,mouse_move,,1747,0,
1788199948.8004148,mouse_move,,1780,0,
1788199948.8084044,mouse_move,,1801,0,
1788199948.8165448,mouse_move,,1809,0,
1788199948.8244464,mouse_move,,1810,0,
1788199948.8324156,mouse_move,,1813,0,
1788199948.88842,mouse_move,,1813,1,
1788199948.8964298,mouse_move,,1813,2,
1788199948.9044812,mouse_move,,1813,4,
1788199948.9124177,mouse_move,,1813,7,
1788199948.9204247,mouse_move,,1811,14,
1788199948.9285307,mouse_move,,1811,15,
1788199948.9444625,mouse_move,,1811,16,
1788199948.9524734,mouse_move,,1807,19,
1788199948.9605486,mouse_move,,1805,21,
1788199948.9684653,mouse_move,,1804,23,
1788199948.9764152,mouse_move,,1803,24,
1788199948.984432,mouse_move,,1797,28,
1788199948.992388,mouse_move,,1793,33,
1788199949.0003939,mouse_move,,1786,38,
1788199949.008353,mouse_move,,1781,42,
1788199949.0164173,mouse_move,,1774,48,
1788199949.024337,mouse_move,,1764,55,
1788199949.0324485,mouse_move,,1755,59,
1788199949.0403893,mouse_move,,1744,65,
1788199949.048605,mouse_move,,1729,75,
1788199949.0563943,mouse_move,,1717,79,
1788199949.0643327,mouse_move,,1710,86,
1788199949.0724242,mouse_move,,1706,91,
1788199949.1365278,mouse_move,,1726,88,
1788199949.1443965,mouse_move,,1741,75,
1788199949.1523695,mouse_move,,1758,67,
1788199949.16053,mouse_move,,1780,58,
1788199949.1684582,mouse_move,,1808,48,
1788199949.1763773,mouse_move,,1832,44,
1788199949.1844406,mouse_move,,1849,38,
1788199949.1924744,mouse_move,,1871,33,
1788199949.2004888,mouse_move,,1889,31,
1788199949.2083604,mouse_move,,1909,27,
1788199949.2165432,mouse_move,,1928,25,
1788199949.2244759,mouse_move,,1936,25,
1788199949.232406,mouse_move,,1944,25,
1788199949.240504,mouse_move,,1950,23,
1788199949.3925273,mouse_move,,1951,22,
1788199949.4004393,mouse_move,,1951,22,
1788199949.4083622,mouse_move,,1949,21,
1788199949.4165006,mouse_move,,1946,20,
1788199949.424431,mouse_move,,1938,20,
1788199949.432426,mouse_move,,1924,18,
1788199949.4405425,mouse_move,,1908,16,
1788199949.4487464,mouse_move,,1884,16,
1788199949.4567075,mouse_move,,1855,16,
1788199949.4644217,mouse_move,,1823,16,
1788199949.4732988,mouse_move,,1768,16,
1788199949.480493,mouse_move,,1724,16,
1788199949.4884017,mouse_move,,1675,16,
1788199949.4964666,mouse_move,,1605,16,
1788199949.5044978,mouse_move,,1548,21,
1788199949.5124683,mouse_move,,1513,23,
1788199949.5203893,mouse_move,,1472,29,
1788199949.528487,mouse_move,,1437,34,
1788199949.5366695,mouse_move,,1413,34,
1788199949.54439,mouse_move,,1392,34,
1788199949.5524416,mouse_move,,1378,34,
1788199949.5604985,mouse_move,,1370,34,
1788199949.5684538,mouse_move,,1366,34,
1788199949.5764031,mouse_move,,1363,34,
1788199949.6965148,mouse_move,,1362,34,
1788199949.7364752,mouse_move,,1362,33,
1788199949.776611,mouse_click,down,1362,33,Button.left
1788199949.864594,mouse_click,up,1362,33,Button.left
1788199949.9365184,mouse_move,,1362,30,
1788199950.0405426,mouse_move,,1361,29,
1788199950.0485258,mouse_move,,1354,29,
1788199950.0564332,mouse_move,,1349,29,
1788199950.0644138,mouse_move,,1345,30,
1788199950.0724616,mouse_move,,1332,33,
1788199950.080618,mouse_move,,1318,44,
1788199950.0884097,mouse_move,,1291,63,
1788199950.0964124,mouse_move,,1269,79,
1788199950.1045637,mouse_move,,1236,111,
1788199950.1123915,mouse_move,,1186,151,
1788199950.1204069,mouse_move,,1144,193,
1788199950.128473,mouse_move,,1096,245,
1788199950.1364312,mouse_move,,1049,292,
1788199950.1444302,mouse_move,,1009,342,
1788199950.1524377,mouse_move,,971,383,
1788199950.1604671,mouse_move,,943,413,
1788199950.1685433,mouse_move,,913,441,
1788199950.1768565,mouse_move,,882,472,
1788199950.1845224,mouse_move,,864,492,
1788199950.1924794,mouse_move,,847,512,
1788199950.2004387,mouse_move,,830,538,
1788199950.2084115,mouse_move,,821,558,
1788199950.2165802,mouse_move,,809,586,
1788199950.2244575,mouse_move,,797,615,
1788199950.2324097,mouse_move,,791,637,
1788199950.2404032,mouse_move,,786,662,
1788199950.2485375,mouse_move,,779,689,
1788199950.256406,mouse_move,,773,713,
1788199950.2643673,mouse_move,,768,735,
1788199950.2725506,mouse_move,,766,756,
1788199950.2804832,mouse_move,,764,775,
1788199950.28853,mouse_move,,760,792,
1788199950.2965207,mouse_move,,758,808,
1788199950.3044603,mouse_move,,754,822,
1788199950.3124642,mouse_move,,750,841,
1788199950.3205729,mouse_move,,748,852,
1788199950.3284802,mouse_move,,742,869,
1788199950.3365197,mouse_move,,734,881,
1788199950.3443484,mouse_move,,724,891,
1788199950.3523734,mouse_move,,714,903,
1788199950.3605006,mouse_move,,704,913,
1788199950.368502,mouse_move,,689,924,
1788199950.3763566,mouse_move,,675,932,
1788199950.3843722,mouse_move,,652,941,
1788199950.3924508,mouse_move,,636,945,
1788199950.4004955,mouse_move,,609,947,
1788199950.408391,mouse_move,,579,952,
1788199950.4164872,mouse_move,,555,956,
1788199950.4244924,mouse_move,,528,958,
1788199950.4324517,mouse_move,,494,966,
1788199950.4404159,mouse_move,,475,970,
1788199950.4484358,mouse_move,,450,977,
1788199950.4564102,mouse_move,,434,981,
1788199950.4643643,mouse_move,,417,987,
1788199950.4725301,mouse_move,,406,989,
1788199950.4805005,mouse_move,,396,995,
1788199950.488339,mouse_move,,394,996,
1788199950.4965832,mouse_move,,389,997,
1788199950.5045068,mouse_move,,388,999,
1788199950.5690477,mouse_move,,387,1000,
1788199950.5845394,mouse_move,,386,1001,
1788199950.592528,mouse_move,,386,1002,
1788199950.6084323,mouse_move,,384,1004,
1788199950.6488256,mouse_move,,382,1006,
1788199950.68081,mouse_move,,381,1007,
1788199950.6966596,mouse_move,,379,1007,
1788199950.7044747,mouse_move,,377,1007,
1788199950.7124565,mouse_move,,376,1007,
1788199950.72081,mouse_move,,372,1005,
1788199950.7287583,mouse_move,,367,1002,
1788199950.7364938,mouse_move,,364,998,
1788199950.7443886,mouse_move,,362,995,
1788199950.7523081,mouse_move,,361,994,
1788199950.7604375,mouse_move,,359,993,
1788199950.768496,mouse_move,,358,990,
1788199950.7764554,mouse_move,,358,989,
1788199950.7845538,mouse_move,,357,988,
1788199951.3126104,mouse_move,,354,987,
1788199951.4966643,mouse_move,,353,986,
1788199951.5125217,mouse_move,,356,984,
1788199951.520354,mouse_move,,364,984,
1788199951.5286674,mouse_move,,380,984,
1788199951.5364084,mouse_move,,399,984,
1788199951.5443785,mouse_move,,423,984,
1788199951.5523815,mouse_move,,455,984,
1788199951.5604792,mouse_move,,516,986,
1788199951.5683753,mouse_move,,584,997,
1788199951.5763633,mouse_move,,666,1000,
1788199951.584482,mouse_move,,743,1004,
1788199951.59242,mouse_move,,837,1011,
1788199951.6004572,mouse_move,,935,1011,
1788199951.608441,mouse_move,,1038,1015,
1788199951.6165454,mouse_move,,1137,1023,
1788199951.6243737,mouse_move,,1242,1034,
1788199951.6324542,mouse_move,,1338,1050,
1788199951.6404786,mouse_move,,1432,1061,
1788199951.6484346,mouse_move,,1527,1076,
1788199951.6563988,mouse_move,,1596,1090,
1788199951.664308,mouse_move,,1662,1111,
1788199951.6723766,mouse_move,,1706,1126,
1788199951.6804621,mouse_move,,1747,1143,
1788199951.6883667,mouse_move,,1774,1160,
1788199951.6963968,mouse_move,,1794,1176,
1788199951.7043927,mouse_move,,1806,1186,
1788199951.712736,mouse_move,,1816,1198,
1788199951.720349,mouse_move,,1822,1210,
1788199951.7287152,mouse_move,,1824,1221,
1788199951.7370114,mouse_move,,1826,1230,
1788199951.744509,mouse_move,,1826,1238,
1788199951.7523613,mouse_move,,1826,1246,
1788199951.7605007,mouse_move,,1826,1252,
1788199951.7684627,mouse_move,,1826,1255,
1788199951.7764518,mouse_move,,1824,1261,
1788199951.7844143,mouse_move,,1822,1264,
1788199951.792416,mouse_move,,1821,1270,
1788199951.8004603,mouse_move,,1819,1273,
1788199951.8083344,mouse_move,,1819,1275,
1788199951.8163884,mouse_move,,1817,1278,
1788199951.824383,mouse_move,,1815,1281,
1788199951.8323147,mouse_move,,1814,1282,
1788199951.8403878,mouse_move,,1813,1283,
1788199951.8484867,mouse_move,,1810,1286,
1788199951.8567607,mouse_move,,1809,1286,
1788199951.8643484,mouse_move,,1805,1288,
1788199951.8724043,mouse_move,,1804,1288,
1788199951.8804677,mouse_move,,1802,1290,
1788199951.8884704,mouse_move,,1794,1290,
1788199951.8963888,mouse_move,,1788,1290,
1788199951.9045224,mouse_move,,1778,1290,
1788199951.9124947,mouse_move,,1769,1290,
1788199951.920438,mouse_move,,1753,1290,
1788199951.9284968,mouse_move,,1740,1290,
1788199951.9364922,mouse_move,,1724,1290,
1788199951.9444335,mouse_move,,1713,1290,
1788199951.9523697,mouse_move,,1702,1290,
1788199951.9604633,mouse_move,,1696,1290,
1788199951.9684472,mouse_move,,1690,1290,
1788199951.9763987,mouse_move,,1684,1289,
1788199951.9843955,mouse_move,,1675,1287,
1788199951.992479,mouse_move,,1671,1286,
1788199952.0004196,mouse_move,,1665,1283,
1788199952.0083523,mouse_move,,1658,1279,
1788199952.0163922,mouse_move,,1646,1276,
1788199952.0244894,mouse_move,,1635,1270,
1788199952.032366,mouse_move,,1632,1270,
1788199952.040422,mouse_move,,1624,1268,
1788199952.0484493,mouse_move,,1613,1268,
1788199952.0563514,mouse_move,,1602,1266,
1788199952.0643342,mouse_move,,1585,1262,
1788199952.072347,mouse_move,,1571,1260,
1788199952.080468,mouse_move,,1555,1260,
1788199952.0883896,mouse_move,,1539,1258,
1788199952.0964956,mouse_move,,1520,1256,
1788199952.1044884,mouse_move,,1499,1256,
1788199952.1123817,mouse_move,,1478,1256,
1788199952.1203227,mouse_move,,1454,1256,
1788199952.1285322,mouse_move,,1430,1256,
1788199952.1364822,mouse_move,,1401,1256,
1788199952.1444476,mouse_move,,1372,1256,
1788199952.1525643,mouse_move,,1345,1256,
1788199952.160463,mouse_move,,1316,1256,
1788199952.1684506,mouse_move,,1290,1256,
1788199952.1763802,mouse_move,,1261,1256,
1788199952.1845753,mouse_move,,1240,1256,
1788199952.1925273,mouse_move,,1216,1256,
1788199952.2004492,mouse_move,,1195,1256,
1788199952.2083192,mouse_move,,1176,1256,
1788199952.2164803,mouse_move,,1160,1256,
1788199952.2244477,mouse_move,,1141,1256,
1788199952.232388,mouse_move,,1123,1256,
1788199952.2404642,mouse_move,,1101,1256,
1788199952.2484746,mouse_move,,1083,1256,
1788199952.2564366,mouse_move,,1067,1256,
1788199952.26434,mouse_move,,1048,1256,
1788199952.2724373,mouse_move,,1029,1256,
1788199952.2804866,mouse_move,,1016,1256,
1788199952.2883718,mouse_move,,997,1256,
1788199952.2963839,mouse_move,,981,1256,
1788199952.3044245,mouse_move,,968,1256,
1788199952.3124516,mouse_move,,949,1252,
1788199952.320352,mouse_move,,935,1250,
1788199952.3284988,mouse_move,,916,1248,
1788199952.336469,mouse_move,,894,1241,
1788199952.3444471,mouse_move,,873,1239,
1788199952.352431,mouse_move,,848,1235,
1788199952.3607428,mouse_move,,813,1224,
1788199952.3685362,mouse_move,,780,1214,
1788199952.376413,mouse_move,,736,1203,
1788199952.3844976,mouse_move,,707,1200,
1788199952.3928406,mouse_move,,673,1196,
1788199952.4004428,mouse_move,,638,1190,
1788199952.408394,mouse_move,,616,1186,
1788199952.4165697,mouse_move,,597,1180,
1788199952.424446,mouse_move,,582,1176,
1788199952.432526,mouse_move,,571,1170,
1788199952.4404619,mouse_move,,564,1166,
1788199952.4484515,mouse_move,,560,1165,
1788199952.456481,mouse_move,,555,1160,
1788199952.4643886,mouse_move,,554,1159,
1788199952.4724324,mouse_move,,551,1157,
1788199952.4804857,mouse_move,,550,1156,
1788199952.48842,mouse_move,,549,1154,
1788199952.4964092,mouse_move,,548,1149,
1788199952.5044694,mouse_move,,548,1148,
1788199952.5123937,mouse_move,,548,1144,
1788199952.5203648,mouse_move,,548,1143,
1788199952.5291288,mouse_move,,548,1138,
1788199952.536645,mouse_move,,548,1133,
1788199952.544697,mouse_move,,548,1127,
1788199952.5524766,mouse_move,,548,1121,
1788199952.5604868,mouse_move,,548,1113,
1788199952.568404,mouse_move,,548,1111,
1788199952.5764155,mouse_move,,548,1105,
1788199952.584849,mouse_move,,548,1099,
1788199952.5924723,mouse_move,,548,1096,
1788199952.6004033,mouse_move,,550,1090,
1788199952.6083171,mouse_move,,552,1087,
1788199952.6165872,mouse_move,,554,1084,
1788199952.6244695,mouse_move,,555,1082,
1788199952.6324356,mouse_move,,555,1079,
1788199952.6404052,mouse_move,,558,1073,
1788199952.6485636,mouse_move,,560,1068,
1788199952.6564023,mouse_move,,561,1066,
1788199952.6643546,mouse_move,,563,1061,
1788199952.6723275,mouse_move,,563,1057,
1788199952.6804934,mouse_move,,566,1054,
1788199952.688402,mouse_move,,566,1048,
1788199952.696457,mouse_move,,566,1046,
1788199952.704386,mouse_move,,566,1041,
1788199952.712351,mouse_move,,566,1035,
1788199952.7204404,mouse_move,,566,1033,
1788199952.7283866,mouse_move,,566,1027,
1788199952.7364259,mouse_move,,562,1022,
1788199952.7444725,mouse_move,,557,1015,
1788199952.752345,mouse_move,,551,1006,
1788199952.7603889,mouse_move,,547,1001,
1788199952.7684708,mouse_move,,539,992,
1788199952.7763987,mouse_move,,534,987,
1788199952.7844877,mouse_move,,529,980,
1788199952.7924876,mouse_move,,521,971,
1788199952.800631,mouse_move,,516,964,
1788199952.8083699,mouse_move,,512,961,
1788199952.8164291,mouse_move,,507,956,
1788199952.824445,mouse_move,,504,955,
1788199952.8326936,mouse_move,,502,953,
1788199952.8404562,mouse_move,,497,949,
1788199952.8484209,mouse_move,,496,948,
1788199952.856495,mouse_move,,492,943,
1788199952.864361,mouse_move,,491,942,
1788199952.8723197,mouse_move,,490,941,
1788199952.9044771,mouse_move,,488,940,
1788199952.92047,mouse_move,,486,938,
1788199952.9684842,mouse_move,,486,936,
1788199953.008665,mouse_click,down,486,936,Button.left
1788199953.128649,mouse_click,up,486,936,Button.left
1788199953.1764963,mouse_move,,486,933,
1788199953.1844401,mouse_move,,486,931,
1788199953.1928399,mouse_move,,486,930,
1788199953.2088015,mouse_move,,486,929,
1788199953.3444536,mouse_move,,486,927,
1788199953.3764307,mouse_move,,486,926,
1788199953.4884515,mouse_move,,486,927,
1788199953.4965155,mouse_move,,486,937,
1788199953.504445,mouse_move,,486,943,
1788199953.5125043,mouse_move,,486,951,
1788199953.5203893,mouse_move,,486,959,
1788199953.5284595,mouse_move,,486,973,
1788199953.5365248,mouse_move,,486,984,
1788199953.5444026,mouse_move,,484,992,
1788199953.5525367,mouse_move,,484,1001,
1788199953.5604773,mouse_move,,483,1007,
1788199953.568558,mouse_move,,483,1009,
1788199953.576389,mouse_move,,480,1014,
1788199953.5843854,mouse_move,,480,1015,
1788199953.5925424,mouse_move,,480,1016,
1788199953.7845256,mouse_move,,480,1016,
1788199953.8165104,mouse_move,,480,1015,
1788199953.848598,mouse_move,,480,1014,
1788199953.8644269,mouse_move,,478,1013,
1788199956.544828,mouse_move,,488,1013,
1788199956.5526242,mouse_move,,504,1014,
1788199956.5604997,mouse_move,,531,1020,
1788199956.5684774,mouse_move,,568,1023,
1788199956.5763817,mouse_move,,631,1033,
1788199956.5844285,mouse_move,,710,1043,
1788199956.5924952,mouse_move,,794,1054,
1788199956.6003861,mouse_move,,887,1058,
1788199956.6083922,mouse_move,,997,1070,
1788199956.6164875,mouse_move,,1100,1070,
1788199956.6245143,mouse_move,,1219,1070,
1788199956.632459,mouse_move,,1338,1070,
1788199956.640431,mouse_move,,1458,1074,
1788199956.6484258,mouse_move,,1577,1074,
1788199956.65642,mouse_move,,1696,1074,
1788199956.6644304,mouse_move,,1799,1074,
1788199956.6724927,mouse_move,,1885,1074,
1788199956.6805067,mouse_move,,1956,1074,
1788199956.6884477,mouse_move,,2011,1074,
1788199956.6964939,mouse_move,,2044,1074,
1788199956.704522,mouse_move,,2073,1074,
1788199956.7124891,mouse_move,,2094,1074,
1788199956.7203538,mouse_move,,2112,1074,
1788199956.7284856,mouse_move,,2121,1074,
1788199956.7364874,mouse_move,,2125,1074,
1788199956.7444062,mouse_move,,2126,1074,
1788199956.9605093,mouse_move,,2126,1073,
1788199956.9765394,mouse_move,,2126,1070,
1788199956.9924746,mouse_move,,2125,1069,
1788199957.008405,mouse_move,,2124,1068,
1788199957.0164158,mouse_move,,2122,1067,
1788199957.024512,mouse_move,,2121,1066,
1788199957.040586,mouse_move,,2120,1064,
1788199957.048501,mouse_move,,2119,1064,
1788199957.056442,mouse_move,,2115,1063,
1788199957.0643308,mouse_move,,2115,1062,
1788199957.0724301,mouse_move,,2113,1059,
1788199957.0804718,mouse_move,,2113,1057,
1788199957.0883923,mouse_move,,2111,1056,
1788199957.096342,mouse_move,,2107,1050,
1788199957.1044874,mouse_move,,2104,1047,
1788199957.1123896,mouse_move,,2097,1036,
1788199957.1203961,mouse_move,,2087,1024,
1788199957.1289654,mouse_move,,2076,1009,
1788199957.1368315,mouse_move,,2070,998,
1788199957.144442,mouse_move,,2065,991,
1788199957.1524842,mouse_move,,2060,981,
1788199957.160517,mouse_move,,2056,972,
1788199957.1684558,mouse_move,,2050,963,
1788199957.176391,mouse_move,,2047,954,
1788199957.184482,mouse_move,,2042,947,
1788199957.1923637,mouse_move,,2040,943,
1788199957.2004457,mouse_move,,2039,936,
1788199957.2083464,mouse_move,,2035,930,
1788199957.2164805,mouse_move,,2033,919,
1788199957.2244494,mouse_move,,2033,914,
1788199957.232383,mouse_move,,2033,906,
1788199957.240568,mouse_move,,2033,904,
1788199957.2485034,mouse_move,,2033,898,
1788199957.2564561,mouse_move,,2033,895,
1788199957.2643545,mouse_move,,2033,891,
1788199957.2724876,mouse_move,,2034,888,
1788199957.2807214,mouse_move,,2035,885,
1788199957.2884297,mouse_move,,2037,883,
1788199957.2964199,mouse_move,,2038,877,
1788199957.3044317,mouse_move,,2038,875,
1788199957.3124404,mouse_move,,2041,873,
1788199957.3203328,mouse_move,,2042,872,
1788199957.3283448,mouse_move,,2043,869,
1788199957.360478,mouse_move,,2044,867,
1788199957.5050838,mouse_move,,2044,870,
1788199957.513286,mouse_move,,2044,873,
1788199957.5207758,mouse_move,,2044,875,
1788199957.5287352,mouse_move,,2044,879,
1788199957.5371323,mouse_move,,2041,886,
1788199957.5446317,mouse_move,,2039,890,
1788199957.5525768,mouse_move,,2038,896,
1788199957.5607295,mouse_move,,2036,899,
1788199957.5690413,mouse_move,,2033,904,
1788199957.576343,mouse_move,,2032,908,
1788199957.5849662,mouse_move,,2031,911,
1788199957.5924788,mouse_move,,2029,913,
1788199957.6006663,mouse_move,,2028,916,
1788199957.608348,mouse_move,,2025,919,
1788199957.6164672,mouse_move,,2025,920,
1788199957.63261,mouse_move,,2024,923,
1788199957.6651416,mouse_move,,2023,924,
1788199957.8088348,mouse_move,,2023,922,
1788199957.8646667,mouse_click,down,2023,922,Button.left
1788199957.9530826,mouse_click,up,2023,922,Button.left
1788199958.1444466,mouse_move,,2023,921,
1788199958.4247293,mouse_move,,2022,920,
1788199958.4323938,mouse_move,,2020,920,
1788199958.4404833,mouse_move,,2018,920,
1788199958.4484613,mouse_move,,2012,920,
1788199958.4564407,mouse_move,,2006,920,
1788199958.4644136,mouse_move,,1998,920,
1788199958.4723694,mouse_move,,1990,920,
1788199958.4808307,mouse_move,,1979,920,
1788199958.4884305,mouse_move,,1963,920,
1788199958.4965217,mouse_move,,1949,920,
1788199958.504425,mouse_move,,1933,920,
1788199958.5125191,mouse_move,,1920,920,
1788199958.5203924,mouse_move,,1906,920,
1788199958.5284507,mouse_move,,1890,920,
1788199958.5364323,mouse_move,,1877,920,
1788199958.544405,mouse_move,,1861,920,
1788199958.5524263,mouse_move,,1850,920,
1788199958.5604322,mouse_move,,1834,920,
1788199958.5684521,mouse_move,,1821,920,
1788199958.57643,mouse_move,,1805,920,
1788199958.5843914,mouse_move,,1791,920,
1788199958.59247,mouse_move,,1775,920,
1788199958.6004055,mouse_move,,1759,920,
1788199958.608311,mouse_move,,1746,920,
1788199958.6164863,mouse_move,,1732,920,
1788199958.624529,mouse_move,,1716,920,
1788199958.6323626,mouse_move,,1705,920,
1788199958.6404715,mouse_move,,1687,920,
1788199958.6484053,mouse_move,,1675,921,
1788199958.656481,mouse_move,,1664,923,
1788199958.6643574,mouse_move,,1648,925,
1788199958.6724591,mouse_move,,1634,927,
1788199958.6804545,mouse_move,,1617,931,
1788199958.6883485,mouse_move,,1599,933,
1788199958.6964362,mouse_move,,1582,937,
1788199958.7044263,mouse_move,,1566,937,
1788199958.712414,mouse_move,,1547,941,
1788199958.7204056,mouse_move,,1530,943,
1788199958.7284863,mouse_move,,1512,946,
1788199958.7366855,mouse_move,,1493,948,
1788199958.744384,mouse_move,,1474,952,
1788199958.7525067,mouse_move,,1457,954,
1788199958.7604644,mouse_move,,1438,956,
1788199958.7683282,mouse_move,,1425,958,
1788199958.7763546,mouse_move,,1408,962,
1788199958.7842965,mouse_move,,1397,964,
1788199958.7924247,mouse_move,,1391,966,
1788199958.8004363,mouse_move,,1375,966,
1788199958.808354,mouse_move,,1364,966,
1788199958.8167577,mouse_move,,1353,966,
1788199958.824478,mouse_move,,1345,966,
1788199958.8324425,mouse_move,,1336,966,
1788199958.8404863,mouse_move,,1328,966,
1788199958.8484244,mouse_move,,1322,966,
1788199958.8567142,mouse_move,,1316,966,
1788199958.8643434,mouse_move,,1314,966,
1788199958.8723254,mouse_move,,1312,966,
1788199958.8805451,mouse_move,,1310,966,
1788199958.888441,mouse_move,,1309,966,
1788199958.9289536,mouse_move,,1308,967,
1788199959.0327117,mouse_move,,1307,967,
1788199959.072901,mouse_move,,1303,968,
1788199959.1045117,mouse_move,,1303,969,
1788199959.1124856,mouse_move,,1303,974,
1788199959.1204598,mouse_move,,1303,979,
1788199959.128442,mouse_move,,1303,987,
1788199959.1364923,mouse_move,,1303,1000,
1788199959.1444561,mouse_move,,1303,1014,
1788199959.1523297,mouse_move,,1301,1030,
1788199959.1604776,mouse_move,,1299,1046,
1788199959.1684918,mouse_move,,1297,1065,
1788199959.1764193,mouse_move,,1292,1087,
1788199959.1843922,mouse_move,,1288,1103,
1788199959.1923752,mouse_move,,1282,1120,
1788199959.200402,mouse_move,,1278,1134,
1788199959.2083085,mouse_move,,1272,1149,
1788199959.216445,mouse_move,,1265,1163,
1788199959.2244158,mouse_move,,1257,1177,
1788199959.2324398,mouse_move,,1247,1187,
1788199959.2404554,mouse_move,,1238,1193,
1788199959.248437,mouse_move,,1221,1201,
1788199959.2563992,mouse_move,,1207,1207,
1788199959.2643952,mouse_move,,1190,1212,
1788199959.2724698,mouse_move,,1176,1213,
1788199959.2804759,mouse_move,,1160,1213,
1788199959.2884333,mouse_move,,1149,1213,
1788199959.2964792,mouse_move,,1139,1213,
1788199959.3044815,mouse_move,,1125,1213,
1788199959.3124092,mouse_move,,1114,1213,
1788199959.3203225,mouse_move,,1106,1213,
1788199959.328464,mouse_move,,1103,1213,
1788199959.336746,mouse_move,,1097,1210,
1788199959.344334,mouse_move,,1091,1208,
1788199959.3523552,mouse_move,,1090,1207,
1788199959.3607297,mouse_move,,1086,1207,
1788199959.3684022,mouse_move,,1085,1206,
1788199959.3846738,mouse_move,,1082,1205,
1788199959.4009857,mouse_move,,1078,1200,
1788199959.4083133,mouse_move,,1076,1199,
1788199959.4165711,mouse_move,,1076,1198,
1788199959.42478,mouse_move,,1074,1195,
1788199959.4327707,mouse_move,,1074,1189,
1788199959.4405022,mouse_move,,1071,1185,
1788199959.4485695,mouse_move,,1068,1180,
1788199959.4568105,mouse_move,,1066,1174,
1788199959.4643345,mouse_move,,1061,1165,
1788199959.4724574,mouse_move,,1061,1162,
1788199959.4805841,mouse_move,,1059,1158,
1788199959.4884055,mouse_move,,1058,1154,
1788199959.4963973,mouse_move,,1058,1149,
1788199959.5044749,mouse_move,,1055,1145,
1788199959.512526,mouse_move,,1055,1144,
1788199959.5204198,mouse_move,,1055,1141,
1788199959.5284925,mouse_move,,1053,1139,
1788199959.5364544,mouse_move,,1053,1137,
1788199959.5444605,mouse_move,,1053,1136,
1788199959.5609014,mouse_move,,1052,1134,
1788199959.5765996,mouse_move,,1052,1133,
1788199959.584793,mouse_move,,1052,1132,
1788199959.5923595,mouse_move,,1052,1130,
1788199959.6004539,mouse_move,,1052,1128,
1788199959.6083488,mouse_move,,1052,1125,
1788199959.6164007,mouse_move,,1052,1124,
1788199959.624561,mouse_move,,1052,1123,
1788199959.632502,mouse_move,,1052,1121,
1788199959.6488187,mouse_move,,1052,1120,
1788199959.656357,mouse_move,,1052,1118,
1788199959.672486,mouse_move,,1052,1117,
1788199959.680783,mouse_move,,1052,1115,
1788199959.6884334,mouse_move,,1052,1114,
1788199959.6963265,mouse_move,,1052,1113,
1788199959.7045028,mouse_move,,1052,1111,
1788199959.7124233,mouse_move,,1052,1109,
1788199959.7204244,mouse_move,,1052,1108,
1788199959.7284179,mouse_move,,1052,1107,
1788199959.744469,mouse_move,,1052,1106,
1788199959.7764814,mouse_move,,1052,1103,
1788199959.784463,mouse_move,,1052,1102,
1788199959.7924004,mouse_move,,1053,1101,
1788199959.8491213,mouse_move,,1053,1100,
1788199959.8564217,mouse_move,,1055,1099,
1788199959.8883898,mouse_move,,1055,1098,
1788199959.8966575,mouse_move,,1056,1095,
1788199960.0006766,mouse_move,,1057,1094,
1788199960.0329175,mouse_move,,1058,1094,
1788199960.3852766,mouse_move,,1059,1093,
1788199960.4004908,mouse_move,,1059,1090,
1788199960.440795,mouse_move,,1058,1088,
1788199960.4727883,mouse_move,,1056,1083,
1788199960.4809995,mouse_move,,1056,1082,
1788199960.4889445,mouse_move,,1056,1081,
1788199960.496681,mouse_move,,1054,1078,
1788199960.5046167,mouse_move,,1054,1077,
1788199960.512429,mouse_move,,1052,1076,
1788199960.528555,mouse_move,,1052,1075,
1788199960.5365195,mouse_move,,1051,1071,
1788199960.54471,mouse_move,,1051,1070,
1788199960.5524058,mouse_move,,1051,1069,
1788199960.560427,mouse_move,,1051,1066,
1788199960.5684395,mouse_move,,1051,1065,
1788199960.5763843,mouse_move,,1050,1063,
1788199960.592763,mouse_move,,1050,1060,
1788199960.6004462,mouse_move,,1050,1059,
1788199960.6166337,mouse_move,,1047,1056,
1788199960.6485422,mouse_move,,1047,1054,
1788199960.6643665,mouse_move,,1047,1053,
1788199960.6805468,mouse_move,,1046,1052,
1788199960.7450347,mouse_move,,1045,1050,
1788199960.7768953,mouse_move,,1045,1048,
1788199960.7844522,mouse_move,,1044,1047,
1788199960.8567774,mouse_move,,1044,1046,
1788199960.9127557,mouse_move,,1044,1043,
1788199960.9452183,mouse_move,,1047,1040,
1788199960.9525123,mouse_move,,1048,1040,
1788199960.9686854,mouse_move,,1051,1039,
1788199960.9847274,mouse_move,,1052,1039,
1788199961.0009081,mouse_move,,1053,1039,
1788199961.0328226,mouse_move,,1054,1038,
1788199961.064498,mouse_move,,1055,1038,
1788199961.5525088,mouse_move,,1058,1038,
1788199961.5604718,mouse_move,,1059,1038,
1788199961.592679,mouse_move,,1060,1038,
1788199961.600439,mouse_move,,1062,1038,
1788199961.6084273,mouse_move,,1065,1038,
1788199961.6164978,mouse_move,,1066,1038,
1788199961.6243904,mouse_move,,1070,1038,
1788199961.632436,mouse_move,,1072,1038,
1788199961.6405628,mouse_move,,1074,1038,
1788199961.6483982,mouse_move,,1077,1038,
1788199961.6644938,mouse_move,,1079,1038,
1788199961.6805139,mouse_move,,1080,1038,
1788199961.7128994,mouse_move,,1081,1037,
1788199961.729067,mouse_move,,1082,1037,
1788199961.7689571,mouse_move,,1083,1036,
1788199961.7847826,mouse_move,,1084,1035,
1788199961.8006847,mouse_move,,1085,1035,
1788199961.816864,mouse_move,,1088,1035,
1788199961.8246486,mouse_move,,1089,1033,
1788199961.896541,mouse_move,,1090,1032,
1788199961.9526992,mouse_move,,1093,1031,
1788199961.9689095,mouse_move,,1093,1030,
1788199962.0005574,mouse_move,,1095,1027,
1788199962.040799,mouse_move,,1095,1026,
1788199962.0489109,mouse_move,,1096,1025,
1788199962.056709,mouse_move,,1096,1024,
1788199962.0727844,mouse_move,,1098,1021,
1788199962.1129577,mouse_move,,1098,1020,
1788199962.1209285,mouse_move,,1098,1018,
1788199962.136576,mouse_move,,1098,1017,
1788199962.1524658,mouse_move,,1098,1016,
1788199962.1851828,mouse_move,,1098,1014,
1788199962.2007723,mouse_move,,1098,1011,
1788199962.208463,mouse_move,,1098,1009,
1788199962.216781,mouse_move,,1098,1008,
1788199962.2244534,mouse_move,,1098,1006,
1788199962.2324636,mouse_move,,1096,1003,
1788199962.2404816,mouse_move,,1095,1002,
1788199962.2483556,mouse_move,,1093,1002,
1788199962.2564356,mouse_move,,1090,1001,
1788199962.2643583,mouse_move,,1085,998,
1788199962.2725384,mouse_move,,1084,998,
1788199962.2803533,mouse_move,,1081,996,
1788199962.2884445,mouse_move,,1077,996,
1788199962.2963119,mouse_move,,1073,995,
1788199962.3045268,mouse_move,,1068,995,
1788199962.3123744,mouse_move,,1062,995,
1788199962.3203526,mouse_move,,1058,995,
1788199962.3284574,mouse_move,,1052,993,
1788199962.3365502,mouse_move,,1046,993,
1788199962.3448563,mouse_move,,1044,993,
1788199962.352301,mouse_move,,1041,993,
1788199962.3605204,mouse_move,,1038,993,
1788199962.3684788,mouse_move,,1037,993,
1788199962.3763545,mouse_move,,1035,993,
1788199962.3924394,mouse_move,,1034,993,
1788199962.4086652,mouse_move,,1030,992,
1788199962.4248395,mouse_move,,1025,987,
1788199962.432901,mouse_move,,1024,986,
1788199962.4405074,mouse_move,,1023,985,
1788199962.4484196,mouse_move,,1020,984,
1788199962.456632,mouse_move,,1019,983,
1788199962.4643292,mouse_move,,1018,982,
1788199962.4724555,mouse_move,,1014,980,
1788199962.480467,mouse_move,,1012,979,
1788199962.488447,mouse_move,,1010,978,
1788199962.4964492,mouse_move,,1006,974,
1788199962.5045047,mouse_move,,1004,971,
1788199962.512431,mouse_move,,1001,970,
1788199962.5203297,mouse_move,,998,967,
1788199962.529081,mouse_move,,997,966,
1788199962.5365655,mouse_move,,996,965,
1788199962.91304,mouse_move,,996,965,
1788199962.96102,mouse_move,,998,965,
1788199963.464918,mouse_move,,999,965,
1788199963.640692,mouse_move,,1001,965,
1788199963.6485126,mouse_move,,1002,965,
1788199963.6966925,mouse_move,,1003,966,
1788199963.7045317,mouse_move,,1004,966,
1788199963.7124434,mouse_move,,1005,967,
1788199963.728536,mouse_move,,1006,968,
1788199963.7365708,mouse_move,,1007,969,
1788199963.7447214,mouse_move,,1008,970,
1788199963.7524295,mouse_move,,1011,972,
1788199963.760757,mouse_move,,1012,974,
1788199963.7687106,mouse_move,,1014,977,
1788199963.7764375,mouse_move,,1015,980,
1788199963.7844973,mouse_move,,1018,983,
1788199963.7924802,mouse_move,,1019,984,
1788199963.8964102,mouse_move,,1020,985,
1788199963.9450285,mouse_move,,1020,984,
1788199963.9526885,mouse_move,,1022,971,
1788199963.9606273,mouse_move,,1022,963,
1788199963.9688704,mouse_move,,1022,955,
1788199963.9763918,mouse_move,,1022,949,
1788199963.9849722,mouse_move,,1022,934,
1788199963.9924881,mouse_move,,1022,923,
1788199964.0004258,mouse_move,,1022,910,
1788199964.0085137,mouse_move,,1022,896,
1788199964.0164135,mouse_move,,1022,888,
1788199964.0244484,mouse_move,,1022,880,
1788199964.032373,mouse_move,,1022,872,
1788199964.0404496,mouse_move,,1022,863,
1788199964.048697,mouse_move,,1022,857,
1788199964.056499,mouse_move,,1022,851,
1788199964.0643315,mouse_move,,1024,845,
1788199964.072693,mouse_move,,1026,842,
1788199964.0804672,mouse_move,,1028,836,
1788199964.0965312,mouse_move,,1029,832,
1788199964.1044602,mouse_move,,1029,831,
1788199964.1124377,mouse_move,,1029,830,
1788199964.1204238,mouse_move,,1029,827,
1788199964.1284904,mouse_move,,1029,826,
1788199964.1444762,mouse_move,,1031,824,
1788199964.152456,mouse_move,,1032,822,
1788199964.3050463,mouse_click,down,1032,822,Button.left
1788199964.4086745,mouse_click,up,1032,822,Button.left
1788199967.0566325,mouse_move,,1033,822,
1788199967.0885253,mouse_move,,1034,822,
1788199967.0964015,mouse_move,,1036,822,
1788199967.1284823,mouse_move,,1038,822,
1788199967.1764164,mouse_move,,1039,822,
1788199967.2484229,mouse_move,,1040,822,
1788199967.2804546,mouse_move,,1042,822,
1788199967.2885594,mouse_move,,1043,822,
1788199967.3204582,mouse_move,,1045,822,
1788199967.328405,mouse_move,,1046,822,
1788199967.3444111,mouse_move,,1048,822,
1788199967.3844352,mouse_move,,1049,822,
1788199967.392479,mouse_move,,1050,822,
1788199967.408735,mouse_move,,1052,822,
1788199967.4163742,mouse_move,,1054,822,
1788199967.472622,mouse_move,,1055,822,
1788199967.5124283,mouse_move,,1056,822,
1788199967.824985,mouse_move,,1057,822,
1788199967.8327603,mouse_move,,1060,822,
1788199967.8404338,mouse_move,,1061,822,
1788199967.848741,mouse_move,,1062,823,
1788199967.856419,mouse_move,,1065,825,
1788199967.8643296,mouse_move,,1066,825,
1788199967.872736,mouse_move,,1067,826,
1788199967.880757,mouse_move,,1069,828,
1788199967.8964179,mouse_move,,1076,831,
1788199967.9045722,mouse_move,,1079,834,
1788199967.9127288,mouse_move,,1085,840,
1788199967.9204316,mouse_move,,1090,842,
1788199967.9285836,mouse_move,,1096,845,
1788199967.9365213,mouse_move,,1108,853,
1788199967.9443927,mouse_move,,1125,864,
1788199967.9522998,mouse_move,,1143,874,
1788199967.9604096,mouse_move,,1157,883,
1788199967.968468,mouse_move,,1177,894,
1788199967.976366,mouse_move,,1196,902,
1788199967.9845095,mouse_move,,1218,913,
1788199967.992418,mouse_move,,1233,922,
1788199968.0004673,mouse_move,,1253,935,
1788199968.0083275,mouse_move,,1270,943,
1788199968.01639,mouse_move,,1284,952,
1788199968.024442,mouse_move,,1301,962,
1788199968.0324454,mouse_move,,1316,971,
1788199968.0404925,mouse_move,,1331,981,
1788199968.0488076,mouse_move,,1343,991,
1788199968.056423,mouse_move,,1358,1004,
1788199968.064405,mouse_move,,1368,1014,
1788199968.0723705,mouse_move,,1377,1022,
1788199968.0804813,mouse_move,,1387,1029,
1788199968.088367,mouse_move,,1393,1033,
1788199968.0964463,mouse_move,,1403,1040,
1788199968.1044893,mouse_move,,1415,1048,
1788199968.1124468,mouse_move,,1424,1052,
1788199968.1204014,mouse_move,,1433,1058,
1788199968.1290605,mouse_move,,1447,1060,
1788199968.1365032,mouse_move,,1454,1065,
1788199968.1444635,mouse_move,,1463,1068,
1788199968.152486,mouse_move,,1475,1074,
1788199968.160394,mouse_move,,1489,1080,
1788199968.1684952,mouse_move,,1498,1084,
1788199968.1764436,mouse_move,,1510,1088,
1788199968.1844654,mouse_move,,1519,1090,
1788199968.1932633,mouse_move,,1533,1096,
1788199968.200421,mouse_move,,1547,1100,
1788199968.2083504,mouse_move,,1553,1100,
1788199968.2163982,mouse_move,,1564,1105,
1788199968.224393,mouse_move,,1572,1107,
1788199968.2323906,mouse_move,,1583,1109,
1788199968.2404022,mouse_move,,1592,1112,
1788199968.2484252,mouse_move,,1598,1112,
1788199968.2564046,mouse_move,,1604,1112,
1788199968.2643282,mouse_move,,1611,1114,
1788199968.2723694,mouse_move,,1615,1114,
1788199968.2803755,mouse_move,,1621,1114,
1788199968.2884328,mouse_move,,1629,1114,
1788199968.2964692,mouse_move,,1633,1115,
1788199968.3044033,mouse_move,,1641,1115,
1788199968.3124042,mouse_move,,1646,1117,
1788199968.3203423,mouse_move,,1654,1122,
1788199968.3284109,mouse_move,,1660,1122,
1788199968.3363988,mouse_move,,1671,1124,
1788199968.3444278,mouse_move,,1675,1124,
1788199968.3523495,mouse_move,,1683,1125,
1788199968.36045,mouse_move,,1692,1129,
1788199968.368407,mouse_move,,1698,1129,
1788199968.3763871,mouse_move,,1702,1130,
1788199968.384428,mouse_move,,1708,1130,
1788199968.3928013,mouse_move,,1713,1130,
1788199968.4004176,mouse_move,,1715,1130,
1788199968.4083302,mouse_move,,1720,1130,
1788199968.4165225,mouse_move,,1722,1130,
1788199968.424478,mouse_move,,1726,1130,
1788199968.432426,mouse_move,,1727,1130,
1788199968.4407156,mouse_move,,1730,1130,
1788199968.4487572,mouse_move,,1733,1130,
1788199968.456651,mouse_move,,1735,1130,
1788199968.4644375,mouse_move,,1739,1130,
1788199968.4724855,mouse_move,,1742,1129,
1788199968.480467,mouse_move,,1743,1129,
1788199968.48841,mouse_move,,1746,1129,
1788199968.6566267,mouse_move,,1747,1129,
1788199968.800491,mouse_move,,1748,1128,
1788199968.8647196,mouse_move,,1748,1125,
1788199968.8967922,mouse_move,,1748,1124,
1788199968.912564,mouse_move,,1748,1123,
1788199968.961061,mouse_move,,1749,1122,
1788199969.4249284,mouse_move,,1749,1119,
1788199969.50505,mouse_move,,1749,1118,
1788199969.5768995,mouse_move,,1750,1116,
1788199969.673057,mouse_move,,1752,1115,
1788199969.6886778,mouse_move,,1754,1112,
1788199970.081026,mouse_move,,1754,1111,
1788199970.4085174,mouse_move,,1754,1110,
1788199973.7846334,mouse_move,,1754,1110,
1788199973.7930202,mouse_move,,1764,1116,
1788199973.8005188,mouse_move,,1776,1124,
1788199973.808335,mouse_move,,1793,1135,
1788199973.8163233,mouse_move,,1815,1146,
1788199973.8244486,mouse_move,,1840,1160,
1788199973.8323805,mouse_move,,1879,1171,
1788199973.840396,mouse_move,,1919,1188,
1788199973.848353,mouse_move,,1952,1198,
1788199973.8564441,mouse_move,,1979,1205,
1788199973.8644354,mouse_move,,2006,1207,
1788199973.8730009,mouse_move,,2030,1207,
1788199973.8803914,mouse_move,,2051,1207,
1788199973.8889797,mouse_move,,2065,1207,
1788199973.8964124,mouse_move,,2074,1205,
1788199973.9048588,mouse_move,,2085,1199,
1788199973.9124553,mouse_move,,2093,1189,
1788199973.9209876,mouse_move,,2093,1178,
1788199973.929196,mouse_move,,2093,1165,
1788199973.9371078,mouse_move,,2093,1149,
1788199973.9446294,mouse_move,,2081,1127,
1788199973.952394,mouse_move,,2070,1107,
1788199973.960333,mouse_move,,2056,1081,
1788199973.9684286,mouse_move,,2035,1053,
1788199973.9764028,mouse_move,,2008,1010,
1788199973.9850552,mouse_move,,1971,974,
1788199973.9924755,mouse_move,,1930,932,
1788199974.0006778,mouse_move,,1885,897,
1788199974.0083332,mouse_move,,1825,858,
1788199974.0164635,mouse_move,,1759,811,
1788199974.024718,mouse_move,,1675,769,
1788199974.0324347,mouse_move,,1597,735,
1788199974.0404806,mouse_move,,1525,706,
1788199974.0483313,mouse_move,,1448,681,
1788199974.0567148,mouse_move,,1372,659,
1788199974.0643275,mouse_move,,1287,644,
1788199974.0725572,mouse_move,,1210,637,
1788199974.080342,mouse_move,,1125,622,
1788199974.0884333,mouse_move,,1030,607,
1788199974.096363,mouse_move,,938,607,
1788199974.1044815,mouse_move,,851,607,
1788199974.1127474,mouse_move,,780,607,
1788199974.1203418,mouse_move,,715,607,
1788199974.128768,mouse_move,,655,607,
1788199974.1365104,mouse_move,,601,607,
1788199974.1447248,mouse_move,,557,607,
1788199974.1522946,mouse_move,,508,607,
1788199974.1603892,mouse_move,,475,607,
1788199974.1684833,mouse_move,,448,607,
1788199974.176491,mouse_move,,424,607,
1788199974.184448,mouse_move,,408,608,
1788199974.1924555,mouse_move,,394,610,
1788199974.200448,mouse_move,,383,610,
1788199974.2083821,mouse_move,,381,612,
1788199974.21653,mouse_move,,376,615,
1788199974.2244675,mouse_move,,374,615,
1788199974.2323623,mouse_move,,371,616,
1788199974.240607,mouse_move,,370,616,
1788199974.248325,mouse_move,,367,617,
1788199974.264501,mouse_move,,366,617,
1788199974.2724407,mouse_move,,364,617,
1788199974.2804363,mouse_move,,361,617,
1788199974.288433,mouse_move,,355,619,
1788199974.2963834,mouse_move,,349,619,
1788199974.304401,mouse_move,,345,619,
1788199974.31243,mouse_move,,332,619,
1788199974.3203838,mouse_move,,322,619,
1788199974.328399,mouse_move,,310,614,
1788199974.3364084,mouse_move,,290,605,
1788199974.3443687,mouse_move,,276,595,
1788199974.3523533,mouse_move,,263,580,
1788199974.3604004,mouse_move,,247,557,
1788199974.3685071,mouse_move,,232,537,
1788199974.376517,mouse_move,,219,522,
1788199974.3845425,mouse_move,,201,505,
1788199974.3925664,mouse_move,,188,487,
1788199974.4006324,mouse_move,,175,470,
1788199974.4083982,mouse_move,,165,458,
1788199974.4164443,mouse_move,,154,441,
1788199974.424422,mouse_move,,146,429,
1788199974.432414,mouse_move,,138,417,
1788199974.4404528,mouse_move,,135,408,
1788199974.4484084,mouse_move,,128,393,
1788199974.4564235,mouse_move,,125,384,
1788199974.464429,mouse_move,,120,380,
1788199974.4724073,mouse_move,,118,371,
1788199974.480449,mouse_move,,115,364,
1788199974.4884362,mouse_move,,111,360,
1788199974.4964395,mouse_move,,106,355,
1788199974.504455,mouse_move,,103,351,
1788199974.5124445,mouse_move,,102,349,
1788199974.5204368,mouse_move,,99,347,
1788199974.5284462,mouse_move,,96,342,
1788199974.536461,mouse_move,,95,341,
1788199974.5444639,mouse_move,,92,337,
1788199974.5523942,mouse_move,,91,336,
1788199974.5603113,mouse_move,,89,331,
1788199974.5684664,mouse_move,,87,329,
1788199974.5764208,mouse_move,,86,328,
1788199974.584561,mouse_move,,85,327,
1788199974.5924299,mouse_move,,83,325,
1788199974.6326354,mouse_move,,81,323,
1788199974.680779,mouse_move,,80,322,
1788199974.8016448,mouse_click,down,80,322,Button.left
1788199974.8812513,mouse_click,up,80,322,Button.left
1788199975.0884807,mouse_move,,80,324,
1788199975.0965302,mouse_move,,81,332,
1788199975.1045084,mouse_move,,83,343,
1788199975.1125276,mouse_move,,83,351,
1788199975.1203518,mouse_move,,85,363,
1788199975.1284423,mouse_move,,89,382,
1788199975.1365056,mouse_move,,91,401,
1788199975.1444492,mouse_move,,93,420,
1788199975.1527371,mouse_move,,95,441,
1788199975.160427,mouse_move,,102,465,
1788199975.1685112,mouse_move,,112,497,
1788199975.1764183,mouse_move,,120,534,
1788199975.184499,mouse_move,,130,572,
1788199975.192636,mouse_move,,149,618,
1788199975.2005248,mouse_move,,163,657,
1788199975.2087302,mouse_move,,191,700,
1788199975.2165833,mouse_move,,212,733,
1788199975.224462,mouse_move,,238,767,
1788199975.2323537,mouse_move,,268,806,
1788199975.2404315,mouse_move,,297,841,
1788199975.2484543,mouse_move,,337,875,
1788199975.256451,mouse_move,,380,903,
1788199975.2643597,mouse_move,,434,936,
1788199975.2724216,mouse_move,,481,962,
1788199975.280407,mouse_move,,548,986,
1788199975.2884033,mouse_move,,625,1012,
1788199975.29666,mouse_move,,694,1029,
1788199975.3045545,mouse_move,,757,1039,
1788199975.312434,mouse_move,,820,1049,
1788199975.3204482,mouse_move,,871,1052,
1788199975.328979,mouse_move,,914,1052,
1788199975.3369637,mouse_move,,964,1052,
1788199975.3447285,mouse_move,,997,1052,
1788199975.3523242,mouse_move,,1026,1052,
1788199975.360717,mouse_move,,1052,1052,
1788199975.3684134,mouse_move,,1073,1052,
1788199975.376367,mouse_move,,1089,1052,
1788199975.3844147,mouse_move,,1103,1052,
1788199975.392452,mouse_move,,1112,1049,
1788199975.4004745,mouse_move,,1116,1048,
1788199975.4083688,mouse_move,,1123,1045,
1788199975.4164212,mouse_move,,1129,1041,
1788199975.4244242,mouse_move,,1130,1040,
1788199975.4323683,mouse_move,,1134,1038,
1788199975.440404,mouse_move,,1136,1037,
1788199975.4483986,mouse_move,,1137,1034,
1788199975.4564097,mouse_move,,1138,1030,
1788199975.4644473,mouse_move,,1138,1027,
1788199975.473073,mouse_move,,1138,1023,
1788199975.4805503,mouse_move,,1138,1019,
1788199975.488445,mouse_move,,1138,1013,
1788199975.496336,mouse_move,,1138,1007,
1788199975.5044515,mouse_move,,1138,999,
1788199975.512338,mouse_move,,1138,994,
1788199975.5203254,mouse_move,,1138,988,
1788199975.528417,mouse_move,,1138,982,
1788199975.5367393,mouse_move,,1134,976,
1788199975.544545,mouse_move,,1133,970,
1788199975.5523388,mouse_move,,1126,964,
1788199975.5604575,mouse_move,,1120,953,
1788199975.5684261,mouse_move,,1110,945,
1788199975.576434,mouse_move,,1098,937,
1788199975.5845082,mouse_move,,1088,927,
1788199975.5923843,mouse_move,,1074,921,
1788199975.6004353,mouse_move,,1065,915,
1788199975.6083367,mouse_move,,1048,907,
1788199975.616527,mouse_move,,1026,896,
1788199975.6245387,mouse_move,,1004,887,
1788199975.6324275,mouse_move,,979,878,
1788199975.6404965,mouse_move,,955,871,
1788199975.6485069,mouse_move,,933,865,
1788199975.6564674,mouse_move,,900,862,
1788199975.6643434,mouse_move,,873,858,
1788199975.6723297,mouse_move,,839,853,
1788199975.6804993,mouse_move,,803,848,
1788199975.6884468,mouse_move,,770,848,
1788199975.6964126,mouse_move,,732,848,
1788199975.7044597,mouse_move,,689,840,
1788199975.712379,mouse_move,,650,837,
1788199975.7203858,mouse_move,,606,837,
1788199975.7283957,mouse_move,,573,837,
1788199975.7364812,mouse_move,,546,837,
1788199975.7444086,mouse_move,,514,837,
1788199975.7523348,mouse_move,,481,837,
1788199975.760383,mouse_move,,455,837,
1788199975.7684336,mouse_move,,426,837,
1788199975.776387,mouse_move,,399,843,
1788199975.7844045,mouse_move,,371,852,
1788199975.7924101,mouse_move,,343,861,
1788199975.800443,mouse_move,,312,877,
1788199975.8084922,mouse_move,,287,888,
1788199975.816548,mouse_move,,265,901,
1788199975.8244646,mouse_move,,248,912,
1788199975.8324378,mouse_move,,228,925,
1788199975.8403885,mouse_move,,208,941,
1788199975.848472,mouse_move,,193,951,
1788199975.8563688,mouse_move,,184,957,
1788199975.8644278,mouse_move,,177,964,
1788199975.8725305,mouse_move,,175,969,
1788199975.8804793,mouse_move,,175,970,
1788199975.8884711,mouse_move,,175,974,
1788199975.8963566,mouse_move,,175,976,
1788199975.904522,mouse_move,,180,979,
1788199975.9124022,mouse_move,,185,984,
1788199975.9203613,mouse_move,,194,989,
1788199975.9284627,mouse_move,,197,992,
1788199975.9364777,mouse_move,,204,999,
1788199975.944476,mouse_move,,206,1002,
1788199975.952422,mouse_move,,209,1005,
1788199975.9604893,mouse_move,,212,1008,
1788199975.9684815,mouse_move,,213,1010,
1788199975.9763489,mouse_move,,215,1013,
1788199975.9844563,mouse_move,,216,1014,
1788199975.9923232,mouse_move,,217,1015,
1788199976.0089352,mouse_move,,217,1018,
1788199976.024684,mouse_move,,217,1019,
1788199976.032966,mouse_move,,217,1020,
1788199976.0730202,mouse_move,,217,1021,
1788199976.1050003,mouse_move,,217,1025,
1788199976.1206717,mouse_move,,217,1026,
1788199976.1527665,mouse_move,,217,1029,
1788199976.160484,mouse_move,,222,1032,
1788199976.16881,mouse_move,,224,1033,
1788199976.1764302,mouse_move,,231,1036,
1788199976.1845481,mouse_move,,235,1039,
1788199976.1924303,mouse_move,,240,1042,
1788199976.2006872,mouse_move,,250,1048,
1788199976.20832,mouse_move,,262,1051,
1788199976.2164948,mouse_move,,276,1060,
1788199976.2247615,mouse_move,,288,1066,
1788199976.2327077,mouse_move,,288,1067,
1788199976.4966595,mouse_move,,288,1067,
1788199976.5048313,mouse_move,,286,1061,
1788199976.520834,mouse_move,,286,1060,
1788199976.5365422,mouse_move,,285,1060,
1788199976.5764122,mouse_move,,285,1059,
1788199976.5844982,mouse_move,,286,1058,
1788199976.6004832,mouse_move,,286,1056,
1788199976.616615,mouse_move,,286,1055,
1788199976.6244488,mouse_move,,286,1054,
1788199976.6405542,mouse_move,,286,1053,
1788199976.6565163,mouse_move,,286,1051,
1788199976.6644135,mouse_move,,286,1050,
1788199976.7447386,mouse_click,down,286,1050,Button.left
1788199976.8569381,mouse_click,up,286,1050,Button.left
1788199977.3284285,mouse_move,,288,1048,
1788199977.8644416,mouse_move,,297,1047,
1788199977.8724205,mouse_move,,323,1047,
1788199977.880469,mouse_move,,344,1047,
1788199977.8885531,mouse_move,,371,1047,
1788199977.896372,mouse_move,,403,1047,
1788199977.9044614,mouse_move,,452,1047,
1788199977.9124746,mouse_move,,512,1047,
1788199977.9203591,mouse_move,,588,1047,
1788199977.9283552,mouse_move,,669,1047,
1788199977.9364254,mouse_move,,756,1047,
1788199977.9443579,mouse_move,,838,1047,
1788199977.952385,mouse_move,,930,1047,
1788199977.9603636,mouse_move,,1022,1047,
1788199977.9684124,mouse_move,,1103,1047,
1788199977.9763482,mouse_move,,1179,1047,
1788199977.9844596,mouse_move,,1268,1053,
1788199977.9924574,mouse_move,,1340,1060,
1788199978.0004327,mouse_move,,1420,1075,
1788199978.0082955,mouse_move,,1475,1078,
1788199978.0164812,mouse_move,,1526,1081,
1788199978.0244715,mouse_move,,1567,1086,
1788199978.0324368,mouse_move,,1596,1088,
1788199978.0404909,mouse_move,,1622,1088,
1788199978.0486813,mouse_move,,1646,1088,
1788199978.0568736,mouse_move,,1665,1090,
1788199978.0649912,mouse_move,,1676,1090,
1788199978.0724556,mouse_move,,1687,1090,
1788199978.080928,mouse_move,,1693,1092,
1788199978.0889966,mouse_move,,1699,1092,
1788199978.0964262,mouse_move,,1700,1092,
1788199978.1043894,mouse_move,,1701,1092,
1788199978.1131556,mouse_move,,1704,1092,
1788199978.5445492,mouse_move,,1703,1092,
1788199978.5524132,mouse_move,,1687,1092,
1788199978.5604446,mouse_move,,1665,1099,
1788199978.5683498,mouse_move,,1641,1101,
1788199978.5763733,mouse_move,,1604,1103,
1788199978.5844939,mouse_move,,1560,1103,
1788199978.5924962,mouse_move,,1509,1109,
1788199978.6004424,mouse_move,,1438,1109,
1788199978.6083827,mouse_move,,1373,1109,
1788199978.6164303,mouse_move,,1291,1113,
1788199978.6244767,mouse_move,,1209,1113,
1788199978.6324039,mouse_move,,1128,1113,
1788199978.6404283,mouse_move,,1031,1113,
1788199978.6484609,mouse_move,,933,1113,
1788199978.6565087,mouse_move,,852,1113,
1788199978.6643953,mouse_move,,760,1113,
1788199978.6724274,mouse_move,,689,1113,
1788199978.6804585,mouse_move,,634,1113,
1788199978.68897,mouse_move,,591,1113,
1788199978.6964626,mouse_move,,567,1113,
1788199978.7043695,mouse_move,,540,1113,
1788199978.7124074,mouse_move,,524,1113,
1788199978.7203867,mouse_move,,516,1113,
1788199978.7284708,mouse_move,,512,1112,
1788199978.7364204,mouse_move,,511,1111,
1788199978.776625,mouse_move,,509,1110,
1788199978.7845645,mouse_move,,509,1108,
1788199978.792434,mouse_move,,509,1107,
1788199978.8004305,mouse_move,,509,1104,
1788199978.8083272,mouse_move,,508,1101,
1788199978.8165295,mouse_move,,505,1099,
1788199978.824435,mouse_move,,504,1097,
1788199978.8323958,mouse_move,,503,1095,
1788199978.8404627,mouse_move,,503,1092,
1788199978.8484488,mouse_move,,500,1086,
1788199978.8563788,mouse_move,,498,1083,
1788199978.8644283,mouse_move,,497,1077,
1788199978.872454,mouse_move,,497,1071,
1788199978.88049,mouse_move,,495,1065,
1788199978.8886046,mouse_move,,495,1062,
1788199978.8963342,mouse_move,,495,1056,
1788199978.9044058,mouse_move,,495,1054,
1788199978.9124646,mouse_move,,495,1050,
1788199978.9203975,mouse_move,,495,1044,
1788199978.928443,mouse_move,,495,1043,
1788199978.9364734,mouse_move,,497,1037,
1788199978.9444215,mouse_move,,500,1032,
1788199978.952336,mouse_move,,507,1024,
1788199978.9604619,mouse_move,,510,1017,
1788199978.968451,mouse_move,,516,1010,
1788199978.9764218,mouse_move,,517,1009,
1788199978.9844894,mouse_move,,521,1001,
1788199978.9924557,mouse_move,,521,1000,
1788199979.000441,mouse_move,,522,996,
1788199979.0083194,mouse_move,,522,994,
1788199979.01673,mouse_move,,522,990,
1788199979.0247867,mouse_move,,522,987,
1788199979.0324807,mouse_move,,522,983,
1788199979.040439,mouse_move,,522,980,
1788199979.0488865,mouse_move,,522,976,
1788199979.0569093,mouse_move,,521,975,
1788199979.06451,mouse_move,,521,971,
1788199979.072527,mouse_move,,521,968,
1788199979.0804946,mouse_move,,519,962,
1788199979.0883708,mouse_move,,518,959,
1788199979.0964916,mouse_move,,515,955,
1788199979.1051111,mouse_move,,514,952,
1788199979.112968,mouse_move,,512,948,
1788199979.1209333,mouse_move,,512,945,
1788199979.12852,mouse_move,,511,941,
1788199979.1369712,mouse_move,,509,936,
1788199979.1449704,mouse_move,,506,934,
1788199979.1523283,mouse_move,,505,931,
1788199979.1604636,mouse_move,,504,928,
1788199979.1687145,mouse_move,,502,925,
1788199979.1764271,mouse_move,,501,924,
1788199979.1846888,mouse_move,,500,922,
1788199979.1924746,mouse_move,,498,917,
1788199979.200643,mouse_move,,498,915,
1788199979.2083206,mouse_move,,497,912,
1788199979.224446,mouse_move,,494,909,
1788199979.2323341,mouse_move,,494,908,
1788199979.240309,mouse_move,,494,907,
1788199979.2484102,mouse_move,,493,904,
1788199979.2809308,mouse_move,,492,903,
1788199979.2884357,mouse_move,,492,902,
1788199979.3371031,mouse_click,down,492,902,Button.left
1788199979.432564,mouse_click,up,492,902,Button.left
1788199979.5124784,mouse_move,,491,901,
1788199979.6246216,mouse_move,,490,901,
1788199979.6644566,mouse_move,,488,901,
1788199979.7209833,mouse_move,,487,901,
1788199979.7367566,mouse_move,,487,902,
1788199979.7448304,mouse_move,,487,905,
1788199979.7523644,mouse_move,,487,907,
1788199979.760464,mouse_move,,487,908,
1788199979.7685893,mouse_move,,488,912,
1788199979.7764301,mouse_move,,490,915,
1788199979.78443,mouse_move,,493,917,
1788199979.793154,mouse_move,,502,922,
1788199979.8005242,mouse_move,,513,924,
1788199979.8083222,mouse_move,,529,926,
1788199979.8164575,mouse_move,,556,930,
1788199979.8244324,mouse_move,,590,935,
1788199979.8322976,mouse_move,,628,935,
1788199979.840508,mouse_move,,678,935,
1788199979.8485115,mouse_move,,749,938,
1788199979.8564053,mouse_move,,820,938,
1788199979.8643193,mouse_move,,908,946,
1788199979.8725197,mouse_move,,1001,949,
1788199979.8804321,mouse_move,,1094,953,
1788199979.888455,mouse_move,,1183,964,
1788199979.8964076,mouse_move,,1282,968,
1788199979.9044077,mouse_move,,1375,976,
1788199979.9124832,mouse_move,,1485,983,
1788199979.9203541,mouse_move,,1563,991,
1788199979.9283862,mouse_move,,1647,1001,
1788199979.936431,mouse_move,,1713,1005,
1788199979.944423,mouse_move,,1763,1008,
1788199979.9523807,mouse_move,,1806,1016,
1788199979.9603713,mouse_move,,1847,1022,
1788199979.9685316,mouse_move,,1884,1030,
1788199979.9764445,mouse_move,,1903,1034,
1788199979.9843976,mouse_move,,1920,1040,
1788199979.992435,mouse_move,,1939,1047,
1788199980.0004294,mouse_move,,1953,1053,
1788199980.0084355,mouse_move,,1962,1054,
1788199980.016422,mouse_move,,1969,1058,
1788199980.0244129,mouse_move,,1973,1061,
1788199980.0404215,mouse_move,,1976,1062,
1788199980.0884442,mouse_move,,1976,1065,
1788199980.096439,mouse_move,,1979,1069,
1788199980.104387,mouse_move,,1979,1075,
1788199980.1123593,mouse_move,,1979,1079,
1788199980.12847,mouse_move,,1980,1081,
1788199980.1364765,mouse_move,,1980,1082,
1788199980.1444597,mouse_move,,1980,1083,
1788199980.1523643,mouse_move,,1981,1084,
1788199980.7845757,mouse_move,,1981,1084,
1788199980.8966658,mouse_move,,1980,1084,
1788199980.9690244,mouse_move,,1979,1084,
1788199981.024967,mouse_move,,1977,1084,
1788199981.0725465,mouse_move,,1976,1083,
1788199981.1044536,mouse_move,,1976,1082,
1788199981.1124594,mouse_move,,1974,1079,
1788199981.1446757,mouse_move,,1974,1075,
1788199981.1523743,mouse_move,,1974,1072,
1788199981.1608548,mouse_move,,1974,1068,
1788199981.168802,mouse_move,,1974,1062,
1788199981.1765149,mouse_move,,1974,1058,
1788199981.18445,mouse_move,,1974,1052,
1788199981.193066,mouse_move,,1974,1046,
1788199981.2004895,mouse_move,,1974,1038,
1788199981.2083285,mouse_move,,1974,1029,
1788199981.216513,mouse_move,,1974,1019,
1788199981.224479,mouse_move,,1974,1010,
1788199981.2324498,mouse_move,,1974,999,
1788199981.2404559,mouse_move,,1974,986,
1788199981.2489798,mouse_move,,1972,975,
1788199981.2570722,mouse_move,,1970,966,
1788199981.2643468,mouse_move,,1968,955,
1788199981.272459,mouse_move,,1965,946,
1788199981.2805355,mouse_move,,1961,937,
1788199981.2884312,mouse_move,,1955,925,
1788199981.2963893,mouse_move,,1950,918,
1788199981.3044457,mouse_move,,1945,913,
1788199981.3126943,mouse_move,,1940,907,
1788199981.320744,mouse_move,,1935,902,
1788199981.328804,mouse_move,,1929,899,
1788199981.336438,mouse_move,,1920,893,
1788199981.3443894,mouse_move,,1914,893,
1788199981.3523269,mouse_move,,1905,891,
1788199981.360441,mouse_move,,1897,891,
1788199981.3684034,mouse_move,,1886,891,
1788199981.3763735,mouse_move,,1873,891,
1788199981.3843842,mouse_move,,1859,891,
1788199981.3924549,mouse_move,,1848,891,
1788199981.4004214,mouse_move,,1830,891,
1788199981.408326,mouse_move,,1816,891,
1788199981.4164195,mouse_move,,1797,895,
1788199981.4244711,mouse_move,,1781,899,
1788199981.432429,mouse_move,,1764,905,
1788199981.440504,mouse_move,,1755,909,
1788199981.4484472,mouse_move,,1735,917,
1788199981.4564176,mouse_move,,1719,921,
1788199981.4643319,mouse_move,,1707,927,
1788199981.472519,mouse_move,,1698,931,
1788199981.480524,mouse_move,,1693,936,
1788199981.4884326,mouse_move,,1691,937,
1788199981.4964025,mouse_move,,1688,938,
1788199981.504465,mouse_move,,1686,941,
1788199981.512451,mouse_move,,1685,942,
1788199981.5204253,mouse_move,,1684,943,
1788199981.5368035,mouse_move,,1683,944,
1788199981.5523593,mouse_move,,1682,946,
1788199981.5606458,mouse_move,,1682,947,
1788199981.6009095,mouse_move,,1682,948,
1788199981.6084313,mouse_move,,1682,953,
1788199981.6164253,mouse_move,,1682,956,
1788199981.6323788,mouse_move,,1682,960,
1788199981.640466,mouse_move,,1682,966,
1788199981.648421,mouse_move,,1682,967,
1788199981.656435,mouse_move,,1682,968,
1788199981.6723433,mouse_move,,1682,969,
1788199981.6804419,mouse_move,,1682,972,
1788199981.712508,mouse_move,,1682,973,
1788199981.720515,mouse_move,,1682,974,
1788199981.752701,mouse_move,,1682,975,
1788199981.7604752,mouse_move,,1682,978,
1788199981.768395,mouse_move,,1682,979,
1788199981.800469,mouse_move,,1682,980,
1788199981.808361,mouse_move,,1682,981,
1788199981.8167243,mouse_move,,1683,982,
1788199981.8484292,mouse_move,,1683,983,
1788199982.032563,mouse_move,,1683,984,
1788199982.040494,mouse_move,,1684,986,
1788199982.0484138,mouse_move,,1684,989,
1788199982.0564194,mouse_move,,1684,991,
1788199982.0643446,mouse_move,,1684,992,
1788199982.0884428,mouse_move,,1684,993,
1788199982.0963278,mouse_move,,1684,997,
1788199982.1044302,mouse_move,,1686,999,
1788199982.1284904,mouse_move,,1686,1002,
1788199982.1444314,mouse_move,,1686,1003,
1788199982.152411,mouse_move,,1686,1004,
1788199982.1603923,mouse_move,,1686,1005,
1788199982.1924922,mouse_move,,1686,1008,
1788199982.2005067,mouse_move,,1686,1009,
1788199982.3045638,mouse_move,,1687,1010,
1788199982.4731042,mouse_move,,1687,1011,
1788199982.4809387,mouse_move,,1687,1014,
1788199982.5769477,mouse_move,,1687,1015,
1788199983.5848792,mouse_move,,1687,1024,
1788199983.5927894,mouse_move,,1687,1030,
1788199983.600485,mouse_move,,1687,1038,
1788199983.6083887,mouse_move,,1687,1046,
1788199983.6164703,mouse_move,,1686,1057,
1788199983.6244392,mouse_move,,1682,1069,
1788199983.6327183,mouse_move,,1678,1085,
1788199983.6404097,mouse_move,,1671,1104,
1788199983.648465,mouse_move,,1667,1124,
1788199983.6567106,mouse_move,,1665,1137,
1788199983.6643965,mouse_move,,1659,1154,
1788199983.672325,mouse_move,,1655,1173,
1788199983.6804695,mouse_move,,1650,1192,
1788199983.6884067,mouse_move,,1649,1204,
1788199983.6963077,mouse_move,,1645,1213,
1788199983.7044017,mouse_move,,1639,1224,
1788199983.7123759,mouse_move,,1636,1231,
1788199983.7203593,mouse_move,,1636,1239,
1788199983.7284343,mouse_move,,1632,1246,
1788199983.7364113,mouse_move,,1629,1255,
1788199983.7444062,mouse_move,,1629,1263,
1788199983.7523103,mouse_move,,1629,1269,
1788199983.7604587,mouse_move,,1627,1275,
1788199983.7684984,mouse_move,,1624,1280,
1788199983.7763891,mouse_move,,1623,1284,
1788199983.7844648,mouse_move,,1622,1287,
1788199983.8004186,mouse_move,,1620,1291,
1788199983.8566024,mouse_move,,1617,1294,
1788199983.864354,mouse_move,,1616,1295,
1788199983.8724165,mouse_move,,1616,1296,
1788199983.8887818,mouse_move,,1616,1298,
1788199983.8966985,mouse_move,,1616,1299,
1788199983.905051,mouse_move,,1615,1300,
1788199983.9210234,mouse_move,,1614,1301,
1788199983.9368494,mouse_move,,1613,1304,
1788199983.9445035,mouse_move,,1610,1306,
1788199983.9606726,mouse_move,,1608,1312,
1788199983.9684422,mouse_move,,1607,1314,
1788199983.9764335,mouse_move,,1607,1319,
1788199983.9843962,mouse_move,,1604,1323,
1788199983.992577,mouse_move,,1604,1326,
1788199984.000445,mouse_move,,1601,1332,
1788199984.0083401,mouse_move,,1599,1335,
1788199984.0164473,mouse_move,,1599,1338,
1788199984.0244627,mouse_move,,1597,1340,
1788199984.0407584,mouse_move,,1597,1342,
1788199984.0487928,mouse_move,,1597,1344,
1788199984.0644412,mouse_move,,1597,1345,
1788199984.8169043,mouse_move,,1595,1346,
1788199984.8566523,mouse_move,,1593,1346,
1788199985.040658,mouse_move,,1592,1346,
1788199985.0563822,mouse_move,,1591,1345,
1788199985.1525068,mouse_move,,1590,1345,
1788199985.1684248,mouse_move,,1588,1345,
1788199985.1765234,mouse_click,down,1588,1345,Button.right
1788199985.2085052,mouse_move,,1586,1345,
1788199985.2165134,mouse_move,,1585,1345,
1788199985.2244449,mouse_move,,1582,1345,
1788199985.3692691,mouse_click,up,1582,1345,Button.right
1788199985.5203922,mouse_move,,1581,1345,
1788199985.9610858,mouse_move,,1581,1341,
1788199985.9689453,mouse_move,,1582,1337,
1788199985.9766753,mouse_move,,1587,1328,
1788199985.9848034,mouse_move,,1587,1320,
1788199985.992752,mouse_move,,1589,1306,
1788199986.0004585,mouse_move,,1591,1290,
1788199986.008453,mouse_move,,1595,1268,
1788199986.0164394,mouse_move,,1597,1247,
1788199986.0245185,mouse_move,,1600,1223,
1788199986.0323842,mouse_move,,1607,1192,
1788199986.0404694,mouse_move,,1612,1156,
1788199986.0484486,mouse_move,,1614,1129,
1788199986.0565033,mouse_move,,1624,1094,
1788199986.0644474,mouse_move,,1634,1061,
1788199986.0725386,mouse_move,,1648,1026,
1788199986.0804164,mouse_move,,1652,1002,
1788199986.0884144,mouse_move,,1661,974,
1788199986.0963833,mouse_move,,1668,953,
1788199986.1044014,mouse_move,,1677,928,
1788199986.112431,mouse_move,,1686,906,
1788199986.1203063,mouse_move,,1694,886,
1788199986.1284482,mouse_move,,1700,870,
1788199986.1364775,mouse_move,,1711,852,
1788199986.1443527,mouse_move,,1717,841,
1788199986.152409,mouse_move,,1723,831,
1788199986.1607275,mouse_move,,1726,822,
1788199986.1684997,mouse_move,,1732,815,
1788199986.1765616,mouse_move,,1737,804,
1788199986.1847987,mouse_move,,1743,797,
1788199986.1927392,mouse_move,,1748,787,
1788199986.2006495,mouse_move,,1753,780,
1788199986.208318,mouse_move,,1759,773,
1788199986.2164469,mouse_move,,1762,769,
1788199986.2247307,mouse_move,,1767,760,
1788199986.2324607,mouse_move,,1774,753,
1788199986.2404559,mouse_move,,1779,748,
1788199986.248419,mouse_move,,1783,744,
1788199986.256682,mouse_move,,1786,741,
1788199986.264299,mouse_move,,1791,736,
1788199986.2730246,mouse_move,,1792,735,
1788199986.2805207,mouse_move,,1792,734,
1788199986.2884514,mouse_move,,1793,732,
1788199986.296418,mouse_move,,1796,729,
1788199986.3047166,mouse_move,,1797,728,
1788199986.3124092,mouse_move,,1798,725,
1788199986.328398,mouse_move,,1800,724,
1788199986.3368087,mouse_move,,1800,720,
1788199986.3447797,mouse_move,,1802,717,
1788199986.352303,mouse_move,,1805,714,
1788199986.3603883,mouse_move,,1806,713,
1788199986.3764443,mouse_move,,1809,709,
1788199986.3844466,mouse_move,,1809,708,
1788199986.3923635,mouse_move,,1810,706,
1788199986.4085941,mouse_move,,1810,704,
1788199986.416426,mouse_move,,1811,703,
1788199986.4244308,mouse_move,,1811,702,
1788199986.4329846,mouse_move,,1811,701,
1788199986.4404142,mouse_move,,1813,699,
1788199986.4489887,mouse_move,,1814,694,
1788199986.456393,mouse_move,,1817,691,
1788199986.465249,mouse_move,,1818,689,
1788199986.4730377,mouse_move,,1820,686,
1788199986.48086,mouse_move,,1823,681,
1788199986.4883783,mouse_move,,1824,680,
1788199986.4963658,mouse_move,,1825,678,
1788199986.5043201,mouse_move,,1827,673,
1788199986.512434,mouse_move,,1827,672,
1788199986.5204172,mouse_move,,1827,668,
1788199986.52832,mouse_move,,1829,666,
1788199986.5933225,mouse_click,down,1829,666,Button.left
1788199986.689212,mouse_click,up,1829,666,Button.left
1788199986.768496,mouse_move,,1829,664,
1788199986.7845275,mouse_move,,1822,666,
1788199986.7923918,mouse_move,,1821,667,
1788199986.800383,mouse_move,,1818,670,
1788199986.8083777,mouse_move,,1812,675,
1788199986.8167553,mouse_move,,1810,676,
1788199986.8244655,mouse_move,,1806,680,
1788199986.832397,mouse_move,,1802,685,
1788199986.8404496,mouse_move,,1799,688,
1788199986.8483896,mouse_move,,1798,689,
1788199986.8563993,mouse_move,,1795,691,
1788199986.8643923,mouse_move,,1795,692,
1788199986.8723955,mouse_move,,1794,695,
1788199986.8804345,mouse_move,,1794,696,
1788199986.8884118,mouse_move,,1793,700,
1788199986.8964114,mouse_move,,1793,703,
1788199986.904395,mouse_move,,1793,707,
1788199986.912452,mouse_move,,1793,708,
1788199986.9203804,mouse_move,,1793,712,
1788199986.9364595,mouse_move,,1793,713,
1788199986.9443676,mouse_move,,1793,714,
1788199986.960454,mouse_move,,1793,715,
1788199986.9684346,mouse_move,,1792,716,
1788199987.1846132,mouse_move,,1789,716,
1788199987.1923985,mouse_move,,1780,723,
1788199987.2004547,mouse_move,,1769,729,
1788199987.208416,mouse_move,,1760,733,
1788199987.216419,mouse_move,,1748,737,
1788199987.224512,mouse_move,,1741,740,
1788199987.232426,mouse_move,,1725,744,
1788199987.2404368,mouse_move,,1711,748,
1788199987.2483954,mouse_move,,1699,752,
1788199987.2563698,mouse_move,,1686,754,
1788199987.2644396,mouse_move,,1674,760,
1788199987.272493,mouse_move,,1662,762,
1788199987.2803876,mouse_move,,1651,768,
1788199987.2883954,mouse_move,,1644,771,
1788199987.2963417,mouse_move,,1638,773,
1788199987.3044548,mouse_move,,1635,775,
1788199987.3123775,mouse_move,,1631,777,
1788199987.3203554,mouse_move,,1624,780,
1788199987.3284051,mouse_move,,1620,785,
1788199987.3364224,mouse_move,,1615,786,
1788199987.3443692,mouse_move,,1609,791,
1788199987.352321,mouse_move,,1600,795,
1788199987.3604822,mouse_move,,1595,799,
1788199987.3685033,mouse_move,,1586,805,
1788199987.3764353,mouse_move,,1574,809,
1788199987.3844671,mouse_move,,1563,813,
1788199987.392504,mouse_move,,1553,818,
1788199987.4004543,mouse_move,,1545,820,
1788199987.408294,mouse_move,,1533,826,
1788199987.416494,mouse_move,,1526,829,
1788199987.4244921,mouse_move,,1517,833,
1788199987.4324265,mouse_move,,1513,836,
1788199987.4403968,mouse_move,,1508,837,
1788199987.4483662,mouse_move,,1507,838,
1788199987.5213537,mouse_move,,1504,835,
1788199987.5283806,mouse_move,,1504,827,
1788199987.5364966,mouse_move,,1501,818,
1788199987.5444105,mouse_move,,1499,810,
1788199987.5523596,mouse_move,,1499,799,
1788199987.5604215,mouse_move,,1499,785,
1788199987.5683658,mouse_move,,1499,772,
1788199987.5764024,mouse_move,,1499,764,
1788199987.5844295,mouse_move,,1499,753,
1788199987.592413,mouse_move,,1499,745,
1788199987.6003783,mouse_move,,1499,731,
1788199987.6083999,mouse_move,,1499,729,
1788199987.6164951,mouse_move,,1499,724,
1788199987.6244624,mouse_move,,1499,723,
1788199987.6323826,mouse_move,,1500,722,
1788199987.6403673,mouse_move,,1502,721,
1788199987.6805336,mouse_move,,1503,720,
1788199987.7604783,mouse_move,,1504,720,
1788199987.9924479,mouse_move,,1505,720,
1788199988.0003927,mouse_move,,1507,720,
1788199988.0084243,mouse_move,,1510,720,
1788199988.0164235,mouse_move,,1513,720,
1788199988.0243883,mouse_move,,1514,723,
1788199988.0323644,mouse_move,,1517,724,
1788199988.0404096,mouse_move,,1519,726,
1788199988.0483758,mouse_move,,1527,738,
1788199988.0564964,mouse_move,,1532,743,
1788199988.0648735,mouse_move,,1540,758,
1788199988.0723372,mouse_move,,1545,767,
1788199988.080437,mouse_move,,1551,779,
1788199988.0884058,mouse_move,,1559,788,
1788199988.0963924,mouse_move,,1563,800,
1788199988.1044033,mouse_move,,1566,807,
1788199988.1123912,mouse_move,,1568,813,
1788199988.1203594,mouse_move,,1571,819,
1788199988.128446,mouse_move,,1572,824,
1788199988.1364026,mouse_move,,1574,828,
1788199988.1443658,mouse_move,,1574,831,
1788199988.1524692,mouse_move,,1574,835,
1788199988.1603878,mouse_move,,1575,836,
1788199988.1683443,mouse_move,,1575,837,
1788199988.2084544,mouse_move,,1575,838,
1788199988.2164445,mouse_move,,1576,839,
1788199988.2244394,mouse_move,,1576,841,
1788199988.2323406,mouse_move,,1576,842,
1788199988.240432,mouse_move,,1576,843,
1788199988.2483652,mouse_move,,1577,845,
1788199988.256465,mouse_move,,1579,848,
1788199988.2643406,mouse_move,,1579,851,
1788199988.2723634,mouse_move,,1579,855,
1788199988.2803774,mouse_move,,1579,856,
1788199988.288508,mouse_move,,1579,857,
1788199988.2963383,mouse_move,,1579,860,
1788199988.3284347,mouse_move,,1579,861,
1788199988.3923986,mouse_move,,1580,862,
1788199988.4324636,mouse_move,,1581,863,
1788199988.4645042,mouse_move,,1582,864,
1788199988.520435,mouse_move,,1582,865,
1788199988.536591,mouse_click,down,1582,865,Button.right
1788199988.6643674,mouse_move,,1582,866,
1788199988.70454,mouse_click,up,1582,866,Button.right
1788199988.968423,mouse_move,,1582,868,
1788199988.976459,mouse_move,,1585,868,
1788199988.98454,mouse_move,,1587,868,
1788199988.9923918,mouse_move,,1595,868,
1788199989.0005555,mouse_move,,1601,868,
1788199989.0084403,mouse_move,,1611,868,
1788199989.0165412,mouse_move,,1620,868,
1788199989.024438,mouse_move,,1633,868,
1788199989.0324519,mouse_move,,1647,870,
1788199989.040477,mouse_move,,1658,870,
1788199989.048499,mouse_move,,1674,872,
1788199989.0564618,mouse_move,,1683,877,
1788199989.0646362,mouse_move,,1694,879,
1788199989.0723953,mouse_move,,1706,885,
1788199989.0804052,mouse_move,,1723,889,
1788199989.088467,mouse_move,,1735,895,
1788199989.096423,mouse_move,,1739,897,
1788199989.104409,mouse_move,,1745,900,
1788199989.112375,mouse_move,,1752,905,
1788199989.1203983,mouse_move,,1757,906,
1788199989.1284552,mouse_move,,1760,909,
1788199989.136413,mouse_move,,1761,910,
1788199989.1443858,mouse_move,,1765,913,
1788199989.1605258,mouse_move,,1766,914,
1788199989.1684504,mouse_move,,1767,915,
1788199989.176418,mouse_move,,1768,916,
1788199989.1926465,mouse_move,,1771,918,
1788199989.505076,mouse_click,down,1771,918,Button.left
1788199989.6005423,mouse_click,up,1771,918,Button.left
1788199989.6484795,mouse_move,,1770,918,
1788199989.6564949,mouse_move,,1769,918,
1788199989.664451,mouse_move,,1768,916,
1788199989.6804082,mouse_move,,1766,916,
1788199989.6889188,mouse_move,,1765,916,
1788199989.696401,mouse_move,,1762,915,
1788199989.7043893,mouse_move,,1760,915,
1788199989.7124321,mouse_move,,1758,915,
1788199989.7523825,mouse_move,,1757,915,
1788199989.9924326,mouse_move,,1756,915,
1788199990.0324388,mouse_move,,1755,915,
1788199990.0724623,mouse_move,,1753,915,
1788199990.080414,mouse_move,,1742,915,
1788199990.0883582,mouse_move,,1732,915,
1788199990.096404,mouse_move,,1723,915,
1788199990.104406,mouse_move,,1715,915,
1788199990.1124666,mouse_move,,1707,915,
1788199990.1204038,mouse_move,,1699,915,
1788199990.128438,mouse_move,,1690,915,
1788199990.1364505,mouse_move,,1682,915,
1788199990.1444695,mouse_move,,1676,915,
1788199990.1525455,mouse_move,,1672,915,
1788199990.160476,mouse_move,,1667,914,
1788199990.168445,mouse_move,,1662,914,
1788199990.1764154,mouse_move,,1654,914,
1788199990.1844368,mouse_move,,1644,910,
1788199990.192457,mouse_move,,1638,908,
1788199990.2004464,mouse_move,,1629,905,
1788199990.208406,mouse_move,,1623,902,
1788199990.2163992,mouse_move,,1614,900,
1788199990.22443,mouse_move,,1603,898,
1788199990.2324836,mouse_move,,1597,896,
1788199990.2405486,mouse_move,,1588,893,
1788199990.248349,mouse_move,,1578,887,
1788199990.2565043,mouse_move,,1574,887,
1788199990.2644558,mouse_move,,1565,878,
1788199990.2724485,mouse_move,,1560,871,
1788199990.2804356,mouse_move,,1557,867,
1788199990.288455,mouse_move,,1550,858,
1788199990.2963843,mouse_move,,1547,851,
1788199990.3045206,mouse_move,,1541,842,
1788199990.3124795,mouse_move,,1537,833,
1788199990.3204162,mouse_move,,1534,824,
1788199990.328532,mouse_move,,1532,815,
1788199990.3365142,mouse_move,,1530,802,
1788199990.3446045,mouse_move,,1530,793,
1788199990.3524742,mouse_move,,1530,783,
1788199990.3604422,mouse_move,,1530,766,
1788199990.3684213,mouse_move,,1530,753,
1788199990.3763993,mouse_move,,1528,737,
1788199990.3843958,mouse_move,,1528,726,
1788199990.392368,mouse_move,,1524,717,
1788199990.4003751,mouse_move,,1524,711,
1788199990.4083292,mouse_move,,1524,705,
1788199990.4163835,mouse_move,,1524,701,
1788199990.424315,mouse_move,,1525,698,
1788199990.4324036,mouse_move,,1525,695,
1788199990.4643967,mouse_move,,1525,694,
1788199990.5048707,mouse_move,,1526,693,
1788199990.5204775,mouse_move,,1526,692,
1788199990.5365844,mouse_move,,1527,689,
1788199990.5523865,mouse_move,,1530,686,
1788199990.5604725,mouse_move,,1530,685,
1788199990.5684857,mouse_move,,1531,683,
1788199990.6005483,mouse_move,,1531,682,
1788199990.736511,mouse_click,down,1531,682,Button.right
1788199990.8566253,mouse_click,up,1531,682,Button.right
1788199990.8965647,mouse_move,,1532,681,
1788199991.1444585,mouse_move,,1538,681,
1788199991.1605847,mouse_move,,1540,682,
1788199991.1686742,mouse_move,,1543,685,
1788199991.1764524,mouse_move,,1546,687,
1788199991.1845329,mouse_move,,1554,690,
1788199991.1925225,mouse_move,,1563,693,
1788199991.2004101,mouse_move,,1568,695,
1788199991.2084234,mouse_move,,1578,698,
1788199991.2164128,mouse_move,,1585,702,
1788199991.2245347,mouse_move,,1597,706,
1788199991.232527,mouse_move,,1613,712,
1788199991.2405105,mouse_move,,1627,714,
1788199991.248481,mouse_move,,1639,718,
1788199991.2565298,mouse_move,,1648,723,
1788199991.2644212,mouse_move,,1654,725,
1788199991.2725084,mouse_move,,1666,729,
1788199991.2804892,mouse_move,,1680,733,
1788199991.288416,mouse_move,,1688,734,
1788199991.2963696,mouse_move,,1700,740,
1788199991.3043969,mouse_move,,1709,742,
1788199991.312441,mouse_move,,1715,744,
1788199991.3204403,mouse_move,,1719,744,
1788199991.3285565,mouse_move,,1724,747,
1788199991.3364518,mouse_move,,1728,747,
1788199991.3445225,mouse_move,,1731,748,
1788199991.3605225,mouse_move,,1732,748,
1788199991.4726715,mouse_move,,1733,748,
1788199991.4808624,mouse_move,,1733,747,
1788199991.4883645,mouse_move,,1733,746,
1788199991.4963813,mouse_move,,1733,743,
1788199991.5686898,mouse_click,down,1733,743,Button.left
1788199991.6405537,mouse_move,,1733,742,
1788199991.6565013,mouse_move,,1733,741,
1788199991.6645653,mouse_click,up,1733,741,Button.left
1788199991.672416,mouse_move,,1733,740,
1788199991.6803865,mouse_move,,1733,737,
1788199991.7845404,mouse_move,,1733,737,
1788199991.7924335,mouse_move,,1734,741,
1788199991.8005366,mouse_move,,1737,744,
1788199991.808465,mouse_move,,1738,745,
1788199991.8164268,mouse_move,,1740,747,
1788199991.8244746,mouse_move,,1741,748,
1788199991.8405395,mouse_move,,1741,749,
1788199991.8484495,mouse_move,,1741,750,
1788199991.8645506,mouse_move,,1741,752,
1788199991.872459,mouse_move,,1742,753,
1788199991.880588,mouse_move,,1743,755,
1788199991.9124637,mouse_move,,1744,755,
1788199992.0325346,mouse_move,,1745,756,
1788199992.0645933,mouse_move,,1745,756,
1788199992.0724344,mouse_move,,1741,757,
1788199992.0804584,mouse_move,,1737,762,
1788199992.0885851,mouse_move,,1734,763,
1788199992.096941,mouse_move,,1729,764,
1788199992.104639,mouse_move,,1725,769,
1788199992.1125276,mouse_move,,1722,772,
1788199992.12049,mouse_move,,1715,777,
1788199992.1285002,mouse_move,,1713,780,
1788199992.1364315,mouse_move,,1704,785,
1788199992.1444657,mouse_move,,1698,786,
1788199992.1524067,mouse_move,,1688,792,
1788199992.1603916,mouse_move,,1677,796,
1788199992.1683414,mouse_move,,1663,802,
1788199992.176352,mouse_move,,1649,806,
1788199992.1843052,mouse_move,,1632,808,
1788199992.192298,mouse_move,,1620,814,
1788199992.20033,mouse_move,,1604,814,
1788199992.2084296,mouse_move,,1588,818,
1788199992.21636,mouse_move,,1569,822,
1788199992.2246907,mouse_move,,1557,826,
1788199992.2326932,mouse_move,,1543,832,
1788199992.2405455,mouse_move,,1532,834,
1788199992.2484322,mouse_move,,1520,838,
1788199992.2567089,mouse_move,,1509,842,
1788199992.2644837,mouse_move,,1507,842,
1788199992.2723906,mouse_move,,1502,843,
1788199992.2804563,mouse_move,,1499,845,
1788199992.2883885,mouse_move,,1495,845,
1788199992.2964,mouse_move,,1494,846,
1788199992.3044848,mouse_move,,1493,846,
1788199992.3124647,mouse_move,,1490,848,
1788199992.3205273,mouse_move,,1488,850,
1788199992.3366268,mouse_move,,1486,851,
1788199992.384508,mouse_move,,1485,853,
1788199992.3924851,mouse_move,,1482,858,
1788199992.4085457,mouse_move,,1482,862,
1788199992.4165132,mouse_move,,1482,865,
1788199992.424396,mouse_move,,1482,867,
1788199992.4324288,mouse_move,,1482,870,
1788199992.4409437,mouse_move,,1482,871,
1788199992.448452,mouse_move,,1482,875,
1788199992.4644969,mouse_move,,1484,878,
1788199992.4723868,mouse_move,,1485,879,
1788199992.4804666,mouse_move,,1488,883,
1788199992.488495,mouse_move,,1491,885,
1788199992.4964368,mouse_move,,1492,888,
1788199992.504435,mouse_move,,1493,891,
1788199992.5125387,mouse_move,,1494,892,
1788199992.5204525,mouse_move,,1496,893,
1788199992.5364418,mouse_move,,1496,894,
1788199992.5444317,mouse_move,,1497,895,
1788199992.5605674,mouse_move,,1498,897,
1788199992.624529,mouse_move,,1500,898,
1788199992.696433,mouse_move,,1500,898,
1788199992.7291036,mouse_move,,1499,898,
1788199992.7365808,mouse_click,down,1499,898,Button.right
1788199992.7524836,mouse_move,,1497,898,
1788199992.7845614,mouse_move,,1496,897,
1788199992.816654,mouse_move,,1494,895,
1788199992.8886242,mouse_click,up,1494,895,Button.right
1788199992.8964367,mouse_move,,1493,894,
1788199992.9524627,mouse_move,,1493,893,
1788199992.9844174,mouse_move,,1495,891,
1788199993.0485046,mouse_move,,1496,889,
1788199993.088464,mouse_move,,1497,888,
1788199993.1045463,mouse_move,,1498,887,
1788199993.120615,mouse_move,,1502,885,
1788199993.1286116,mouse_move,,1503,883,
1788199993.1364436,mouse_move,,1507,882,
1788199993.1443748,mouse_move,,1512,882,
1788199993.1523488,mouse_move,,1518,881,
1788199993.1603127,mouse_move,,1531,881,
1788199993.1682885,mouse_move,,1545,881,
1788199993.1763322,mouse_move,,1563,881,
1788199993.184385,mouse_move,,1582,881,
1788199993.192304,mouse_move,,1598,881,
1788199993.2002814,mouse_move,,1611,881,
1788199993.208351,mouse_move,,1622,881,
1788199993.2164083,mouse_move,,1630,881,
1788199993.2244937,mouse_move,,1637,883,
1788199993.2323816,mouse_move,,1641,884,
1788199993.2403605,mouse_move,,1646,886,
1788199993.2490094,mouse_move,,1654,889,
1788199993.257162,mouse_move,,1657,892,
1788199993.2643647,mouse_move,,1658,893,
1788199993.2724655,mouse_move,,1661,894,
1788199993.280415,mouse_move,,1662,896,
1788199993.288414,mouse_move,,1663,897,
1788199993.296454,mouse_move,,1664,898,
1788199993.312508,mouse_move,,1667,899,
1788199993.3446307,mouse_move,,1668,900,
1788199993.352477,mouse_move,,1669,901,
1788199993.360531,mouse_move,,1670,903,
1788199993.3684905,mouse_move,,1670,904,
1788199993.3765311,mouse_move,,1670,906,
1788199993.3845227,mouse_move,,1673,911,
1788199993.3924394,mouse_move,,1674,912,
1788199993.4004278,mouse_move,,1674,914,
1788199993.4083786,mouse_move,,1674,915,
1788199993.4164279,mouse_move,,1674,918,
1788199993.424414,mouse_move,,1674,920,
1788199993.4325185,mouse_move,,1674,921,
1788199993.4409187,mouse_move,,1674,923,
1788199993.448309,mouse_move,,1674,924,
1788199993.4564593,mouse_move,,1674,926,
1788199993.4643857,mouse_move,,1674,927,
1788199993.47255,mouse_move,,1674,930,
1788199993.4804096,mouse_move,,1674,932,
1788199993.4885516,mouse_move,,1674,935,
1788199993.5044556,mouse_move,,1673,936,
1788199993.512506,mouse_move,,1671,939,
1788199993.528633,mouse_move,,1671,940,
1788199993.5444257,mouse_move,,1670,941,
1788199993.6805208,mouse_click,down,1670,941,Button.left
1788199993.7687502,mouse_click,up,1670,941,Button.left
1788199993.8086643,mouse_move,,1669,941,
1788199993.816462,mouse_move,,1667,939,
1788199993.8325062,mouse_move,,1665,938,
1788199993.8404965,mouse_move,,1665,936,
1788199993.856389,mouse_move,,1664,935,
1788199993.8643198,mouse_move,,1664,933,
1788199993.8723514,mouse_move,,1664,932,
1788199993.8883798,mouse_move,,1664,930,
1788199993.8963616,mouse_move,,1664,929,
1788199993.9123795,mouse_move,,1664,928,
1788199993.944451,mouse_move,,1664,926,
1788199993.952406,mouse_move,,1664,924,
1788199993.9605632,mouse_move,,1664,923,
1788199993.9684043,mouse_move,,1665,920,
1788199993.9765005,mouse_move,,1667,919,
1788199993.9847596,mouse_move,,1674,916,
1788199993.9924994,mouse_move,,1685,912,
1788199994.000432,mouse_move,,1694,908,
1788199994.0083966,mouse_move,,1703,905,
1788199994.0164933,mouse_move,,1715,901,
1788199994.0243766,mouse_move,,1732,895,
1788199994.0323648,mouse_move,,1746,891,
1788199994.0404055,mouse_move,,1760,887,
1788199994.0485027,mouse_move,,1774,885,
1788199994.0564172,mouse_move,,1787,885,
1788199994.0644155,mouse_move,,1804,881,
1788199994.0724428,mouse_move,,1814,881,
1788199994.0804024,mouse_move,,1825,881,
1788199994.0885382,mouse_move,,1831,881,
1788199994.0964265,mouse_move,,1835,881,
1788199994.1045887,mouse_move,,1837,881,
1788199994.3364086,mouse_move,,1838,879,
1788199994.40843,mouse_move,,1836,877,
1788199994.5204864,mouse_move,,1835,876,
1788199994.6485062,mouse_move,,1834,875,
1788199994.65645,mouse_move,,1834,873,
1788199994.672517,mouse_move,,1834,872,
1788199994.6805341,mouse_move,,1831,870,
1788199994.7444556,mouse_move,,1832,867,
1788199994.7524464,mouse_move,,1833,866,
1788199994.7604055,mouse_move,,1837,865,
1788199994.7684622,mouse_move,,1838,865,
1788199994.7763898,mouse_move,,1839,863,
1788199994.7843761,mouse_move,,1842,862,
1788199994.8004658,mouse_move,,1844,861,
1788199994.8486428,mouse_move,,1844,857,
1788199994.8564825,mouse_move,,1844,849,
1788199994.864337,mouse_move,,1844,840,
1788199994.872563,mouse_move,,1844,827,
1788199994.8803275,mouse_move,,1844,813,
1788199994.888444,mouse_move,,1844,797,
1788199994.896311,mouse_move,,1844,779,
1788199994.9044206,mouse_move,,1841,757,
1788199994.9124234,mouse_move,,1836,730,
1788199994.9204712,mouse_move,,1825,702,
1788199994.9284124,mouse_move,,1814,669,
1788199994.9364152,mouse_move,,1805,640,
1788199994.9443533,mouse_move,,1793,597,
1788199994.9523199,mouse_move,,1777,542,
1788199994.9603863,mouse_move,,1761,488,
1788199994.9684548,mouse_move,,1746,438,
1788199994.9763849,mouse_move,,1737,386,
1788199994.9844418,mouse_move,,1725,342,
1788199994.9923809,mouse_move,,1713,294,
1788199995.0003893,mouse_move,,1710,254,
1788199995.0083013,mouse_move,,1702,212,
1788199995.0164666,mouse_move,,1699,172,
1788199995.0245638,mouse_move,,1687,119,
1788199995.0324197,mouse_move,,1687,80,
1788199995.0404072,mouse_move,,1687,31,
1788199995.0484796,mouse_move,,1687,-7,
1788199995.0564303,mouse_move,,1687,-49,
1788199995.0643673,mouse_move,,1687,-22,
1788199995.0724964,mouse_move,,1687,-26,
1788199995.0805097,mouse_move,,1687,-24,
1788199995.088391,mouse_move,,1687,-21,
1788199995.096306,mouse_move,,1687,-14,
1788199995.1043963,mouse_move,,1685,-16,
1788199995.11243,mouse_move,,1683,-11,
1788199995.1203947,mouse_move,,1677,-12,
1788199995.1283133,mouse_move,,1676,-1,
1788199995.1364121,mouse_move,,1673,-4,
1788199995.1445613,mouse_move,,1666,-5,
1788199995.1524029,mouse_move,,1652,-4,
1788199995.1603696,mouse_move,,1643,-4,
1788199995.1684341,mouse_move,,1635,-1,
1788199995.1763933,mouse_move,,1630,-3,
1788199995.1843963,mouse_move,,1622,-2,
1788199995.192402,mouse_move,,1616,0,
1788199995.200405,mouse_move,,1608,0,
1788199995.2084029,mouse_move,,1602,0,
1788199995.2164266,mouse_move,,1592,0,
1788199995.2244048,mouse_move,,1581,0,
1788199995.2324176,mouse_move,,1567,7,
1788199995.2404385,mouse_move,,1552,18,
1788199995.2483957,mouse_move,,1540,28,
1788199995.2564375,mouse_move,,1520,39,
1788199995.2644787,mouse_move,,1503,48,
1788199995.272418,mouse_move,,1483,58,
1788199995.280429,mouse_move,,1464,65,
1788199995.2884529,mouse_move,,1445,69,
1788199995.2965145,mouse_move,,1426,71,
1788199995.304507,mouse_move,,1405,71,
1788199995.3124416,mouse_move,,1383,71,
1788199995.3204546,mouse_move,,1367,71,
1788199995.328422,mouse_move,,1349,71,
1788199995.336503,mouse_move,,1327,71,
1788199995.3444436,mouse_move,,1301,71,
1788199995.3524787,mouse_move,,1280,71,
1788199995.3604155,mouse_move,,1256,71,
1788199995.3684578,mouse_move,,1227,71,
1788199995.3763194,mouse_move,,1198,70,
1788199995.3844223,mouse_move,,1165,70,
1788199995.3924665,mouse_move,,1141,70,
1788199995.4003787,mouse_move,,1115,70,
1788199995.4083464,mouse_move,,1089,70,
1788199995.4164672,mouse_move,,1074,64,
1788199995.4244642,mouse_move,,1058,62,
1788199995.4324567,mouse_move,,1050,62,
1788199995.4405642,mouse_move,,1043,60,
1788199995.4483693,mouse_move,,1041,60,
1788199995.4565525,mouse_move,,1038,57,
1788199995.464455,mouse_move,,1037,56,
1788199995.4804952,mouse_move,,1036,56,
1788199995.496451,mouse_move,,1035,56,
1788199995.5045142,mouse_move,,1034,56,
1788199995.5124602,mouse_move,,1031,56,
1788199995.5285811,mouse_move,,1028,55,
1788199995.5444403,mouse_move,,1028,52,
1788199995.5524077,mouse_move,,1027,51,
1788199995.5683832,mouse_move,,1027,50,
1788199995.5763364,mouse_move,,1027,49,
1788199995.5925186,mouse_move,,1029,45,
1788199995.6004362,mouse_move,,1030,45,
1788199995.6083915,mouse_move,,1035,44,
1788199995.6164925,mouse_move,,1042,42,
1788199995.6244636,mouse_move,,1046,42,
1788199995.6324415,mouse_move,,1054,42,
1788199995.640508,mouse_move,,1070,40,
1788199995.6485176,mouse_move,,1078,40,
1788199995.6564596,mouse_move,,1090,36,
1788199995.6644495,mouse_move,,1101,36,
1788199995.672555,mouse_move,,1115,34,
1788199995.6805298,mouse_move,,1123,33,
1788199995.6887708,mouse_move,,1135,27,
1788199995.6965458,mouse_move,,1138,27,
1788199995.7044692,mouse_move,,1142,25,
1788199995.7124417,mouse_move,,1143,25,
1788199995.7444015,mouse_move,,1144,24,
1788199995.8407032,mouse_click,down,1144,24,Button.left
1788199995.9126003,mouse_click,up,1144,24,Button.left
1788199996.0085588,mouse_move,,1144,24,
1788199996.256436,mouse_move,,1143,24,
1788199996.264437,mouse_move,,1142,24,
1788199996.2805626,mouse_move,,1139,26,
1788199996.2965071,mouse_move,,1138,26,
1788199996.3124816,mouse_move,,1137,26,
1788199996.3445716,mouse_move,,1136,26,
1788199996.3524632,mouse_move,,1135,27,
1788199996.3605347,mouse_move,,1134,28,
1788199996.3685002,mouse_move,,1131,29,
1788199996.376449,mouse_move,,1131,30,
1788199996.3845255,mouse_move,,1130,33,
1788199996.40046,mouse_move,,1127,39,
1788199996.4084306,mouse_move,,1127,40,
1788199996.4164882,mouse_move,,1124,48,
1788199996.4244869,mouse_move,,1120,57,
1788199996.4324625,mouse_move,,1118,65,
1788199996.4404457,mouse_move,,1115,74,
1788199996.448421,mouse_move,,1111,86,
1788199996.4565082,mouse_move,,1109,105,
1788199996.464441,mouse_move,,1105,121,
1788199996.472392,mouse_move,,1105,145,
1788199996.4804392,mouse_move,,1102,167,
1788199996.4884336,mouse_move,,1102,193,
1788199996.4964604,mouse_move,,1102,222,
1788199996.5048244,mouse_move,,1102,255,
1788199996.5125499,mouse_move,,1102,298,
1788199996.5205264,mouse_move,,1100,338,
1788199996.5284522,mouse_move,,1100,387,
1788199996.536833,mouse_move,,1100,447,
1788199996.5445638,mouse_move,,1100,491,
1788199996.5524461,mouse_move,,1105,548,
1788199996.5604296,mouse_move,,1111,589,
1788199996.568462,mouse_move,,1119,626,
1788199996.5764937,mouse_move,,1121,655,
1788199996.5844636,mouse_move,,1131,694,
1788199996.5924196,mouse_move,,1139,731,
1788199996.600421,mouse_move,,1149,764,
1788199996.608448,mouse_move,,1158,789,
1788199996.6164494,mouse_move,,1167,813,
1788199996.624463,mouse_move,,1174,835,
1788199996.6324127,mouse_move,,1185,858,
1788199996.6404314,mouse_move,,1196,880,
1788199996.6484058,mouse_move,,1207,902,
1788199996.6564226,mouse_move,,1221,924,
1788199996.6646602,mouse_move,,1236,947,
1788199996.6724186,mouse_move,,1249,967,
1788199996.6804175,mouse_move,,1262,981,
1788199996.6884193,mouse_move,,1280,1002,
1788199996.6964774,mouse_move,,1293,1014,
1788199996.7044334,mouse_move,,1308,1032,
1788199996.7124493,mouse_move,,1323,1044,
1788199996.7204168,mouse_move,,1338,1057,
1788199996.72846,mouse_move,,1352,1065,
1788199996.7365875,mouse_move,,1367,1076,
1788199996.7447944,mouse_move,,1382,1086,
1788199996.7523887,mouse_move,,1394,1097,
1788199996.7604613,mouse_move,,1411,1107,
1788199996.7684355,mouse_move,,1423,1115,
1788199996.776447,mouse_move,,1437,1124,
1788199996.7844374,mouse_move,,1447,1131,
1788199996.7925205,mouse_move,,1454,1136,
1788199996.8004227,mouse_move,,1463,1142,
1788199996.8083854,mouse_move,,1466,1145,
1788199996.8163443,mouse_move,,1467,1146,
1788199996.824436,mouse_move,,1470,1149,
1788199996.8404434,mouse_move,,1470,1150,
1788199996.8484282,mouse_move,,1471,1151,
1788199996.8565824,mouse_move,,1471,1152,
1788199996.8644636,mouse_move,,1471,1154,
1788199996.8724067,mouse_move,,1471,1157,
1788199996.880438,mouse_move,,1471,1161,
1788199996.888472,mouse_move,,1471,1162,
1788199996.896511,mouse_move,,1471,1164,
1788199996.9044,mouse_move,,1470,1165,
1788199996.912423,mouse_move,,1467,1169,
1788199996.9204197,mouse_move,,1466,1170,
1788199996.9288452,mouse_move,,1464,1171,
1788199996.9363847,mouse_move,,1459,1173,
1788199996.9444036,mouse_move,,1458,1173,
1788199996.9524636,mouse_move,,1457,1173,
1788199996.9604177,mouse_move,,1453,1175,
1788199996.968425,mouse_move,,1452,1175,
1788199996.9765916,mouse_move,,1451,1175,
1788199996.984667,mouse_move,,1449,1175,
1788199996.9924426,mouse_move,,1447,1175,
1788199997.0004206,mouse_move,,1446,1175,
1788199997.0164146,mouse_move,,1445,1175,
1788199997.3524199,mouse_move,,1444,1175,
1788199997.4244416,mouse_move,,1444,1174,
1788199997.4323864,mouse_move,,1444,1171,
1788199997.872452,mouse_move,,1443,1170,
1788199998.0169504,mouse_move,,1441,1170,
1788199998.0324454,mouse_move,,1440,1170,
1788199998.136882,mouse_click,down,1440,1170,Button.left
1788199998.2327743,mouse_click,up,1440,1170,Button.left
1788199998.5523987,mouse_move,,1438,1168,
1788199998.5603433,mouse_move,,1428,1151,
1788199998.5684984,mouse_move,,1417,1131,
1788199998.5764253,mouse_move,,1408,1109,
1788199998.584364,mouse_move,,1399,1084,
1788199998.592345,mouse_move,,1392,1053,
1788199998.600368,mouse_move,,1381,1010,
1788199998.608356,mouse_move,,1365,961,
1788199998.6163433,mouse_move,,1353,907,
1788199998.6244404,mouse_move,,1336,842,
1788199998.632427,mouse_move,,1317,762,
1788199998.6404421,mouse_move,,1300,692,
1788199998.6483665,mouse_move,,1293,625,
1788199998.656374,mouse_move,,1284,577,
1788199998.664371,mouse_move,,1279,536,
1788199998.6723082,mouse_move,,1267,488,
1788199998.6803415,mouse_move,,1264,459,
1788199998.6883688,mouse_move,,1260,429,
1788199998.6963563,mouse_move,,1260,402,
1788199998.7043533,mouse_move,,1260,378,
1788199998.7124045,mouse_move,,1260,360,
1788199998.7203302,mouse_move,,1260,346,
1788199998.728491,mouse_move,,1261,333,
1788199998.7364461,mouse_move,,1265,319,
1788199998.744498,mouse_move,,1269,307,
1788199998.7524707,mouse_move,,1273,295,
1788199998.7604373,mouse_move,,1274,287,
1788199998.7683895,mouse_move,,1280,277,
1788199998.776533,mouse_move,,1284,266,
1788199998.7844713,mouse_move,,1284,258,
1788199998.792379,mouse_move,,1290,246,
1788199998.800432,mouse_move,,1291,235,
1788199998.8084614,mouse_move,,1293,226,
1788199998.8164713,mouse_move,,1297,217,
1788199998.8246164,mouse_move,,1297,206,
1788199998.832559,mouse_move,,1299,195,
1788199998.8404768,mouse_move,,1301,184,
1788199998.848373,mouse_move,,1301,175,
1788199998.8564138,mouse_move,,1301,167,
1788199998.864471,mouse_move,,1303,153,
1788199998.8724387,mouse_move,,1303,143,
1788199998.880396,mouse_move,,1306,133,
1788199998.8884,mouse_move,,1306,123,
1788199998.8963702,mouse_move,,1306,114,
1788199998.9043741,mouse_move,,1306,108,
1788199998.9123635,mouse_move,,1306,98,
1788199998.9204,mouse_move,,1308,90,
1788199998.9283333,mouse_move,,1308,84,
1788199998.9364464,mouse_move,,1309,77,
1788199998.9443974,mouse_move,,1309,73,
1788199998.9524214,mouse_move,,1309,69,
1788199998.9604402,mouse_move,,1309,63,
1788199998.9685392,mouse_move,,1309,60,
1788199998.976462,mouse_move,,1309,56,
1788199998.9844434,mouse_move,,1311,52,
1788199998.9924426,mouse_move,,1311,47,
1788199999.0004284,mouse_move,,1314,43,
1788199999.0083718,mouse_move,,1314,40,
1788199999.0164337,mouse_move,,1314,38,
1788199999.0244117,mouse_move,,1314,35,
1788199999.0324526,mouse_move,,1315,31,
1788199999.0485497,mouse_move,,1315,28,
1788199999.0644054,mouse_move,,1315,27,
1788199999.0964513,mouse_move,,1315,26,
1788199999.1287258,mouse_move,,1316,25,
1788199999.168563,mouse_move,,1319,25,
1788199999.1764205,mouse_move,,1322,24,
1788199999.1927044,mouse_move,,1323,24,
1788199999.200375,mouse_move,,1325,24,
1788199999.2086544,mouse_move,,1326,24,
1788199999.2163696,mouse_move,,1329,22,
1788199999.2250233,mouse_move,,1330,21,
1788199999.2403982,mouse_move,,1332,21,
1788199999.2483675,mouse_move,,1334,21,
1788199999.256474,mouse_move,,1337,21,
1788199999.2644448,mouse_move,,1339,21,
1788199999.2723494,mouse_move,,1341,20,
1788199999.2803895,mouse_move,,1344,20,
1788199999.2882998,mouse_move,,1345,20,
1788199999.3043659,mouse_move,,1347,20,
1788199999.3364017,mouse_move,,1350,20,
1788199999.5205057,mouse_click,down,1350,20,Button.left
1788199999.6005673,mouse_click,up,1350,20,Button.left
1788199999.6484344,mouse_move,,1351,20,
1788199999.704687,mouse_move,,1352,20,
1788199999.73639,mouse_move,,1355,21,
1788199999.7448075,mouse_move,,1358,32,
1788199999.7523658,mouse_move,,1358,36,
1788199999.7608197,mouse_move,,1360,42,
1788199999.7684054,mouse_move,,1362,56,
1788199999.776347,mouse_move,,1362,67,
1788199999.7843862,mouse_move,,1364,83,
1788199999.7924984,mouse_move,,1368,100,
1788199999.8003936,mouse_move,,1370,119,
1788199999.8083704,mouse_move,,1372,138,
1788199999.8164136,mouse_move,,1374,162,
1788199999.824437,mouse_move,,1374,188,
1788199999.832393,mouse_move,,1374,215,
1788199999.8403597,mouse_move,,1379,242,
1788199999.8485725,mouse_move,,1379,274,
1788199999.8563888,mouse_move,,1379,307,
1788199999.8643875,mouse_move,,1379,351,
1788199999.8724627,mouse_move,,1379,394,
1788199999.8804996,mouse_move,,1379,443,
1788199999.888409,mouse_move,,1379,487,
1788199999.8963506,mouse_move,,1379,531,
1788199999.904514,mouse_move,,1379,575,
1788199999.9124484,mouse_move,,1379,608,
1788199999.920428,mouse_move,,1379,637,
1788199999.9283874,mouse_move,,1375,664,
1788199999.9365253,mouse_move,,1373,693,
1788199999.944437,mouse_move,,1368,717,
1788199999.9523635,mouse_move,,1366,741,
1788199999.9604633,mouse_move,,1366,762,
1788199999.9684606,mouse_move,,1364,784,
1788199999.9764817,mouse_move,,1364,803,
1788199999.9843707,mouse_move,,1364,819,
1788199999.9924276,mouse_move,,1364,829,
1788200000.0005357,mouse_move,,1364,835,
1788200000.008407,mouse_move,,1364,843,
1788200000.0164263,mouse_move,,1365,848,
1788200000.0245016,mouse_move,,1368,852,
1788200000.0323822,mouse_move,,1368,855,
1788200000.040533,mouse_move,,1368,859,
1788200000.048447,mouse_move,,1368,865,
1788200000.0565023,mouse_move,,1369,868,
1788200000.0643444,mouse_move,,1370,872,
1788200000.072395,mouse_move,,1370,875,
1788200000.0804038,mouse_move,,1373,879,
1788200000.0884132,mouse_move,,1375,882,
1788200000.0963311,mouse_move,,1376,890,
1788200000.1044686,mouse_move,,1378,896,
1788200000.1124532,mouse_move,,1382,908,
1788200000.120413,mouse_move,,1383,914,
1788200000.128421,mouse_move,,1385,923,
1788200000.1364598,mouse_move,,1387,931,
1788200000.144382,mouse_move,,1390,938,
1788200000.1523175,mouse_move,,1390,949,
1788200000.160396,mouse_move,,1390,957,
1788200000.168381,mouse_move,,1390,968,
1788200000.1764538,mouse_move,,1390,979,
1788200000.1843758,mouse_move,,1390,985,
1788200000.1924713,mouse_move,,1390,995,
1788200000.2005467,mouse_move,,1390,1001,
1788200000.2083914,mouse_move,,1390,1011,
1788200000.216428,mouse_move,,1390,1019,
1788200000.2243469,mouse_move,,1390,1028,
1788200000.2324078,mouse_move,,1389,1036,
1788200000.2403808,mouse_move,,1387,1050,
1788200000.2484815,mouse_move,,1387,1054,
1788200000.2564454,mouse_move,,1387,1062,
1788200000.2643795,mouse_move,,1382,1074,
1788200000.2723844,mouse_move,,1380,1078,
1788200000.2804139,mouse_move,,1378,1087,
1788200000.288558,mouse_move,,1378,1095,
1788200000.2963586,mouse_move,,1377,1104,
1788200000.3044498,mouse_move,,1377,1114,
1788200000.3123677,mouse_move,,1377,1125,
1788200000.3203962,mouse_move,,1377,1136,
1788200000.3284972,mouse_move,,1377,1142,
1788200000.3364496,mouse_move,,1377,1148,
1788200000.3444874,mouse_move,,1377,1152,
1788200000.3523345,mouse_move,,1377,1155,
1788200000.3603942,mouse_move,,1377,1161,
1788200000.368397,mouse_move,,1377,1162,
1788200000.3845122,mouse_move,,1377,1164,
1788200000.5524735,mouse_move,,1377,1166,
1788200000.6405897,mouse_click,down,1377,1166,Button.left
1788200000.744659,mouse_click,up,1377,1166,Button.left
1788200000.776469,mouse_move,,1377,1165,
1788200000.7844577,mouse_move,,1377,1162,
1788200000.792555,mouse_move,,1377,1161,
1788200000.8004894,mouse_move,,1377,1158,
1788200000.8083985,mouse_move,,1377,1155,
1788200000.8164053,mouse_move,,1380,1153,
1788200000.8243804,mouse_move,,1380,1151,
1788200000.8323863,mouse_move,,1380,1146,
1788200000.840318,mouse_move,,1380,1140,
1788200000.8484385,mouse_move,,1380,1138,
1788200000.8563588,mouse_move,,1380,1130,
1788200000.8643734,mouse_move,,1382,1121,
1788200000.8724322,mouse_move,,1382,1110,
1788200000.8804233,mouse_move,,1382,1094,
1788200000.8884084,mouse_move,,1382,1075,
1788200000.8963103,mouse_move,,1382,1057,
1788200000.9044418,mouse_move,,1382,1033,
1788200000.912442,mouse_move,,1382,1006,
1788200000.9203885,mouse_move,,1382,977,
1788200000.9284503,mouse_move,,1384,951,
1788200000.936444,mouse_move,,1391,912,
1788200000.9444435,mouse_move,,1391,879,
1788200000.9523249,mouse_move,,1391,819,
1788200000.9603803,mouse_move,,1395,743,
1788200000.9684854,mouse_move,,1398,676,
1788200000.9764338,mouse_move,,1402,605,
1788200000.984464,mouse_move,,1412,536,
1788200000.9923925,mouse_move,,1418,480,
1788200001.000442,mouse_move,,1427,432,
1788200001.0084243,mouse_move,,1433,386,
1788200001.016461,mouse_move,,1442,339,
1788200001.024424,mouse_move,,1447,293,
1788200001.03242,mouse_move,,1453,257,
1788200001.0403862,mouse_move,,1457,230,
1788200001.0484567,mouse_move,,1462,203,
1788200001.0564263,mouse_move,,1471,175,
1788200001.064339,mouse_move,,1480,151,
1788200001.0723813,mouse_move,,1489,126,
1788200001.0804572,mouse_move,,1498,99,
1788200001.0884147,mouse_move,,1511,79,
1788200001.0964417,mouse_move,,1522,59,
1788200001.104463,mouse_move,,1528,47,
1788200001.1124642,mouse_move,,1534,35,
1788200001.12048,mouse_move,,1542,23,
1788200001.1285052,mouse_move,,1545,21,
1788200001.1363945,mouse_move,,1550,12,
1788200001.1444333,mouse_move,,1551,9,
1788200001.1523542,mouse_move,,1556,5,
1788200001.1604416,mouse_move,,1557,2,
1788200001.1684306,mouse_move,,1557,-1,
1788200001.1764205,mouse_move,,1562,-4,
1788200001.184409,mouse_move,,1565,-3,
1788200001.1924024,mouse_move,,1571,-5,
1788200001.2004542,mouse_move,,1576,-5,
1788200001.2083545,mouse_move,,1582,-3,
1788200001.2164252,mouse_move,,1584,-1,
1788200001.224371,mouse_move,,1588,-6,
1788200001.2323961,mouse_move,,1593,-5,
1788200001.2403193,mouse_move,,1594,-1,
1788200001.248515,mouse_move,,1596,-2,
1788200001.2644045,mouse_move,,1597,-1,
1788200001.472394,mouse_move,,1599,-2,
1788200001.5125265,mouse_click,down,1599,0,Button.left
1788200001.6168983,mouse_click,up,1599,0,Button.left
1788200001.7124155,mouse_move,,1600,3,
1788200001.7203782,mouse_move,,1600,18,
1788200001.7283227,mouse_move,,1600,29,
1788200001.736387,mouse_move,,1600,40,
1788200001.744358,mouse_move,,1600,58,
1788200001.752634,mouse_move,,1600,77,
1788200001.76033,mouse_move,,1600,101,
1788200001.7684772,mouse_move,,1600,122,
1788200001.7763941,mouse_move,,1600,148,
1788200001.7847662,mouse_move,,1596,186,
1788200001.7923734,mouse_move,,1584,229,
1788200001.8003893,mouse_move,,1578,276,
1788200001.808387,mouse_move,,1569,328,
1788200001.816458,mouse_move,,1556,387,
1788200001.82445,mouse_move,,1549,454,
1788200001.8324285,mouse_move,,1539,522,
1788200001.8403444,mouse_move,,1517,603,
1788200001.8483915,mouse_move,,1503,673,
1788200001.856476,mouse_move,,1493,746,
1788200001.864344,mouse_move,,1481,794,
1788200001.8723793,mouse_move,,1472,837,
1788200001.8805175,mouse_move,,1464,879,
1788200001.8883686,mouse_move,,1459,910,
1788200001.8963861,mouse_move,,1457,931,
1788200001.9043725,mouse_move,,1455,952,
1788200001.9123902,mouse_move,,1453,966,
1788200001.920395,mouse_move,,1449,983,
1788200001.9283464,mouse_move,,1447,999,
1788200001.936443,mouse_move,,1445,1015,
1788200001.9444747,mouse_move,,1445,1026,
1788200001.9523988,mouse_move,,1445,1035,
1788200001.9604127,mouse_move,,1445,1041,
1788200001.9683864,mouse_move,,1443,1047,
1788200001.9763737,mouse_move,,1443,1051,
1788200001.9844522,mouse_move,,1440,1055,
1788200001.9924521,mouse_move,,1440,1057,
1788200002.000414,mouse_move,,1440,1060,
1788200002.0083668,mouse_move,,1440,1062,
1788200002.0164342,mouse_move,,1440,1063,
1788200002.0244179,mouse_move,,1439,1065,
1788200002.0324416,mouse_move,,1439,1066,
1788200002.0403981,mouse_move,,1439,1067,
1788200002.048405,mouse_move,,1439,1069,
1788200002.056667,mouse_move,,1439,1071,
1788200002.06436,mouse_move,,1439,1072,
1788200002.0809636,mouse_move,,1439,1073,
1788200002.1444533,mouse_move,,1438,1074,
1788200002.1603916,mouse_move,,1435,1074,
1788200002.1684792,mouse_move,,1434,1074,
1788200002.1843941,mouse_move,,1433,1074,
1788200002.2244592,mouse_move,,1432,1073,
1788200002.2323978,mouse_move,,1428,1078,
1788200002.2404032,mouse_move,,1426,1081,
1788200002.2483342,mouse_move,,1423,1087,
1788200002.25639,mouse_move,,1418,1094,
1788200002.2643597,mouse_move,,1418,1102,
1788200002.272423,mouse_move,,1415,1107,
1788200002.2804334,mouse_move,,1410,1115,
1788200002.2884197,mouse_move,,1406,1122,
1788200002.2963798,mouse_move,,1406,1128,
1788200002.3043377,mouse_move,,1403,1136,
1788200002.312317,mouse_move,,1403,1145,
1788200002.3203893,mouse_move,,1401,1151,
1788200002.328946,mouse_move,,1401,1159,
1788200002.336408,mouse_move,,1401,1163,
1788200002.344432,mouse_move,,1401,1168,
1788200002.3524022,mouse_move,,1401,1170,
1788200002.3603587,mouse_move,,1401,1173,
1788200002.3764148,mouse_move,,1401,1174,
1788200002.5765562,mouse_click,down,1401,1174,Button.left
1788200002.672595,mouse_click,up,1401,1174,Button.left
1788200002.712649,mouse_move,,1401,1174,
1788200002.7207196,mouse_move,,1401,1170,
1788200002.7284114,mouse_move,,1401,1169,
1788200002.7364771,mouse_move,,1401,1166,
1788200002.7443998,mouse_move,,1401,1160,
1788200002.7524073,mouse_move,,1402,1156,
1788200002.7603912,mouse_move,,1402,1153,
1788200002.7683828,mouse_move,,1402,1149,
1788200002.7764652,mouse_move,,1403,1145,
1788200002.7844682,mouse_move,,1403,1139,
1788200002.7924309,mouse_move,,1403,1131,
1788200002.8004007,mouse_move,,1403,1125,
1788200002.808415,mouse_move,,1403,1117,
1788200002.816356,mouse_move,,1403,1109,
1788200002.8244042,mouse_move,,1403,1100,
1788200002.8323736,mouse_move,,1403,1092,
1788200002.840407,mouse_move,,1403,1081,
1788200002.8484032,mouse_move,,1403,1070,
1788200002.8563895,mouse_move,,1403,1054,
1788200002.8644176,mouse_move,,1408,1035,
1788200002.8723757,mouse_move,,1412,1013,
1788200002.880429,mouse_move,,1414,995,
1788200002.8883805,mouse_move,,1416,971,
1788200002.8963635,mouse_move,,1421,946,
1788200002.9043534,mouse_move,,1425,922,
1788200002.9124467,mouse_move,,1427,901,
1788200002.9204214,mouse_move,,1429,877,
1788200002.9284334,mouse_move,,1436,850,
1788200002.936519,mouse_move,,1440,828,
1788200002.9444401,mouse_move,,1450,796,
1788200002.952355,mouse_move,,1452,767,
1788200002.9603608,mouse_move,,1465,731,
1788200002.9684258,mouse_move,,1475,698,
1788200002.9764898,mouse_move,,1490,654,
1788200002.9843385,mouse_move,,1504,614,
1788200002.9923613,mouse_move,,1522,569,
1788200003.0007837,mouse_move,,1544,522,
1788200003.0083542,mouse_move,,1567,466,
1788200003.016437,mouse_move,,1581,432,
1788200003.024423,mouse_move,,1599,386,
1788200003.0324914,mouse_move,,1612,352,
1788200003.0404205,mouse_move,,1632,315,
1788200003.0484357,mouse_move,,1645,281,
1788200003.056528,mouse_move,,1656,256,
1788200003.0643883,mouse_move,,1663,232,
1788200003.0725029,mouse_move,,1674,207,
1788200003.0804255,mouse_move,,1683,187,
1788200003.0884137,mouse_move,,1692,165,
1788200003.096461,mouse_move,,1696,151,
1788200003.1044433,mouse_move,,1704,139,
1788200003.1124878,mouse_move,,1712,127,
1788200003.12044,mouse_move,,1720,113,
1788200003.1284235,mouse_move,,1723,108,
1788200003.136397,mouse_move,,1728,100,
1788200003.1444452,mouse_move,,1731,95,
1788200003.152388,mouse_move,,1736,91,
1788200003.1605055,mouse_move,,1736,88,
1788200003.168874,mouse_move,,1738,85,
1788200003.1764333,mouse_move,,1740,84,
1788200003.184549,mouse_move,,1742,83,
1788200003.1923966,mouse_move,,1745,80,
1788200003.2005005,mouse_move,,1749,78,
1788200003.2083945,mouse_move,,1755,77,
1788200003.216488,mouse_move,,1762,75,
1788200003.22439,mouse_move,,1769,70,
1788200003.2323909,mouse_move,,1775,70,
1788200003.2404375,mouse_move,,1783,68,
1788200003.2484667,mouse_move,,1795,63,
1788200003.2564511,mouse_move,,1803,61,
1788200003.264388,mouse_move,,1817,57,
1788200003.2723212,mouse_move,,1831,53,
1788200003.280367,mouse_move,,1843,49,
1788200003.2885268,mouse_move,,1854,45,
1788200003.2971313,mouse_move,,1861,40,
1788200003.3043816,mouse_move,,1870,36,
1788200003.3125103,mouse_move,,1877,31,
1788200003.3204722,mouse_move,,1880,28,
1788200003.3284767,mouse_move,,1883,25,
1788200003.3364727,mouse_move,,1886,23,
1788200003.3443975,mouse_move,,1889,20,
1788200003.3525164,mouse_move,,1890,19,
1788200003.4004664,mouse_move,,1890,17,
1788200003.440465,mouse_move,,1890,16,
1788200003.4484982,mouse_move,,1889,16,
1788200003.4564686,mouse_move,,1883,16,
1788200003.4644856,mouse_move,,1879,16,
1788200003.472369,mouse_move,,1871,16,
1788200003.4803877,mouse_move,,1867,16,
1788200003.488408,mouse_move,,1859,16,
1788200003.4964278,mouse_move,,1848,16,
1788200003.5046127,mouse_move,,1837,16,
1788200003.5125458,mouse_move,,1829,16,
1788200003.520408,mouse_move,,1825,16,
1788200003.5284364,mouse_move,,1819,16,
1788200003.5364168,mouse_move,,1814,16,
1788200003.5444026,mouse_move,,1812,16,
1788200003.552424,mouse_move,,1811,16,
1788200003.5604517,mouse_move,,1808,16,
1788200003.5684311,mouse_move,,1807,15,
1788200003.5764608,mouse_move,,1806,14,
1788200003.5845637,mouse_move,,1805,13,
1788200003.6004357,mouse_move,,1804,12,
1788200003.6484456,mouse_move,,1803,11,
1788200003.6564627,mouse_move,,1801,9,
1788200003.7524917,mouse_click,down,1801,9,Button.left
1788200003.8245974,mouse_click,up,1801,9,Button.left
1788200003.9685023,mouse_move,,1800,14,
1788200003.9763908,mouse_move,,1800,20,
1788200003.9844153,mouse_move,,1798,28,
1788200003.9924507,mouse_move,,1798,39,
1788200004.0004501,mouse_move,,1792,58,
1788200004.0083492,mouse_move,,1792,74,
1788200004.0163898,mouse_move,,1788,99,
1788200004.0244322,mouse_move,,1785,125,
1788200004.0324259,mouse_move,,1781,152,
1788200004.0404255,mouse_move,,1776,182,
1788200004.0484328,mouse_move,,1774,216,
1788200004.0564444,mouse_move,,1765,264,
1788200004.0643942,mouse_move,,1759,310,
1788200004.0724397,mouse_move,,1750,363,
1788200004.0805328,mouse_move,,1733,422,
1788200004.0888267,mouse_move,,1727,479,
1788200004.096357,mouse_move,,1709,554,
1788200004.1044438,mouse_move,,1693,614,
1788200004.1125045,mouse_move,,1668,680,
1788200004.1204882,mouse_move,,1656,729,
1788200004.1284661,mouse_move,,1636,784,
1788200004.136387,mouse_move,,1621,834,
1788200004.1444423,mouse_move,,1613,871,
1788200004.152385,mouse_move,,1604,899,
1788200004.160418,mouse_move,,1594,927,
1788200004.1684246,mouse_move,,1590,946,
1788200004.1764247,mouse_move,,1583,966,
1788200004.1843765,mouse_move,,1579,982,
1788200004.192479,mouse_move,,1575,996,
1788200004.2004426,mouse_move,,1573,1007,
1788200004.2083945,mouse_move,,1570,1017,
1788200004.216405,mouse_move,,1568,1025,
1788200004.2245183,mouse_move,,1565,1030,
1788200004.2328036,mouse_move,,1563,1038,
1788200004.2403648,mouse_move,,1562,1044,
1788200004.2483885,mouse_move,,1559,1051,
1788200004.256437,mouse_move,,1557,1053,
1788200004.2643409,mouse_move,,1554,1058,
1788200004.272312,mouse_move,,1551,1062,
1788200004.2803357,mouse_move,,1548,1067,
1788200004.2963266,mouse_move,,1545,1070,
1788200004.3043258,mouse_move,,1544,1071,
1788200004.32041,mouse_move,,1542,1072,
1788200004.3284175,mouse_move,,1541,1073,
1788200004.336434,mouse_move,,1539,1073,
1788200004.344445,mouse_move,,1537,1075,
1788200004.352313,mouse_move,,1536,1075,
1788200004.3603342,mouse_move,,1532,1075,
1788200004.3684974,mouse_move,,1526,1075,
1788200004.376404,mouse_move,,1523,1075,
1788200004.3844411,mouse_move,,1517,1075,
1788200004.392402,mouse_move,,1515,1076,
1788200004.4003694,mouse_move,,1510,1076,
1788200004.408338,mouse_move,,1504,1081,
1788200004.4162805,mouse_move,,1499,1084,
1788200004.4244373,mouse_move,,1491,1089,
1788200004.4324193,mouse_move,,1488,1092,
1788200004.4403956,mouse_move,,1483,1095,
1788200004.4484935,mouse_move,,1477,1102,
1788200004.4566066,mouse_move,,1467,1109,
1788200004.4643774,mouse_move,,1462,1114,
1788200004.472439,mouse_move,,1458,1117,
1788200004.4804282,mouse_move,,1453,1123,
1788200004.4883869,mouse_move,,1450,1130,
1788200004.4964027,mouse_move,,1445,1135,
1788200004.5043242,mouse_move,,1442,1139,
1788200004.5124257,mouse_move,,1437,1148,
1788200004.5203724,mouse_move,,1434,1151,
1788200004.5284553,mouse_move,,1433,1153,
1788200004.5364342,mouse_move,,1430,1156,
1788200004.5444689,mouse_move,,1429,1159,
1788200004.552323,mouse_move,,1429,1160,
1788200004.5604599,mouse_move,,1427,1161,
1788200004.568488,mouse_move,,1427,1162,
1788200004.5844715,mouse_move,,1427,1166,
1788200004.5924351,mouse_move,,1427,1167,
1788200004.600405,mouse_move,,1427,1169,
1788200004.6083558,mouse_move,,1427,1171,
1788200004.6166127,mouse_move,,1427,1173,
1788200004.624474,mouse_move,,1426,1175,
1788200004.6323652,mouse_move,,1426,1177,
1788200004.7132032,mouse_move,,1425,1178,
1788200004.728691,mouse_move,,1424,1178,
1788200004.7846308,mouse_move,,1423,1178,
1788200004.8247404,mouse_click,down,1423,1178,Button.left
1788200004.8404334,mouse_move,,1422,1177,
1788200004.9127026,mouse_click,up,1422,1177,Button.left
1788200004.9203815,mouse_move,,1422,1174,
1788200004.9364984,mouse_move,,1422,1173,
1788200004.9524593,mouse_move,,1422,1172,
1788200004.9684412,mouse_move,,1422,1171,
1788200004.976395,mouse_move,,1422,1169,
1788200004.9844205,mouse_move,,1421,1168,
1788200005.1285834,mouse_move,,1419,1166,
1788200005.1844795,mouse_move,,1418,1166,
1788200005.2004018,mouse_move,,1416,1167,
1788200005.232426,mouse_move,,1415,1168,
1788200005.2483952,mouse_move,,1415,1169,
1788200005.2563949,mouse_move,,1413,1170,
1788200005.2644088,mouse_move,,1412,1171,
1788200005.400457,mouse_move,,1414,1165,
1788200005.4084938,mouse_move,,1416,1151,
1788200005.4164312,mouse_move,,1425,1134,
1788200005.4244828,mouse_move,,1425,1118,
1788200005.4324923,mouse_move,,1431,1099,
1788200005.4404743,mouse_move,,1433,1082,
1788200005.448447,mouse_move,,1435,1061,
1788200005.4564192,mouse_move,,1438,1039,
1788200005.4643996,mouse_move,,1442,1020,
1788200005.4723525,mouse_move,,1446,996,
1788200005.4804018,mouse_move,,1455,974,
1788200005.4883957,mouse_move,,1459,947,
1788200005.4965045,mouse_move,,1464,913,
1788200005.5044978,mouse_move,,1473,871,
1788200005.5124197,mouse_move,,1482,824,
1788200005.5204797,mouse_move,,1494,775,
1788200005.5284207,mouse_move,,1502,738,
1788200005.5365033,mouse_move,,1516,699,
1788200005.5445614,mouse_move,,1527,655,
1788200005.5524201,mouse_move,,1542,611,
1788200005.560493,mouse_move,,1550,579,
1788200005.568455,mouse_move,,1563,545,
1788200005.5764086,mouse_move,,1574,520,
1788200005.5844119,mouse_move,,1583,495,
1788200005.5923533,mouse_move,,1592,473,
1788200005.6004004,mouse_move,,1603,451,
1788200005.6084213,mouse_move,,1612,431,
1788200005.6164818,mouse_move,,1625,412,
1788200005.6244428,mouse_move,,1633,395,
1788200005.632501,mouse_move,,1644,375,
1788200005.6406436,mouse_move,,1663,352,
1788200005.648494,mouse_move,,1671,335,
1788200005.6564772,mouse_move,,1682,315,
1788200005.6644993,mouse_move,,1695,303,
1788200005.672432,mouse_move,,1703,288,
1788200005.6808963,mouse_move,,1713,274,
1788200005.6884036,mouse_move,,1721,264,
1788200005.696422,mouse_move,,1729,252,
1788200005.7044542,mouse_move,,1732,245,
1788200005.712466,mouse_move,,1735,242,
1788200005.720814,mouse_move,,1738,236,
1788200005.7287338,mouse_move,,1738,234,
1788200005.7364986,mouse_move,,1741,231,
1788200005.744409,mouse_move,,1743,228,
1788200005.7525938,mouse_move,,1744,225,
1788200005.7604206,mouse_move,,1745,224,
1788200005.7684717,mouse_move,,1746,219,
1788200005.7764342,mouse_move,,1748,218,
1788200005.7844877,mouse_move,,1749,214,
1788200005.7924235,mouse_move,,1749,213,
1788200005.8003902,mouse_move,,1750,211,
1788200005.8083718,mouse_move,,1750,209,
1788200005.8163905,mouse_move,,1750,208,
1788200005.8245358,mouse_move,,1751,207,
1788200005.840477,mouse_move,,1751,206,
1788200005.920478,mouse_move,,1751,202,
1788200005.9285767,mouse_move,,1751,201,
1788200005.9364276,mouse_move,,1751,199,
1788200005.9445243,mouse_move,,1751,197,
1788200005.9524312,mouse_move,,1751,194,
1788200005.9604597,mouse_move,,1751,192,
1788200005.9685166,mouse_move,,1751,189,
1788200005.9767692,mouse_move,,1751,181,
1788200005.9846828,mouse_move,,1751,173,
1788200005.9925163,mouse_move,,1750,162,
1788200006.0005486,mouse_move,,1750,154,
1788200006.0084174,mouse_move,,1750,143,
1788200006.0164497,mouse_move,,1746,129,
1788200006.0244741,mouse_move,,1745,120,
1788200006.0324385,mouse_move,,1743,109,
1788200006.040502,mouse_move,,1739,97,
1788200006.0485597,mouse_move,,1736,91,
1788200006.0565512,mouse_move,,1730,81,
1788200006.064444,mouse_move,,1727,79,
1788200006.0724754,mouse_move,,1724,72,
1788200006.0804758,mouse_move,,1719,65,
1788200006.0884247,mouse_move,,1718,64,
1788200006.0964122,mouse_move,,1713,58,
1788200006.1045172,mouse_move,,1712,56,
1788200006.1125329,mouse_move,,1711,54,
1788200006.1204247,mouse_move,,1710,53,
1788200006.1284983,mouse_move,,1708,52,
1788200006.1364315,mouse_move,,1706,51,
1788200006.1444304,mouse_move,,1705,51,
1788200006.1524224,mouse_move,,1702,51,
1788200006.160465,mouse_move,,1701,50,
1788200006.1764736,mouse_move,,1700,50,
1788200006.1844962,mouse_move,,1699,49,
1788200006.2166548,mouse_move,,1695,47,
1788200006.2244575,mouse_move,,1694,46,
1788200006.2564547,mouse_move,,1693,45,
1788200006.2644186,mouse_move,,1692,44,
1788200006.2804832,mouse_move,,1689,41,
1788200006.2884295,mouse_move,,1689,40,
1788200006.3607244,mouse_click,down,1689,40,Button.left
1788200006.4487202,mouse_click,up,1689,40,Button.left
1788200006.5124807,mouse_move,,1691,40,
1788200006.528511,mouse_move,,1695,40,
1788200006.5364306,mouse_move,,1696,40,
1788200006.5445406,mouse_move,,1700,40,
1788200006.5524094,mouse_move,,1703,42,
1788200006.5685203,mouse_move,,1704,42,
1788200006.584758,mouse_move,,1706,42,
1788200006.6006577,mouse_move,,1707,42,
1788200006.6564918,mouse_move,,1710,42,
1788200006.6885326,mouse_move,,1712,42,
1788200006.7844932,mouse_move,,1713,42,
1788200006.7924545,mouse_move,,1716,40,
1788200006.8644059,mouse_move,,1717,39,
1788200006.8965912,mouse_click,down,1717,39,Button.left
1788200006.9926963,mouse_click,up,1717,39,Button.left
1788200007.0084317,mouse_move,,1717,38,
1788200007.016409,mouse_move,,1715,38,
1788200007.0245044,mouse_move,,1712,37,
1788200007.0324378,mouse_move,,1708,37,
1788200007.0405834,mouse_move,,1701,33,
1788200007.0490448,mouse_move,,1697,32,
1788200007.0564713,mouse_move,,1691,32,
1788200007.0644603,mouse_move,,1683,30,
1788200007.0724232,mouse_move,,1672,30,
1788200007.080384,mouse_move,,1658,30,
1788200007.088414,mouse_move,,1645,30,
1788200007.0964155,mouse_move,,1629,30,
1788200007.104395,mouse_move,,1615,30,
1788200007.1123962,mouse_move,,1604,30,
1788200007.1204422,mouse_move,,1591,30,
1788200007.1285517,mouse_move,,1580,30,
1788200007.136468,mouse_move,,1572,30,
1788200007.1444285,mouse_move,,1564,30,
1788200007.152401,mouse_move,,1555,30,
1788200007.160405,mouse_move,,1549,30,
1788200007.1684074,mouse_move,,1545,30,
1788200007.176556,mouse_move,,1543,30,
1788200007.1845002,mouse_move,,1540,30,
1788200007.1924996,mouse_move,,1539,30,
1788200007.2004228,mouse_move,,1536,30,
1788200007.2089775,mouse_move,,1535,30,
1788200007.2164304,mouse_move,,1534,30,
1788200007.224458,mouse_move,,1533,30,
1788200007.2324243,mouse_move,,1531,30,
1788200007.24047,mouse_move,,1528,30,
1788200007.2484996,mouse_move,,1522,30,
1788200007.2563927,mouse_move,,1516,30,
1788200007.2644415,mouse_move,,1512,30,
1788200007.272495,mouse_move,,1504,30,
1788200007.2805057,mouse_move,,1496,30,
1788200007.2885203,mouse_move,,1485,30,
1788200007.2966943,mouse_move,,1477,30,
1788200007.304503,mouse_move,,1466,30,
1788200007.3124065,mouse_move,,1457,30,
1788200007.3204253,mouse_move,,1453,30,
1788200007.3284194,mouse_move,,1447,30,
1788200007.3364952,mouse_move,,1441,30,
1788200007.3444657,mouse_move,,1439,30,
1788200007.352349,mouse_move,,1433,30,
1788200007.3609338,mouse_move,,1428,30,
1788200007.3684058,mouse_move,,1426,30,
1788200007.3764548,mouse_move,,1420,30,
1788200007.3846238,mouse_move,,1417,30,
1788200007.3924434,mouse_move,,1413,30,
1788200007.4004319,mouse_move,,1412,30,
1788200007.4084475,mouse_move,,1408,30,
1788200007.4163888,mouse_move,,1405,29,
1788200007.4324145,mouse_move,,1404,29,
1788200007.4484377,mouse_move,,1402,29,
1788200007.4565268,mouse_move,,1401,29,
1788200007.464423,mouse_move,,1399,29,
1788200007.4963934,mouse_move,,1398,28,
1788200007.5845726,mouse_click,down,1398,28,Button.left
1788200007.6646338,mouse_click,up,1398,28,Button.left
1788200007.7125309,mouse_move,,1400,28,
1788200007.7204416,mouse_move,,1404,30,
1788200007.7285504,mouse_move,,1410,31,
1788200007.736427,mouse_move,,1413,32,
1788200007.7443993,mouse_move,,1416,34,
1788200007.7524133,mouse_move,,1424,35,
1788200007.7604656,mouse_move,,1425,35,
1788200007.7685227,mouse_move,,1429,37,
1788200007.776505,mouse_move,,1432,37,
1788200007.784448,mouse_move,,1438,40,
1788200007.8004484,mouse_move,,1442,40,
1788200008.032597,mouse_click,down,1442,40,Button.left
1788200008.1290126,mouse_click,up,1442,40,Button.left
1788200008.1444616,mouse_move,,1439,40,
1788200008.152454,mouse_move,,1436,40,
1788200008.160457,mouse_move,,1430,38,
1788200008.1685035,mouse_move,,1424,38,
1788200008.1764312,mouse_move,,1416,36,
1788200008.1844738,mouse_move,,1402,36,
1788200008.1925545,mouse_move,,1389,36,
1788200008.2004344,mouse_move,,1372,32,
1788200008.2084448,mouse_move,,1356,32,
1788200008.2165449,mouse_move,,1340,32,
1788200008.22454,mouse_move,,1324,32,
1788200008.2324405,mouse_move,,1308,32,
1788200008.2404504,mouse_move,,1292,32,
1788200008.2484326,mouse_move,,1276,32,
1788200008.2564754,mouse_move,,1263,32,
1788200008.264373,mouse_move,,1252,32,
1788200008.272473,mouse_move,,1244,32,
1788200008.2804925,mouse_move,,1235,32,
1788200008.2883794,mouse_move,,1227,32,
1788200008.296442,mouse_move,,1223,32,
1788200008.3044276,mouse_move,,1220,32,
1788200008.3124855,mouse_move,,1214,32,
1788200008.3204184,mouse_move,,1213,32,
1788200008.3285828,mouse_move,,1209,32,
1788200008.3365066,mouse_move,,1207,32,
1788200008.344449,mouse_move,,1202,32,
1788200008.352375,mouse_move,,1196,32,
1788200008.3604362,mouse_move,,1192,32,
1788200008.3684394,mouse_move,,1184,32,
1788200008.3764734,mouse_move,,1178,32,
1788200008.384481,mouse_move,,1170,32,
1788200008.3924823,mouse_move,,1162,32,
1788200008.4004886,mouse_move,,1156,32,
1788200008.4084525,mouse_move,,1150,32,
1788200008.4164374,mouse_move,,1147,32,
1788200008.4244242,mouse_move,,1143,32,
1788200008.4324255,mouse_move,,1142,32,
1788200008.4404356,mouse_move,,1141,31,
1788200008.448438,mouse_move,,1140,31,
1788200008.4564571,mouse_move,,1137,31,
1788200008.4884236,mouse_move,,1136,30,
1788200008.632516,mouse_move,,1135,29,
1788200008.680585,mouse_click,down,1135,29,Button.left
1788200008.752656,mouse_click,up,1135,29,Button.left
1788200008.8484876,mouse_move,,1135,29,
1788200008.8564394,mouse_move,,1138,29,
1788200008.8644311,mouse_move,,1140,32,
1788200008.8723905,mouse_move,,1143,32,
1788200008.8804357,mouse_move,,1147,33,
1788200008.8884635,mouse_move,,1150,33,
1788200008.8964336,mouse_move,,1151,33,
1788200008.9044704,mouse_move,,1155,34,
1788200008.9204266,mouse_move,,1156,34,
1788200008.92846,mouse_move,,1157,34,
1788200009.000406,mouse_move,,1160,34,
1788200009.160547,mouse_click,down,1160,34,Button.left
1788200009.2325487,mouse_click,up,1160,34,Button.left
1788200009.3044224,mouse_move,,1160,34,
1788200009.3127177,mouse_move,,1157,33,
1788200009.3204455,mouse_move,,1149,33,
1788200009.3284872,mouse_move,,1145,33,
1788200009.3368645,mouse_move,,1140,31,
1788200009.3445952,mouse_move,,1132,31,
1788200009.3524692,mouse_move,,1124,31,
1788200009.3604817,mouse_move,,1116,31,
1788200009.3684824,mouse_move,,1105,31,
1788200009.3764355,mouse_move,,1094,31,
1788200009.3844655,mouse_move,,1086,31,
1788200009.3924875,mouse_move,,1070,31,
1788200009.4003975,mouse_move,,1059,31,
1788200009.408405,mouse_move,,1048,31,
1788200009.4163518,mouse_move,,1035,31,
1788200009.4243844,mouse_move,,1021,31,
1788200009.4325168,mouse_move,,1011,31,
1788200009.4404864,mouse_move,,997,31,
1788200009.4484015,mouse_move,,986,31,
1788200009.4563909,mouse_move,,975,31,
1788200009.4643874,mouse_move,,965,31,
1788200009.472419,mouse_move,,956,31,
1788200009.480512,mouse_move,,943,31,
1788200009.4883976,mouse_move,,932,30,
1788200009.4964209,mouse_move,,923,30,
1788200009.504447,mouse_move,,915,30,
1788200009.512439,mouse_move,,909,28,
1788200009.5204003,mouse_move,,905,28,
1788200009.528454,mouse_move,,900,28,
1788200009.5364716,mouse_move,,896,25,
1788200009.544399,mouse_move,,895,25,
1788200009.5524147,mouse_move,,894,25,
1788200009.5847387,mouse_move,,892,24,
1788200009.624539,mouse_move,,890,24,
1788200009.6324983,mouse_move,,886,24,
1788200009.6404595,mouse_move,,885,24,
1788200009.6485307,mouse_move,,882,24,
1788200009.6564245,mouse_move,,881,24,
1788200009.6645386,mouse_move,,879,24,
1788200009.672447,mouse_move,,876,24,
1788200009.688378,mouse_move,,875,24,
1788200009.6964576,mouse_move,,874,24,
1788200009.7124636,mouse_move,,873,24,
1788200009.7444632,mouse_move,,870,24,
1788200009.7605572,mouse_move,,869,24,
1788200009.7764363,mouse_move,,868,24,
1788200009.8804991,mouse_move,,867,24,
1788200010.0246747,mouse_click,down,867,24,Button.left
1788200010.136765,mouse_click,up,867,24,Button.left
1788200010.192527,mouse_move,,866,24,
1788200010.2005472,mouse_move,,866,25,
1788200010.2325475,mouse_move,,868,28,
1788200010.2404711,mouse_move,,871,31,
1788200010.2564664,mouse_move,,872,32,
1788200010.2644646,mouse_move,,874,32,
1788200010.272555,mouse_move,,875,32,
1788200010.280724,mouse_move,,876,33,
1788200010.2885735,mouse_move,,877,33,
1788200010.2965071,mouse_move,,878,34,
1788200010.30449,mouse_move,,881,35,
1788200010.3124688,mouse_move,,882,36,
1788200010.3204422,mouse_move,,883,38,
1788200010.3364747,mouse_move,,884,39,
1788200010.344548,mouse_move,,885,39,
1788200010.360537,mouse_move,,886,39,
1788200010.6485753,mouse_click,down,886,39,Button.left
1788200010.7847292,mouse_click,up,886,39,Button.left
1788200010.9532785,mouse_move,,886,41,
1788200010.9605112,mouse_move,,886,42,
1788200010.968449,mouse_move,,885,45,
1788200010.9847703,mouse_move,,883,49,
1788200010.9930558,mouse_move,,883,52,
1788200011.0004642,mouse_move,,880,56,
1788200011.0084405,mouse_move,,877,61,
1788200011.016395,mouse_move,,876,65,
1788200011.0244858,mouse_move,,873,71,
1788200011.0324864,mouse_move,,871,78,
1788200011.0405884,mouse_move,,868,82,
1788200011.0485127,mouse_move,,868,90,
1788200011.0563881,mouse_move,,865,97,
1788200011.064385,mouse_move,,864,101,
1788200011.0725098,mouse_move,,862,105,
1788200011.0804362,mouse_move,,862,110,
1788200011.0884275,mouse_move,,857,120,
1788200011.096466,mouse_move,,857,126,
1788200011.1044285,mouse_move,,855,135,
1788200011.112525,mouse_move,,854,141,
1788200011.1204243,mouse_move,,852,152,
1788200011.1285324,mouse_move,,852,160,
1788200011.1364434,mouse_move,,850,172,
1788200011.1444316,mouse_move,,848,180,
1788200011.1528077,mouse_move,,846,191,
1788200011.160398,mouse_move,,846,200,
1788200011.1685002,mouse_move,,846,216,
1788200011.176429,mouse_move,,846,227,
1788200011.184423,mouse_move,,846,237,
1788200011.1924684,mouse_move,,846,251,
1788200011.2004411,mouse_move,,846,262,
1788200011.2086687,mouse_move,,846,270,
1788200011.216511,mouse_move,,847,281,
1788200011.2246468,mouse_move,,851,293,
1788200011.2324445,mouse_move,,852,299,
1788200011.2405381,mouse_move,,858,308,
1788200011.2484484,mouse_move,,859,309,
1788200011.2571447,mouse_move,,860,313,
1788200011.264564,mouse_move,,862,314,
1788200011.2727232,mouse_move,,863,316,
1788200011.2805097,mouse_move,,864,316,
1788200011.288792,mouse_move,,865,316,
1788200011.2963994,mouse_move,,867,316,
1788200011.3044558,mouse_move,,870,316,
1788200011.3125002,mouse_move,,871,316,
1788200011.3208907,mouse_move,,875,316,
1788200011.3282862,mouse_move,,881,313,
1788200011.3364508,mouse_move,,886,309,
1788200011.3443446,mouse_move,,896,301,
1788200011.3524437,mouse_move,,908,291,
1788200011.360459,mouse_move,,913,281,
1788200011.3684425,mouse_move,,921,272,
1788200011.3763776,mouse_move,,925,260,
1788200011.384479,mouse_move,,927,247,
1788200011.3924952,mouse_move,,931,233,
1788200011.4005194,mouse_move,,933,216,
1788200011.4083917,mouse_move,,933,195,
1788200011.4163918,mouse_move,,933,176,
1788200011.4243639,mouse_move,,933,160,
1788200011.432387,mouse_move,,928,141,
1788200011.4404805,mouse_move,,919,119,
1788200011.4483888,mouse_move,,908,97,
1788200011.4564593,mouse_move,,897,77,
1788200011.4644132,mouse_move,,892,55,
1788200011.4725106,mouse_move,,877,35,
1788200011.480464,mouse_move,,864,18,
1788200011.4884138,mouse_move,,851,1,
1788200011.4963973,mouse_move,,840,-17,
1788200011.5044065,mouse_move,,828,-12,
1788200011.512453,mouse_move,,817,-12,
1788200011.5204227,mouse_move,,807,-12,
1788200011.5283809,mouse_move,,800,-8,
1788200011.5365522,mouse_move,,791,-5,
1788200011.5444152,mouse_move,,784,-5,
1788200011.5523467,mouse_move,,777,-4,
1788200011.5604017,mouse_move,,773,-3,
1788200011.5683954,mouse_move,,768,0,
1788200011.5763626,mouse_move,,767,-1,
1788200011.5844266,mouse_move,,765,0,
1788200011.6805255,mouse_move,,764,0,
1788200011.6884468,mouse_move,,764,3,
1788200011.6963823,mouse_move,,764,5,
1788200011.704415,mouse_move,,765,7,
1788200011.712498,mouse_move,,766,9,
1788200011.72048,mouse_move,,771,16,
1788200011.7284002,mouse_move,,773,18,
1788200011.7365649,mouse_move,,777,23,
1788200011.7444713,mouse_move,,780,26,
1788200011.7524943,mouse_move,,787,31,
1788200011.7603827,mouse_move,,791,32,
1788200011.7684002,mouse_move,,796,37,
1788200011.7764332,mouse_move,,802,40,
1788200011.7844467,mouse_move,,812,46,
1788200011.7924235,mouse_move,,821,49,
1788200011.8004596,mouse_move,,829,49,
1788200011.8083823,mouse_move,,838,51,
1788200011.816348,mouse_move,,849,57,
1788200011.8244002,mouse_move,,858,57,
1788200011.8324172,mouse_move,,871,59,
1788200011.8403387,mouse_move,,880,61,
1788200011.8483999,mouse_move,,891,61,
1788200011.8564913,mouse_move,,899,61,
1788200011.8643699,mouse_move,,908,61,
1788200011.872515,mouse_move,,913,61,
1788200011.8804817,mouse_move,,918,61,
1788200011.8884249,mouse_move,,924,61,
1788200011.896333,mouse_move,,932,61,
1788200011.9044373,mouse_move,,938,61,
1788200011.9124885,mouse_move,,944,61,
1788200011.9203622,mouse_move,,950,61,
1788200011.928553,mouse_move,,954,61,
1788200011.936506,mouse_move,,960,60,
1788200011.9444265,mouse_move,,963,60,
1788200011.9529994,mouse_move,,965,57,
1788200011.9605029,mouse_move,,968,56,
1788200011.9924176,mouse_move,,971,55,
1788200012.008409,mouse_move,,972,53,
1788200012.0163665,mouse_move,,973,52,
1788200012.0324242,mouse_move,,974,50,
1788200012.0485075,mouse_move,,974,49,
1788200012.0568535,mouse_move,,976,47,
1788200012.064404,mouse_move,,976,46,
1788200012.0723863,mouse_move,,976,45,
1788200012.0804503,mouse_move,,976,44,
1788200012.088455,mouse_move,,977,42,
1788200012.120463,mouse_move,,978,39,
1788200012.1283274,mouse_move,,979,38,
1788200012.1364193,mouse_move,,981,37,
1788200012.280677,mouse_move,,982,37,
1788200012.2964075,mouse_move,,985,37,
1788200012.3124359,mouse_move,,988,37,
1788200012.3208468,mouse_move,,994,39,
1788200012.328323,mouse_move,,999,39,
1788200012.336867,mouse_move,,1005,40,
1788200012.3445714,mouse_move,,1011,40,
1788200012.352301,mouse_move,,1017,40,
1788200012.3603754,mouse_move,,1021,42,
1788200012.3684354,mouse_move,,1029,43,
1788200012.3763437,mouse_move,,1034,46,
1788200012.3844316,mouse_move,,1038,46,
1788200012.3923821,mouse_move,,1041,48,
1788200012.4007823,mouse_move,,1045,48,
1788200012.408366,mouse_move,,1048,48,
1788200012.4166949,mouse_move,,1052,49,
1788200012.4324827,mouse_move,,1055,49,
1788200012.4404206,mouse_move,,1057,49,
1788200012.4564757,mouse_move,,1060,49,
1788200012.4884374,mouse_move,,1061,49,
1788200012.5044026,mouse_move,,1063,49,
1788200012.5203967,mouse_move,,1064,49,
1788200012.5286598,mouse_move,,1066,49,
1788200012.5364504,mouse_move,,1067,49,
1788200012.5444276,mouse_move,,1069,49,
1788200012.5523918,mouse_move,,1070,49,
1788200012.560388,mouse_move,,1071,49,
1788200012.5684578,mouse_move,,1077,49,
1788200012.5763965,mouse_move,,1080,46,
1788200012.5844028,mouse_move,,1081,45,
1788200012.5924022,mouse_move,,1083,44,
1788200012.6084013,mouse_move,,1086,41,
1788200012.624554,mouse_move,,1087,40,
1788200012.6883895,mouse_move,,1087,38,
1788200012.7045567,mouse_move,,1088,37,
1788200012.7124717,mouse_move,,1090,36,
1788200012.7204618,mouse_move,,1090,35,
1788200012.7289107,mouse_move,,1091,34,
1788200012.7365294,mouse_move,,1091,33,
1788200012.768556,mouse_move,,1092,29,
1788200012.9045491,mouse_move,,1093,29,
1788200012.9124787,mouse_move,,1096,30,
1788200012.9204729,mouse_move,,1100,35,
1788200012.9283686,mouse_move,,1105,40,
1788200012.936469,mouse_move,,1112,47,
1788200012.9445126,mouse_move,,1117,51,
1788200012.9523582,mouse_move,,1121,54,
1788200012.9604864,mouse_move,,1128,61,
1788200012.968472,mouse_move,,1131,64,
1788200012.976403,mouse_move,,1137,69,
1788200012.98443,mouse_move,,1142,72,
1788200012.9924698,mouse_move,,1146,75,
1788200013.0005443,mouse_move,,1153,78,
1788200013.008434,mouse_move,,1156,79,
1788200013.016482,mouse_move,,1157,82,
1788200013.0244513,mouse_move,,1160,84,
1788200013.0324652,mouse_move,,1161,84,
1788200013.0404878,mouse_move,,1163,85,
1788200013.0485075,mouse_move,,1166,85,
1788200013.0563862,mouse_move,,1167,85,
1788200013.0647767,mouse_move,,1171,86,
1788200013.0724905,mouse_move,,1172,86,
1788200013.0884361,mouse_move,,1177,86,
1788200013.0964694,mouse_move,,1178,86,
1788200013.1044345,mouse_move,,1182,86,
1788200013.1124365,mouse_move,,1185,86,
1788200013.1203897,mouse_move,,1189,86,
1788200013.128483,mouse_move,,1192,86,
1788200013.136507,mouse_move,,1196,86,
1788200013.1444974,mouse_move,,1198,86,
1788200013.1524136,mouse_move,,1204,86,
1788200013.1605248,mouse_move,,1207,86,
1788200013.168388,mouse_move,,1213,86,
1788200013.1764164,mouse_move,,1219,86,
1788200013.1845245,mouse_move,,1228,84,
1788200013.1925042,mouse_move,,1232,81,
1788200013.2004008,mouse_move,,1239,78,
1788200013.2088256,mouse_move,,1248,72,
1788200013.2164745,mouse_move,,1255,69,
1788200013.2245407,mouse_move,,1259,64,
1788200013.2325306,mouse_move,,1262,61,
1788200013.2405567,mouse_move,,1267,57,
1788200013.2484777,mouse_move,,1270,54,
1788200013.256448,mouse_move,,1271,53,
1788200013.2644708,mouse_move,,1271,50,
1788200013.2724404,mouse_move,,1271,49,
1788200013.28042,mouse_move,,1271,47,
1788200013.288438,mouse_move,,1271,46,
1788200013.296468,mouse_move,,1271,44,
1788200013.304484,mouse_move,,1271,43,
1788200013.3125045,mouse_move,,1271,41,
1788200013.3204443,mouse_move,,1271,40,
1788200013.3365626,mouse_move,,1271,39,
1788200013.3444536,mouse_move,,1271,37,
1788200013.3604252,mouse_move,,1271,35,
1788200013.3764532,mouse_move,,1271,34,
1788200013.5764298,mouse_move,,1269,37,
1788200013.5845194,mouse_move,,1266,41,
1788200013.5925117,mouse_move,,1261,50,
1788200013.6004817,mouse_move,,1259,54,
1788200013.6084385,mouse_move,,1252,63,
1788200013.616529,mouse_move,,1249,72,
1788200013.62444,mouse_move,,1241,84,
1788200013.6324294,mouse_move,,1232,99,
1788200013.6405349,mouse_move,,1227,111,
1788200013.6484709,mouse_move,,1218,125,
1788200013.6564524,mouse_move,,1208,142,
1788200013.6643655,mouse_move,,1199,157,
1788200013.672443,mouse_move,,1188,176,
1788200013.6805062,mouse_move,,1178,194,
1788200013.6884499,mouse_move,,1164,213,
1788200013.6964786,mouse_move,,1151,233,
1788200013.7045379,mouse_move,,1140,250,
1788200013.712529,mouse_move,,1125,270,
1788200013.7206464,mouse_move,,1109,293,
1788200013.7285173,mouse_move,,1096,313,
1788200013.7365038,mouse_move,,1080,333,
1788200013.7444713,mouse_move,,1067,355,
1788200013.7525017,mouse_move,,1053,380,
1788200013.760416,mouse_move,,1040,400,
1788200013.768408,mouse_move,,1024,423,
1788200013.7764761,mouse_move,,1011,443,
1788200013.7846472,mouse_move,,997,465,
1788200013.7924259,mouse_move,,982,485,
1788200013.8008025,mouse_move,,966,507,
1788200013.8084188,mouse_move,,956,522,
1788200013.8164694,mouse_move,,945,537,
1788200013.8244445,mouse_move,,932,554,
1788200013.8325243,mouse_move,,924,566,
1788200013.8404088,mouse_move,,914,581,
1788200013.8484309,mouse_move,,906,593,
1788200013.8564544,mouse_move,,900,602,
1788200013.8643777,mouse_move,,892,612,
1788200013.8724134,mouse_move,,885,621,
1788200013.8804522,mouse_move,,879,631,
1788200013.8884554,mouse_move,,871,640,
1788200013.8963692,mouse_move,,868,647,
1788200013.9044263,mouse_move,,858,657,
1788200013.9124188,mouse_move,,858,661,
1788200013.9204128,mouse_move,,855,668,
1788200013.9284813,mouse_move,,850,672,
1788200013.9365053,mouse_move,,849,675,
1788200013.9444988,mouse_move,,848,678,
1788200013.9524362,mouse_move,,846,682,
1788200013.960423,mouse_move,,843,685,
1788200013.9685516,mouse_move,,842,686,
1788200013.9765368,mouse_move,,842,687,
1788200013.9844286,mouse_move,,842,688,
1788200013.992859,mouse_move,,841,689,
1788200014.2249036,mouse_move,,840,689,
1788200014.232436,mouse_move,,839,688,
1788200014.3605747,mouse_move,,838,687,
1788200014.3685694,mouse_move,,835,687,
1788200014.3765018,mouse_move,,833,686,
1788200014.4964316,mouse_move,,831,686,
1788200014.5044723,mouse_move,,831,687,
1788200014.512345,mouse_move,,830,688,
1788200014.5203063,mouse_move,,829,689,
1788200014.5284662,mouse_move,,829,690,
1788200014.536368,mouse_move,,828,696,
1788200014.5443563,mouse_move,,828,697,
1788200014.5522828,mouse_move,,825,701,
1788200014.5604725,mouse_move,,825,702,
1788200014.5685153,mouse_move,,825,703,
1788200014.5764616,mouse_move,,824,707,
1788200014.5844457,mouse_move,,824,708,
1788200014.592419,mouse_move,,823,712,
1788200014.600392,mouse_move,,823,715,
1788200014.6083858,mouse_move,,821,719,
1788200014.6164284,mouse_move,,818,723,
1788200014.6245058,mouse_move,,818,728,
1788200014.6324544,mouse_move,,818,729,
1788200014.6404693,mouse_move,,818,730,
1788200014.6484914,mouse_move,,818,735,
1788200014.6564627,mouse_move,,818,741,
1788200014.6644,mouse_move,,817,744,
1788200014.672516,mouse_move,,817,747,
1788200014.6804755,mouse_move,,817,749,
1788200014.6963363,mouse_move,,817,750,
1788200014.7044775,mouse_move,,815,753,
1788200014.7123928,mouse_move,,815,757,
1788200014.7203996,mouse_move,,815,761,
1788200014.736442,mouse_move,,815,762,
1788200014.7443805,mouse_move,,815,764,
1788200014.7523758,mouse_move,,814,766,
1788200014.7604103,mouse_move,,814,767,
1788200014.8326383,mouse_move,,813,768,
1788200014.9604404,mouse_move,,812,768,
1788200014.96842,mouse_move,,811,769,
1788200014.9845407,mouse_move,,810,771,
1788200015.1849313,mouse_move,,810,768,
1788200015.192551,mouse_move,,811,745,
1788200015.2003686,mouse_move,,817,725,
1788200015.2083626,mouse_move,,826,698,
1788200015.2163773,mouse_move,,837,659,
1788200015.22456,mouse_move,,853,605,
1788200015.2324452,mouse_move,,883,527,
1788200015.2404504,mouse_move,,917,444,
1788200015.2484558,mouse_move,,955,355,
1788200015.2563636,mouse_move,,998,271,
1788200015.2643707,mouse_move,,1050,170,
1788200015.272442,mouse_move,,1116,63,
1788200015.2804122,mouse_move,,1168,-33,
1788200015.2884185,mouse_move,,1218,-81,
1788200015.2964897,mouse_move,,1267,-75,
1788200015.3043532,mouse_move,,1312,-75,
1788200015.3123534,mouse_move,,1355,-65,
1788200015.3203318,mouse_move,,1387,-44,
1788200015.3284972,mouse_move,,1411,-43,
1788200015.3363495,mouse_move,,1426,-31,
1788200015.3443768,mouse_move,,1433,-19,
1788200015.3523865,mouse_move,,1439,-12,
1788200015.3604116,mouse_move,,1441,-8,
1788200015.3684618,mouse_move,,1442,-7,
1788200015.376341,mouse_move,,1442,-2,
1788200015.392392,mouse_move,,1442,-4,
1788200015.5204196,mouse_move,,1440,-2,
1788200015.5285196,mouse_move,,1438,0,
1788200015.5364356,mouse_move,,1434,0,
1788200015.544433,mouse_move,,1428,0,
1788200015.5523286,mouse_move,,1423,0,
1788200015.560391,mouse_move,,1419,1,
1788200015.568459,mouse_move,,1411,2,
1788200015.576355,mouse_move,,1404,4,
1788200015.58432,mouse_move,,1398,9,
1788200015.5924702,mouse_move,,1392,9,
1788200015.6003852,mouse_move,,1379,11,
1788200015.608328,mouse_move,,1371,11,
1788200015.6165662,mouse_move,,1362,13,
1788200015.6244524,mouse_move,,1354,13,
1788200015.6324296,mouse_move,,1350,13,
1788200015.6404352,mouse_move,,1344,13,
1788200015.6484747,mouse_move,,1338,13,
1788200015.656449,mouse_move,,1337,13,
1788200015.6644123,mouse_move,,1335,13,
1788200015.6805353,mouse_move,,1333,13,
1788200015.6883984,mouse_move,,1330,11,
1788200015.7204895,mouse_move,,1329,10,
1788200015.8324828,mouse_click,down,1329,10,Button.left
1788200015.920513,mouse_click,up,1329,10,Button.left
1788200016.064386,mouse_move,,1328,9,
1788200016.0723672,mouse_move,,1327,9,
1788200016.1205308,mouse_move,,1326,9,
1788200016.1363852,mouse_move,,1324,9,
1788200016.1444497,mouse_move,,1323,9,
1788200016.1604118,mouse_move,,1321,9,
1788200016.1926327,mouse_move,,1320,9,
1788200016.200439,mouse_move,,1319,10,
1788200016.2566738,mouse_move,,1319,11,
1788200016.2643676,mouse_move,,1317,15,
1788200016.272869,mouse_move,,1317,16,
1788200016.2883933,mouse_move,,1317,17,
1788200016.3044894,mouse_move,,1317,18,
1788200016.3126707,mouse_move,,1317,21,
1788200016.3203344,mouse_move,,1319,22,
1788200016.328436,mouse_move,,1322,22,
1788200016.3363802,mouse_move,,1328,22,
1788200016.344332,mouse_move,,1332,22,
1788200016.3522825,mouse_move,,1336,22,
1788200016.360288,mouse_move,,1344,22,
1788200016.3684125,mouse_move,,1350,22,
1788200016.3764472,mouse_move,,1358,22,
1788200016.3845203,mouse_move,,1369,22,
1788200016.3923159,mouse_move,,1377,22,
1788200016.4004924,mouse_move,,1385,22,
1788200016.4084573,mouse_move,,1394,22,
1788200016.4164252,mouse_move,,1402,22,
1788200016.4247758,mouse_move,,1406,22,
1788200016.432555,mouse_move,,1412,22,
1788200016.4404044,mouse_move,,1416,22,
1788200016.4485178,mouse_move,,1421,22,
1788200016.456512,mouse_move,,1427,22,
1788200016.4644141,mouse_move,,1435,22,
1788200016.4725049,mouse_move,,1441,22,
1788200016.4805384,mouse_move,,1451,22,
1788200016.4884439,mouse_move,,1457,22,
1788200016.4963868,mouse_move,,1463,22,
1788200016.504444,mouse_move,,1469,22,
1788200016.5203981,mouse_move,,1470,22,
1788200016.5284252,mouse_move,,1474,22,
1788200016.5764296,mouse_move,,1475,19,
1788200016.5843978,mouse_move,,1475,18,
1788200016.5924344,mouse_move,,1476,17,
1788200016.6084673,mouse_move,,1476,16,
1788200016.6485176,mouse_move,,1476,14,
1788200016.7288811,mouse_click,down,1476,14,Button.left
1788200016.8165486,mouse_click,up,1476,14,Button.left
1788200017.2404828,mouse_move,,1479,13,
1788200017.2484682,mouse_move,,1480,13,
1788200017.2564807,mouse_move,,1485,13,
1788200017.2643497,mouse_move,,1489,13,
1788200017.272388,mouse_move,,1495,13,
1788200017.280535,mouse_move,,1503,13,
1788200017.2883916,mouse_move,,1514,13,
1788200017.2962754,mouse_move,,1530,13,
1788200017.304422,mouse_move,,1544,13,
1788200017.312447,mouse_move,,1560,13,
1788200017.3204396,mouse_move,,1571,13,
1788200017.3283591,mouse_move,,1587,13,
1788200017.336386,mouse_move,,1600,13,
1788200017.344348,mouse_move,,1611,13,
1788200017.3527637,mouse_move,,1627,13,
1788200017.3604398,mouse_move,,1638,13,
1788200017.3684468,mouse_move,,1649,13,
1788200017.3763578,mouse_move,,1657,13,
1788200017.3844779,mouse_move,,1663,13,
1788200017.392401,mouse_move,,1664,13,
1788200017.4003866,mouse_move,,1669,13,
1788200017.4083652,mouse_move,,1671,13,
1788200017.464433,mouse_move,,1673,13,
1788200017.4805715,mouse_move,,1674,13,
1788200017.4884472,mouse_move,,1675,13,
1788200017.4963214,mouse_move,,1678,12,
1788200017.5043814,mouse_move,,1679,11,
1788200017.5203793,mouse_move,,1680,11,
1788200017.5366187,mouse_move,,1681,10,
1788200017.5524333,mouse_move,,1682,10,
1788200017.5932512,mouse_move,,1683,9,
1788200017.704592,mouse_click,down,1683,9,Button.left
1788200017.7845383,mouse_click,up,1683,9,Button.left
1788200018.1685193,mouse_move,,1683,9,
1788200018.537043,mouse_move,,1683,10,
1788200018.58476,mouse_move,,1683,11,
1788200019.1926365,mouse_move,,1679,14,
1788200019.2009957,mouse_move,,1678,14,
1788200019.2092037,mouse_move,,1672,17,
1788200019.2168996,mouse_move,,1666,18,
1788200019.2246583,mouse_move,,1663,18,
1788200019.2330034,mouse_move,,1655,18,
1788200019.2404726,mouse_move,,1649,18,
1788200019.2488654,mouse_move,,1641,18,
1788200019.25676,mouse_move,,1631,18,
1788200019.2646966,mouse_move,,1625,18,
1788200019.2723963,mouse_move,,1619,18,
1788200019.2804255,mouse_move,,1613,18,
1788200019.2884352,mouse_move,,1608,18,
1788200019.2964036,mouse_move,,1600,18,
1788200019.3044622,mouse_move,,1594,18,
1788200019.3124385,mouse_move,,1588,18,
1788200019.3204212,mouse_move,,1584,18,
1788200019.3283858,mouse_move,,1578,18,
1788200019.3364067,mouse_move,,1572,18,
1788200019.3444557,mouse_move,,1568,18,
1788200019.352304,mouse_move,,1564,18,
1788200019.360529,mouse_move,,1558,18,
1788200019.3685226,mouse_move,,1552,18,
1788200019.376401,mouse_move,,1549,18,
1788200019.384518,mouse_move,,1543,18,
1788200019.3925445,mouse_move,,1539,18,
1788200019.400417,mouse_move,,1536,18,
1788200019.4084523,mouse_move,,1532,18,
1788200019.4164474,mouse_move,,1528,18,
1788200019.4243994,mouse_move,,1524,18,
1788200019.4324121,mouse_move,,1519,18,
1788200019.4403248,mouse_move,,1515,18,
1788200019.4484258,mouse_move,,1509,18,
1788200019.4563668,mouse_move,,1506,18,
1788200019.4643888,mouse_move,,1502,18,
1788200019.47249,mouse_move,,1500,18,
1788200019.4804182,mouse_move,,1497,18,
1788200019.4884605,mouse_move,,1496,18,
1788200019.4963317,mouse_move,,1495,18,
1788200019.6086102,mouse_move,,1494,18,
1788200019.6250458,mouse_move,,1491,18,
1788200019.6648664,mouse_move,,1490,18,
1788200019.6964622,mouse_move,,1488,18,
1788200019.7045493,mouse_move,,1475,18,
1788200019.7125235,mouse_move,,1467,18,
1788200019.720368,mouse_move,,1463,18,
1788200019.7284422,mouse_move,,1455,18,
1788200019.7363868,mouse_move,,1436,15,
1788200019.7447793,mouse_move,,1417,15,
1788200019.752301,mouse_move,,1396,15,
1788200019.760482,mouse_move,,1372,15,
1788200019.7684255,mouse_move,,1351,15,
1788200019.7763488,mouse_move,,1322,15,
1788200019.7843626,mouse_move,,1295,15,
1788200019.7924445,mouse_move,,1266,15,
1788200019.8003995,mouse_move,,1240,15,
1788200019.8083532,mouse_move,,1208,15,
1788200019.8163724,mouse_move,,1178,15,
1788200019.8243954,mouse_move,,1149,15,
1788200019.8323834,mouse_move,,1117,15,
1788200019.8403852,mouse_move,,1091,15,
1788200019.8484912,mouse_move,,1064,15,
1788200019.8564324,mouse_move,,1032,15,
1788200019.864342,mouse_move,,1005,15,
1788200019.8725967,mouse_move,,984,13,
1788200019.8803473,mouse_move,,962,11,
1788200019.8883786,mouse_move,,941,7,
1788200019.8963509,mouse_move,,922,7,
1788200019.9044666,mouse_move,,906,7,
1788200019.9124851,mouse_move,,893,7,
1788200019.9203932,mouse_move,,882,7,
1788200019.9284513,mouse_move,,874,7,
1788200019.936552,mouse_move,,868,7,
1788200019.944419,mouse_move,,863,5,
1788200019.952347,mouse_move,,859,5,
1788200019.960438,mouse_move,,858,5,
1788200019.9767196,mouse_move,,857,5,
1788200020.040427,mouse_move,,855,4,
1788200020.0484264,mouse_move,,853,4,
1788200020.0563877,mouse_move,,851,4,
1788200020.0644095,mouse_move,,846,4,
1788200020.0725348,mouse_move,,844,4,
1788200020.0804887,mouse_move,,839,4,
1788200020.0884204,mouse_move,,835,4,
1788200020.096334,mouse_move,,831,4,
1788200020.1044788,mouse_move,,823,4,
1788200020.1124475,mouse_move,,817,4,
1788200020.1203258,mouse_move,,809,4,
1788200020.1284335,mouse_move,,803,4,
1788200020.136466,mouse_move,,793,4,
1788200020.1444056,mouse_move,,787,4,
1788200020.1523318,mouse_move,,779,4,
1788200020.1604526,mouse_move,,771,4,
1788200020.1684308,mouse_move,,760,4,
1788200020.1764112,mouse_move,,749,4,
1788200020.1843834,mouse_move,,741,4,
1788200020.192371,mouse_move,,730,4,
1788200020.2004435,mouse_move,,716,4,
1788200020.2083762,mouse_move,,708,4,
1788200020.216465,mouse_move,,697,4,
1788200020.224408,mouse_move,,686,4,
1788200020.2323842,mouse_move,,680,4,
1788200020.2403288,mouse_move,,672,4,
1788200020.2484837,mouse_move,,670,4,
1788200020.2565253,mouse_move,,662,4,
1788200020.2643564,mouse_move,,656,4,
1788200020.2724717,mouse_move,,650,4,
1788200020.2804556,mouse_move,,644,4,
1788200020.2884321,mouse_move,,641,4,
1788200020.2963338,mouse_move,,633,4,
1788200020.304465,mouse_move,,629,6,
1788200020.3124187,mouse_move,,625,6,
1788200020.3203766,mouse_move,,616,8,
1788200020.328349,mouse_move,,612,8,
1788200020.3364267,mouse_move,,610,8,
1788200020.3443844,mouse_move,,604,9,
1788200020.3523602,mouse_move,,598,9,
1788200020.3603506,mouse_move,,596,9,
1788200020.3684092,mouse_move,,595,9,
1788200020.37641,mouse_move,,591,11,
1788200020.3925095,mouse_move,,590,11,
1788200020.4003968,mouse_move,,589,11,
1788200020.4083555,mouse_move,,587,11,
1788200020.4404688,mouse_move,,586,11,
1788200020.448334,mouse_move,,584,12,
1788200020.504422,mouse_move,,584,13,
1788200020.5124395,mouse_move,,584,14,
1788200020.5204105,mouse_move,,584,15,
1788200020.5283592,mouse_move,,585,16,
1788200020.5363429,mouse_move,,590,16,
1788200020.54435,mouse_move,,598,20,
1788200020.5522764,mouse_move,,612,20,
1788200020.5604095,mouse_move,,630,20,
1788200020.5684202,mouse_move,,652,20,
1788200020.5763967,mouse_move,,675,20,
1788200020.5844576,mouse_move,,704,20,
1788200020.592343,mouse_move,,737,20,
1788200020.600452,mouse_move,,770,20,
1788200020.6083515,mouse_move,,808,20,
1788200020.616554,mouse_move,,857,20,
1788200020.62441,mouse_move,,906,20,
1788200020.632399,mouse_move,,966,20,
1788200020.6403322,mouse_move,,1021,20,
1788200020.6484601,mouse_move,,1075,20,
1788200020.65656,mouse_move,,1114,20,
1788200020.6643834,mouse_move,,1157,20,
1788200020.6723537,mouse_move,,1190,20,
1788200020.680398,mouse_move,,1223,20,
1788200020.6883717,mouse_move,,1250,20,
1788200020.6962893,mouse_move,,1274,20,
1788200020.7044559,mouse_move,,1292,20,
1788200020.7124393,mouse_move,,1311,20,
1788200020.7203486,mouse_move,,1332,20,
1788200020.7285159,mouse_move,,1351,20,
1788200020.7364414,mouse_move,,1372,20,
1788200020.7444403,mouse_move,,1391,20,
1788200020.752335,mouse_move,,1412,20,
1788200020.7604597,mouse_move,,1433,20,
1788200020.7683878,mouse_move,,1457,20,
1788200020.7764132,mouse_move,,1481,20,
1788200020.784382,mouse_move,,1513,20,
1788200020.7923987,mouse_move,,1540,20,
1788200020.8005111,mouse_move,,1572,20,
1788200020.808338,mouse_move,,1599,20,
1788200020.8164098,mouse_move,,1628,20,
1788200020.8244288,mouse_move,,1652,20,
1788200020.8324122,mouse_move,,1681,20,
1788200020.8403785,mouse_move,,1704,20,
1788200020.8484006,mouse_move,,1728,20,
1788200020.856402,mouse_move,,1752,20,
1788200020.8643467,mouse_move,,1771,20,
1788200020.8726919,mouse_move,,1787,20,
1788200020.88041,mouse_move,,1803,20,
1788200020.8883789,mouse_move,,1816,20,
1788200020.8962998,mouse_move,,1825,20,
1788200020.9043279,mouse_move,,1833,20,
1788200020.9124098,mouse_move,,1839,20,
1788200020.9203572,mouse_move,,1843,20,
1788200020.9284062,mouse_move,,1846,20,
1788200020.9363685,mouse_move,,1847,20,
1788200020.944389,mouse_move,,1848,20,
1788200020.9605505,mouse_move,,1849,20,
1788200021.0005188,mouse_move,,1852,20,
1788200021.03248,mouse_move,,1854,18,
1788200021.048498,mouse_move,,1855,18,
1788200021.06438,mouse_move,,1858,18,
1788200021.0725272,mouse_move,,1859,18,
1788200021.0804787,mouse_move,,1860,18,
1788200021.0883727,mouse_move,,1864,18,
1788200021.0963655,mouse_move,,1865,18,
1788200021.112434,mouse_move,,1868,17,
1788200021.1203594,mouse_move,,1870,17,
1788200021.1284444,mouse_move,,1871,17,
1788200021.1364398,mouse_move,,1875,14,
1788200021.144431,mouse_move,,1876,14,
1788200021.1523776,mouse_move,,1878,14,
1788200021.2250123,mouse_move,,1879,13,
1788200021.256875,mouse_move,,1877,12,
1788200021.2646651,mouse_move,,1863,12,
1788200021.273006,mouse_move,,1854,10,
1788200021.280869,mouse_move,,1841,10,
1788200021.2888653,mouse_move,,1829,6,
1788200021.2967873,mouse_move,,1808,6,
1788200021.3048,mouse_move,,1786,4,
1788200021.3123965,mouse_move,,1757,4,
1788200021.3204253,mouse_move,,1725,4,
1788200021.3283477,mouse_move,,1687,4,
1788200021.336532,mouse_move,,1647,2,
1788200021.3444333,mouse_move,,1598,2,
1788200021.3524606,mouse_move,,1549,2,
1788200021.3604553,mouse_move,,1499,2,
1788200021.3683972,mouse_move,,1445,2,
1788200021.376353,mouse_move,,1390,2,
1788200021.3843937,mouse_move,,1325,2,
1788200021.3924508,mouse_move,,1281,2,
1788200021.4003913,mouse_move,,1238,2,
1788200021.4083896,mouse_move,,1189,2,
1788200021.4164164,mouse_move,,1150,2,
1788200021.4244273,mouse_move,,1117,2,
1788200021.43238,mouse_move,,1091,2,
1788200021.4403803,mouse_move,,1062,2,
1788200021.44842,mouse_move,,1038,2,
1788200021.456416,mouse_move,,1019,2,
1788200021.4643753,mouse_move,,1006,2,
1788200021.472495,mouse_move,,997,2,
1788200021.4803534,mouse_move,,989,2,
1788200021.4883404,mouse_move,,985,2,
1788200021.4963264,mouse_move,,984,2,
1788200021.504434,mouse_move,,981,2,
1788200021.5124266,mouse_move,,979,2,
1788200021.5284915,mouse_move,,978,2,
1788200021.6005278,mouse_move,,977,0,
1788200021.6323948,mouse_move,,975,0,
1788200021.6403265,mouse_move,,970,0,
1788200021.64843,mouse_move,,969,0,
1788200021.656402,mouse_move,,966,-2,
1788200021.6643813,mouse_move,,964,0,
1788200021.6724863,mouse_move,,963,-1,
1788200021.6808872,mouse_move,,959,0,
1788200021.6883492,mouse_move,,958,-1,
1788200021.6963105,mouse_move,,957,0,
1788200021.713005,mouse_move,,954,-2,
1788200021.72845,mouse_move,,953,0,
1788200021.744578,mouse_move,,950,-2,
1788200021.7767181,mouse_move,,948,0,
1788200021.7846425,mouse_move,,947,-1,
1788200021.8646994,mouse_click,down,947,0,Button.left
1788200021.9607193,mouse_click,up,947,0,Button.left
1788200022.0243928,mouse_move,,944,0,
1788200022.0726364,mouse_move,,943,0,
1788200022.080437,mouse_move,,939,2,
1788200022.0884142,mouse_move,,939,4,
1788200022.0962985,mouse_move,,939,7,
1788200022.1043096,mouse_move,,939,13,
1788200022.1124198,mouse_move,,938,19,
1788200022.120315,mouse_move,,936,31,
1788200022.1283503,mouse_move,,936,39,
1788200022.1364357,mouse_move,,932,53,
1788200022.1444037,mouse_move,,930,69,
1788200022.1523907,mouse_move,,928,88,
1788200022.1603067,mouse_move,,926,110,
1788200022.1684294,mouse_move,,921,134,
1788200022.1763744,mouse_move,,919,158,
1788200022.184381,mouse_move,,919,182,
1788200022.192437,mouse_move,,919,214,
1788200022.2004335,mouse_move,,919,247,
1788200022.2083638,mouse_move,,917,276,
1788200022.2164385,mouse_move,,917,321,
1788200022.2244594,mouse_move,,917,345,
1788200022.2323613,mouse_move,,917,377,
1788200022.2403424,mouse_move,,917,415,
1788200022.2485232,mouse_move,,917,454,
1788200022.2563705,mouse_move,,917,492,
1788200022.2643929,mouse_move,,917,530,
1788200022.2725875,mouse_move,,917,563,
1788200022.2803628,mouse_move,,917,602,
1788200022.2883658,mouse_move,,920,632,
1788200022.2965112,mouse_move,,926,668,
1788200022.30444,mouse_move,,933,705,
1788200022.3124485,mouse_move,,946,735,
1788200022.3203852,mouse_move,,954,772,
1788200022.328415,mouse_move,,973,809,
1788200022.3364892,mouse_move,,994,850,
1788200022.344515,mouse_move,,1010,881,
1788200022.3523514,mouse_move,,1035,914,
1788200022.360408,mouse_move,,1069,955,
1788200022.3684266,mouse_move,,1098,989,
1788200022.3764088,mouse_move,,1136,1030,
1788200022.3844786,mouse_move,,1185,1067,
1788200022.392423,mouse_move,,1240,1104,
1788200022.400462,mouse_move,,1294,1142,
1788200022.40837,mouse_move,,1357,1173,
1788200022.4164095,mouse_move,,1415,1204,
1788200022.4243956,mouse_move,,1471,1223,
1788200022.4323995,mouse_move,,1532,1247,
1788200022.4405272,mouse_move,,1570,1258,
1788200022.4484842,mouse_move,,1609,1269,
1788200022.456404,mouse_move,,1637,1279,
1788200022.4644098,mouse_move,,1659,1283,
1788200022.4723678,mouse_move,,1680,1285,
1788200022.4804022,mouse_move,,1699,1289,
1788200022.4883678,mouse_move,,1710,1289,
1788200022.496291,mouse_move,,1721,1289,
1788200022.504351,mouse_move,,1729,1289,
1788200022.5123632,mouse_move,,1735,1289,
1788200022.5203238,mouse_move,,1738,1289,
1788200022.5284498,mouse_move,,1740,1289,
1788200022.544426,mouse_move,,1741,1289,
1788200022.9045813,mouse_move,,1741,1288,
1788200022.9124064,mouse_move,,1741,1284,
1788200022.960591,mouse_move,,1741,1283,
1788200022.9925916,mouse_move,,1741,1282,
1788200023.0244594,mouse_move,,1741,1281,
1788200023.056396,mouse_move,,1741,1278,
1788200023.0884,mouse_move,,1741,1277,
1788200024.104645,mouse_move,,1739,1276,
1788200024.1126795,mouse_move,,1732,1277,
1788200024.1204102,mouse_move,,1730,1278,
1788200024.1283953,mouse_move,,1724,1278,
1788200024.1364079,mouse_move,,1718,1279,
1788200024.1443355,mouse_move,,1715,1281,
1788200024.1522794,mouse_move,,1706,1284,
1788200024.1604085,mouse_move,,1702,1284,
1788200024.1684515,mouse_move,,1696,1284,
1788200024.1763282,mouse_move,,1692,1284,
1788200024.1843653,mouse_move,,1686,1284,
1788200024.1924417,mouse_move,,1682,1284,
1788200024.2004442,mouse_move,,1679,1284,
1788200024.208374,mouse_move,,1673,1284,
1788200024.216497,mouse_move,,1670,1284,
1788200024.224423,mouse_move,,1666,1282,
1788200024.2323594,mouse_move,,1663,1282,
1788200024.2402685,mouse_move,,1659,1281,
1788200024.2483878,mouse_move,,1656,1278,
1788200024.2564175,mouse_move,,1653,1277,
1788200024.2643473,mouse_move,,1652,1277,
1788200024.2724319,mouse_move,,1650,1275,
1788200024.2804415,mouse_move,,1647,1274,
1788200024.2884011,mouse_move,,1646,1274,
1788200024.29626,mouse_move,,1643,1272,
1788200024.3044457,mouse_move,,1642,1270,
1788200024.3124845,mouse_move,,1638,1269,
1788200024.3283744,mouse_move,,1634,1268,
1788200024.3363535,mouse_move,,1633,1268,
1788200024.3444154,mouse_move,,1630,1265,
1788200024.35234,mouse_move,,1628,1265,
1788200024.3604248,mouse_move,,1626,1264,
1788200024.3684115,mouse_move,,1624,1263,
1788200024.3763502,mouse_move,,1619,1260,
1788200024.3843129,mouse_move,,1618,1259,
1788200024.3923266,mouse_move,,1616,1256,
1788200024.4003808,mouse_move,,1611,1253,
1788200024.408389,mouse_move,,1611,1252,
1788200024.4164617,mouse_move,,1610,1249,
1788200024.424395,mouse_move,,1606,1246,
1788200024.432404,mouse_move,,1604,1245,
1788200024.4403017,mouse_move,,1604,1244,
1788200024.4486601,mouse_move,,1603,1243,
1788200024.4810903,mouse_move,,1603,1240,
1788200029.161001,mouse_move,,1603,1241,
1788200029.7767231,mouse_move,,1603,1243,
1788200030.0086808,mouse_move,,1603,1246,
1788200030.0164726,mouse_move,,1603,1247,
1788200030.0805273,mouse_move,,1602,1248,
1788200030.208409,mouse_move,,1604,1248,
1788200030.2163177,mouse_move,,1605,1248,
1788200030.2243266,mouse_move,,1606,1248,
1788200030.232306,mouse_move,,1610,1248,
1788200030.2403495,mouse_move,,1612,1248,
1788200030.2483096,mouse_move,,1617,1248,
1788200030.256435,mouse_move,,1619,1248,
1788200030.2644062,mouse_move,,1625,1247,
1788200030.2724347,mouse_move,,1628,1247,
1788200030.2803843,mouse_move,,1634,1244,
1788200030.2884016,mouse_move,,1640,1243,
1788200030.296363,mouse_move,,1645,1241,
1788200030.304397,mouse_move,,1649,1240,
1788200030.3124192,mouse_move,,1658,1235,
1788200030.3204823,mouse_move,,1662,1233,
1788200030.32858,mouse_move,,1673,1226,
1788200030.3364377,mouse_move,,1676,1224,
1788200030.3443289,mouse_move,,1682,1220,
1788200030.352311,mouse_move,,1689,1214,
1788200030.3603325,mouse_move,,1696,1209,
1788200030.3683553,mouse_move,,1701,1206,
1788200030.3764772,mouse_move,,1709,1199,
1788200030.384324,mouse_move,,1716,1194,
1788200030.3923252,mouse_move,,1721,1191,
1788200030.4003465,mouse_move,,1724,1190,
1788200030.4083393,mouse_move,,1730,1185,
1788200030.416288,mouse_move,,1735,1182,
1788200030.4243236,mouse_move,,1739,1179,
1788200030.4403245,mouse_move,,1740,1177,
1788200030.448311,mouse_move,,1743,1176,
1788200030.4563062,mouse_move,,1744,1176,
1788200030.4643779,mouse_move,,1745,1175,
1788200030.480501,mouse_move,,1748,1173,
1788200030.496359,mouse_move,,1749,1171,
1788200030.5127416,mouse_move,,1750,1170,
1788200030.5203526,mouse_move,,1752,1169,
1788200030.5285602,mouse_move,,1754,1168,
1788200030.5364008,mouse_move,,1755,1167,
1788200030.552385,mouse_move,,1756,1167,
1788200030.5689886,mouse_move,,1757,1166,
1788200030.5845072,mouse_move,,1758,1164,
1788200030.6245537,mouse_move,,1759,1163,
1788200030.6885574,mouse_move,,1760,1163,
1788200031.3610306,mouse_move,,1760,1163,
1788200031.3683572,mouse_move,,1759,1166,
1788200031.376375,mouse_move,,1759,1167,
1788200031.3843071,mouse_move,,1758,1168,
1788200031.4165525,mouse_move,,1757,1168,
1788200031.4244542,mouse_move,,1754,1169,
1788200031.4403617,mouse_move,,1750,1169,
1788200031.4726324,mouse_move,,1749,1171,
1788200031.5208945,mouse_move,,1749,1168,
1788200031.5285585,mouse_move,,1755,1157,
1788200031.5367923,mouse_move,,1760,1150,
1788200031.5443227,mouse_move,,1768,1140,
1788200031.5522847,mouse_move,,1774,1131,
1788200031.5603216,mouse_move,,1781,1124,
1788200031.5683808,mouse_move,,1788,1114,
1788200031.5763454,mouse_move,,1799,1102,
1788200031.5842798,mouse_move,,1806,1092,
1788200031.592398,mouse_move,,1816,1083,
1788200031.6003625,mouse_move,,1822,1071,
1788200031.608349,mouse_move,,1830,1059,
1788200031.616447,mouse_move,,1836,1042,
1788200031.6244934,mouse_move,,1838,1033,
1788200031.6324658,mouse_move,,1841,1027,
1788200031.6403184,mouse_move,,1841,1021,
1788200031.6484408,mouse_move,,1845,1012,
1788200031.6563363,mouse_move,,1845,1010,
1788200031.6643527,mouse_move,,1846,1005,
1788200031.6728392,mouse_move,,1846,1003,
1788200031.6804981,mouse_move,,1848,998,
1788200031.6882794,mouse_move,,1848,996,
1788200031.696256,mouse_move,,1848,991,
1788200031.7043867,mouse_move,,1849,989,
1788200031.71279,mouse_move,,1849,986,
1788200031.7203486,mouse_move,,1849,982,
1788200031.7283404,mouse_move,,1852,977,
1788200031.744285,mouse_move,,1852,973,
1788200031.7523582,mouse_move,,1853,972,
1788200031.7684069,mouse_move,,1853,971,
1788200031.7763488,mouse_move,,1853,968,
1788200031.7925003,mouse_move,,1853,967,
1788200031.8003938,mouse_move,,1853,966,
1788200031.8083994,mouse_move,,1854,964,
1788200031.8164275,mouse_move,,1854,963,
1788200031.8327012,mouse_move,,1856,960,
1788200031.8893259,mouse_click,down,1856,960,Button.left
1788200031.9930282,mouse_click,up,1856,960,Button.left
1788200032.496398,mouse_move,,1852,960,
1788200032.5124233,mouse_move,,1851,962,
1788200032.5608666,mouse_move,,1850,963,
1788200032.6810172,mouse_move,,1849,964,
1788200032.728736,mouse_move,,1849,965,
1788200032.7364335,mouse_move,,1848,966,
1788200032.784495,mouse_move,,1847,967,
1788200032.8808725,mouse_move,,1847,968,
1788200032.9206557,mouse_move,,1847,971,
1788200033.0486228,mouse_move,,1847,972,
1788200033.1287587,mouse_move,,1847,973,
1788200033.2249184,mouse_move,,1847,974,
1788200033.392881,mouse_move,,1847,977,
1788200033.4645972,mouse_move,,1847,978,
1788200034.0245578,mouse_move,,1847,979,
1788200034.0564246,mouse_move,,1847,980,
1788200034.072578,mouse_move,,1847,983,
1788200034.0884068,mouse_move,,1846,985,
1788200034.1285203,mouse_move,,1845,986,
1788200034.1364503,mouse_move,,1845,989,
1788200034.1444755,mouse_move,,1844,992,
1788200034.160459,mouse_move,,1843,993,
1788200034.1763794,mouse_move,,1840,995,
1788200034.1843688,mouse_move,,1839,996,
1788200034.1923528,mouse_move,,1838,998,
1788200034.200305,mouse_move,,1834,999,
1788200034.2082756,mouse_move,,1828,1000,
1788200034.2163508,mouse_move,,1823,1003,
1788200034.2244043,mouse_move,,1819,1005,
1788200034.2323196,mouse_move,,1813,1006,
1788200034.2402675,mouse_move,,1808,1008,
1788200034.2483954,mouse_move,,1800,1011,
1788200034.2563615,mouse_move,,1791,1013,
1788200034.2643447,mouse_move,,1783,1015,
1788200034.2724702,mouse_move,,1769,1017,
1788200034.2804413,mouse_move,,1760,1020,
1788200034.2884,mouse_move,,1746,1024,
1788200034.296319,mouse_move,,1729,1031,
1788200034.304439,mouse_move,,1715,1035,
1788200034.3123949,mouse_move,,1693,1041,
1788200034.3203285,mouse_move,,1677,1041,
1788200034.3284047,mouse_move,,1661,1041,
1788200034.3364582,mouse_move,,1642,1043,
1788200034.3444297,mouse_move,,1623,1045,
1788200034.3523989,mouse_move,,1602,1045,
1788200034.360457,mouse_move,,1581,1045,
1788200034.3683977,mouse_move,,1559,1045,
1788200034.3763566,mouse_move,,1538,1045,
1788200034.3842716,mouse_move,,1517,1045,
1788200034.3923283,mouse_move,,1498,1045,
1788200034.4004502,mouse_move,,1477,1045,
1788200034.4083753,mouse_move,,1461,1045,
1788200034.4164066,mouse_move,,1440,1045,
1788200034.424419,mouse_move,,1416,1042,
1788200034.432322,mouse_move,,1391,1035,
1788200034.461661,mouse_move,,1324,1024,
1788200034.4643216,mouse_move,,1300,1020,
1788200034.4723022,mouse_move,,1278,1018,
1788200034.4803548,mouse_move,,1257,1016,
1788200034.4883864,mouse_move,,1237,1009,
1788200034.4963725,mouse_move,,1216,1005,
1788200034.5044403,mouse_move,,1194,1003,
1788200034.5124123,mouse_move,,1169,994,
1788200034.520397,mouse_move,,1145,989,
1788200034.5284219,mouse_move,,1121,983,
1788200034.536435,mouse_move,,1104,974,
1788200034.544652,mouse_move,,1087,970,
1788200034.5523071,mouse_move,,1068,961,
1788200034.5607255,mouse_move,,1049,957,
1788200034.5683243,mouse_move,,1032,951,
1788200034.5763478,mouse_move,,1020,943,
1788200034.584457,mouse_move,,1008,939,
1788200034.5924902,mouse_move,,996,931,
1788200034.6004174,mouse_move,,987,925,
1788200034.6083708,mouse_move,,980,920,
1788200034.6164246,mouse_move,,975,915,
1788200034.6244648,mouse_move,,974,914,
1788200034.632421,mouse_move,,973,909,
1788200034.6402695,mouse_move,,971,905,
1788200034.6483917,mouse_move,,971,903,
1788200034.6563945,mouse_move,,971,901,
1788200034.6643312,mouse_move,,971,897,
1788200034.672394,mouse_move,,971,894,
1788200034.680403,mouse_move,,971,892,
1788200034.6883717,mouse_move,,971,889,
1788200034.6963027,mouse_move,,971,888,
1788200034.7043927,mouse_move,,976,884,
1788200034.7122703,mouse_move,,977,883,
1788200034.7203946,mouse_move,,983,877,
1788200034.7283711,mouse_move,,984,876,
1788200034.7363694,mouse_move,,990,870,
1788200034.7443118,mouse_move,,992,867,
1788200034.752258,mouse_move,,997,862,
1788200034.7602658,mouse_move,,1000,860,
1788200034.7684093,mouse_move,,1004,857,
1788200034.7762675,mouse_move,,1009,852,
1788200034.7843163,mouse_move,,1012,851,
1788200034.792401,mouse_move,,1018,846,
1788200034.8003955,mouse_move,,1019,845,
1788200034.8082938,mouse_move,,1021,845,
1788200034.8164637,mouse_move,,1024,843,
1788200034.8243723,mouse_move,,1027,840,
1788200034.8323774,mouse_move,,1028,839,
1788200034.848507,mouse_move,,1030,838,
1788200034.8564584,mouse_move,,1031,838,
1788200034.8725264,mouse_move,,1032,838,
1788200034.8885844,mouse_move,,1033,837,
1788200035.7764354,mouse_move,,1034,837,
1788200035.784362,mouse_move,,1034,839,
1788200035.7923822,mouse_move,,1034,841,
1788200035.8244681,mouse_move,,1034,842,
1788200035.8324254,mouse_move,,1034,849,
1788200035.8403518,mouse_move,,1034,852,
1788200035.8483922,mouse_move,,1034,853,
1788200035.8563454,mouse_move,,1034,854,
1788200035.864371,mouse_move,,1034,855,
1788200035.8724542,mouse_move,,1034,859,
1788200035.8804185,mouse_move,,1037,862,
1788200035.8884382,mouse_move,,1040,865,
1788200035.896323,mouse_move,,1043,869,
1788200035.904331,mouse_move,,1045,869,
1788200035.9124944,mouse_move,,1053,871,
1788200035.9203703,mouse_move,,1059,871,
1788200035.9284048,mouse_move,,1070,871,
1788200035.9364367,mouse_move,,1091,865,
1788200035.9444041,mouse_move,,1118,846,
1788200035.952391,mouse_move,,1173,808,
1788200035.960427,mouse_move,,1233,762,
1788200035.968488,mouse_move,,1301,702,
1788200035.9764407,mouse_move,,1379,631,
1788200035.9844546,mouse_move,,1458,556,
1788200035.992501,mouse_move,,1533,477,
1788200036.000438,mouse_move,,1602,409,
1788200036.0083928,mouse_move,,1658,337,
1788200036.0163774,mouse_move,,1707,266,
1788200036.0244012,mouse_move,,1744,212,
1788200036.0326269,mouse_move,,1776,149,
1788200036.0404444,mouse_move,,1803,106,
1788200036.0484505,mouse_move,,1831,62,
1788200036.0564723,mouse_move,,1842,38,
1788200036.0644708,mouse_move,,1855,20,
1788200036.0724936,mouse_move,,1862,1,
1788200036.0803957,mouse_move,,1867,-8,
1788200036.0883937,mouse_move,,1873,-10,
1788200036.096325,mouse_move,,1881,-9,
1788200036.1043649,mouse_move,,1884,-5,
1788200036.1124136,mouse_move,,1888,-4,
1788200036.1203232,mouse_move,,1892,-7,
1788200036.128398,mouse_move,,1899,-10,
1788200036.1363904,mouse_move,,1907,-9,
1788200036.1443973,mouse_move,,1910,-5,
1788200036.1523533,mouse_move,,1915,-4,
1788200036.1604383,mouse_move,,1920,-7,
1788200036.1684592,mouse_move,,1923,-3,
1788200036.1763375,mouse_move,,1927,-3,
1788200036.1843894,mouse_move,,1928,-1,
1788200036.192459,mouse_move,,1931,-3,
1788200036.2004042,mouse_move,,1932,-1,
1788200036.2083435,mouse_move,,1933,-1,
1788200036.2163742,mouse_move,,1936,-3,
1788200036.2644668,mouse_move,,1937,0,
1788200036.328643,mouse_move,,1938,0,
1788200036.3363714,mouse_move,,1939,-1,
1788200036.3524063,mouse_move,,1940,0,
1788200036.3603675,mouse_move,,1941,0,
1788200036.3684125,mouse_move,,1945,-2,
1788200036.3844187,mouse_move,,1950,0,
1788200036.3924046,mouse_move,,1951,0,
1788200036.4004736,mouse_move,,1955,0,
1788200036.408438,mouse_move,,1961,-2,
1788200036.416367,mouse_move,,1965,-3,
1788200036.424387,mouse_move,,1971,0,
1788200036.4323804,mouse_move,,1980,-3,
1788200036.4402997,mouse_move,,1986,0,
1788200036.4483938,mouse_move,,1992,-2,
1788200036.4563963,mouse_move,,1994,0,
1788200036.4643366,mouse_move,,1995,0,
1788200036.5444539,mouse_move,,1994,0,
1788200036.5523236,mouse_move,,1991,1,
1788200036.560381,mouse_move,,1985,1,
1788200036.5684521,mouse_move,,1981,2,
1788200036.5763905,mouse_move,,1973,4,
1788200036.584364,mouse_move,,1964,4,
1788200036.5924032,mouse_move,,1956,4,
1788200036.600406,mouse_move,,1948,4,
1788200036.608394,mouse_move,,1934,4,
1788200036.6163855,mouse_move,,1916,4,
1788200036.6244361,mouse_move,,1895,4,
1788200036.6323223,mouse_move,,1871,4,
1788200036.6404204,mouse_move,,1847,4,
1788200036.6484025,mouse_move,,1826,4,
1788200036.6563985,mouse_move,,1799,4,
1788200036.6643555,mouse_move,,1775,4,
1788200036.6724856,mouse_move,,1752,4,
1788200036.6804392,mouse_move,,1727,6,
1788200036.688388,mouse_move,,1706,6,
1788200036.6963735,mouse_move,,1688,6,
1788200036.704488,mouse_move,,1671,6,
1788200036.712454,mouse_move,,1658,6,
1788200036.7203338,mouse_move,,1650,6,
1788200036.72843,mouse_move,,1646,6,
1788200036.736521,mouse_move,,1644,6,
1788200036.744384,mouse_move,,1643,6,
1788200036.8164558,mouse_move,,1642,6,
1788200036.8804326,mouse_move,,1644,6,
1788200036.8883793,mouse_move,,1646,3,
1788200036.8963995,mouse_move,,1649,3,
1788200036.904753,mouse_move,,1652,1,
1788200036.9127445,mouse_move,,1653,1,
1788200036.9206982,mouse_move,,1655,0,
1788200036.9283366,mouse_move,,1658,-1,
1788200036.944427,mouse_move,,1659,-1,
1788200036.961006,mouse_move,,1662,-3,
1788200036.968982,mouse_move,,1663,0,
1788200036.9768624,mouse_move,,1664,0,
1788200037.0093136,mouse_move,,1665,0,
1788200037.0565615,mouse_move,,1668,0,
1788200037.0731678,mouse_move,,1669,0,
1788200037.0736818,mouse_click,down,1669,0,Button.left
1788200037.1766174,mouse_click,up,1669,0,Button.left
1788200038.272956,mouse_move,,1667,0,
1788200038.2804432,mouse_move,,1661,0,
1788200038.2887187,mouse_move,,1655,0,
1788200038.2963438,mouse_move,,1649,0,
1788200038.3044484,mouse_move,,1639,0,
1788200038.3123713,mouse_move,,1626,0,
1788200038.3203812,mouse_move,,1605,0,
1788200038.3284118,mouse_move,,1583,0,
1788200038.3365371,mouse_move,,1554,0,
1788200038.3443706,mouse_move,,1518,0,
1788200038.3523562,mouse_move,,1473,2,
1788200038.3604267,mouse_move,,1406,9,
1788200038.3684382,mouse_move,,1343,19,
1788200038.3763306,mouse_move,,1276,22,
1788200038.3845015,mouse_move,,1220,28,
1788200038.3924856,mouse_move,,1152,38,
1788200038.4004116,mouse_move,,1091,42,
1788200038.4083326,mouse_move,,1022,52,
1788200038.416283,mouse_move,,955,59,
1788200038.424468,mouse_move,,915,61,
1788200038.43233,mouse_move,,869,67,
1788200038.4403048,mouse_move,,835,69,
1788200038.4483826,mouse_move,,816,69,
1788200038.456442,mouse_move,,797,72,
1788200038.4643261,mouse_move,,784,72,
1788200038.4724243,mouse_move,,775,72,
1788200038.4803863,mouse_move,,769,72,
1788200038.4883752,mouse_move,,768,72,
1788200038.6087563,mouse_move,,768,72,
1788200038.6164155,mouse_move,,775,72,
1788200038.624394,mouse_move,,784,69,
1788200038.632414,mouse_move,,796,67,
1788200038.6403894,mouse_move,,810,63,
1788200038.6484375,mouse_move,,827,57,
1788200038.6564243,mouse_move,,846,53,
1788200038.664351,mouse_move,,865,46,
1788200038.672419,mouse_move,,889,42,
1788200038.680469,mouse_move,,914,35,
1788200038.6884022,mouse_move,,935,33,
1788200038.6963985,mouse_move,,962,26,
1788200038.70437,mouse_move,,984,24,
1788200038.7124045,mouse_move,,1008,22,
1788200038.7204037,mouse_move,,1034,20,
1788200038.7284548,mouse_move,,1056,15,
1788200038.736396,mouse_move,,1078,11,
1788200038.7443893,mouse_move,,1099,9,
1788200038.7524292,mouse_move,,1118,5,
1788200038.7604327,mouse_move,,1132,3,
1788200038.7684157,mouse_move,,1143,1,
1788200038.7763147,mouse_move,,1151,1,
1788200038.7844524,mouse_move,,1160,-1,
1788200038.792509,mouse_move,,1166,0,
1788200038.8004029,mouse_move,,1167,0,
1788200038.8083131,mouse_move,,1173,-1,
1788200038.8165386,mouse_move,,1174,-2,
1788200038.8323858,mouse_move,,1175,-1,
1788200038.8508186,mouse_move,,1176,0,
1788200038.9124634,mouse_move,,1177,-1,
1788200039.0171318,mouse_move,,1177,0,
1788200039.0249848,mouse_move,,1170,0,
1788200039.0330296,mouse_move,,1166,0,
1788200039.0405586,mouse_move,,1163,0,
1788200039.04848,mouse_move,,1157,0,
1788200039.056282,mouse_move,,1155,0,
1788200039.064355,mouse_move,,1150,0,
1788200039.072339,mouse_move,,1149,0,
1788200039.0803323,mouse_move,,1145,0,
1788200039.0883677,mouse_move,,1143,0,
1788200039.0963526,mouse_move,,1142,0,
1788200039.104331,mouse_move,,1139,0,
1788200039.1124578,mouse_move,,1138,-1,
1788200039.176471,mouse_move,,1137,0,
1788200039.281027,mouse_move,,1136,-1,
1788200040.1448789,mouse_move,,1136,-1,
1788200040.2891054,mouse_move,,1135,-1,
1788200041.5526376,mouse_move,,1136,0,
1788200041.616402,mouse_move,,1137,0,
1788200041.9208832,mouse_move,,1138,0,
1788200041.936917,mouse_move,,1140,0,
1788200042.512511,mouse_move,,1142,0,
1788200042.5447521,mouse_move,,1145,0,
1788200042.5605888,mouse_move,,1146,1,
1788200042.6085112,mouse_move,,1147,2,
1788200044.1204436,mouse_move,,1147,9,
1788200044.128749,mouse_move,,1138,24,
1788200044.1363888,mouse_move,,1132,38,
1788200044.1444001,mouse_move,,1128,50,
1788200044.1522977,mouse_move,,1122,69,
1788200044.1603978,mouse_move,,1118,88,
1788200044.1683767,mouse_move,,1109,113,
1788200044.1763673,mouse_move,,1100,137,
1788200044.1845117,mouse_move,,1095,164,
1788200044.1924288,mouse_move,,1083,196,
1788200044.2004375,mouse_move,,1081,231,
1788200044.20881,mouse_move,,1075,272,
1788200044.2164476,mouse_move,,1069,318,
1788200044.2243721,mouse_move,,1069,367,
1788200044.232377,mouse_move,,1069,416,
1788200044.2403548,mouse_move,,1069,460,
1788200044.248531,mouse_move,,1069,498,
1788200044.2563787,mouse_move,,1069,537,
1788200044.2643652,mouse_move,,1069,570,
1788200044.272388,mouse_move,,1069,591,
1788200044.2804067,mouse_move,,1073,610,
1788200044.288546,mouse_move,,1077,624,
1788200044.296375,mouse_move,,1078,633,
1788200044.3043866,mouse_move,,1082,642,
1788200044.312487,mouse_move,,1085,646,
1788200044.3204267,mouse_move,,1085,648,
1788200044.3285644,mouse_move,,1086,649,
1788200044.336454,mouse_move,,1089,651,
1788200044.344412,mouse_move,,1090,652,
1788200044.3763669,mouse_move,,1090,654,
1788200044.394881,mouse_move,,1091,655,
1788200044.4645116,mouse_move,,1092,656,
1788200044.5846593,mouse_move,,1093,656,
1788200044.600961,mouse_move,,1094,656,
1788200044.6325803,mouse_move,,1095,655,
1788200044.6403778,mouse_move,,1097,653,
1788200044.8330028,mouse_move,,1097,654,
1788200045.1046755,mouse_move,,1095,658,
1788200045.1124063,mouse_move,,1093,662,
1788200045.1203227,mouse_move,,1092,668,
1788200045.1284978,mouse_move,,1090,674,
1788200045.136485,mouse_move,,1087,683,
1788200045.1444259,mouse_move,,1085,689,
1788200045.1523178,mouse_move,,1085,698,
1788200045.1604362,mouse_move,,1085,709,
1788200045.1684997,mouse_move,,1085,719,
1788200045.1763968,mouse_move,,1085,735,
1788200045.1843143,mouse_move,,1085,751,
1788200045.1924467,mouse_move,,1085,765,
1788200045.2004793,mouse_move,,1085,778,
1788200045.2083302,mouse_move,,1086,790,
1788200045.2164273,mouse_move,,1088,801,
1788200045.2243297,mouse_move,,1088,812,
1788200045.2323277,mouse_move,,1088,816,
1788200045.2403564,mouse_move,,1089,822,
1788200045.2483287,mouse_move,,1089,826,
1788200045.2564783,mouse_move,,1089,829,
1788200045.2644014,mouse_move,,1091,830,
1788200045.2965946,mouse_move,,1091,832,
1788200045.4248717,mouse_move,,1091,832,
1788200045.432661,mouse_move,,1091,828,
1788200045.4404578,mouse_move,,1091,826,
1788200045.4484549,mouse_move,,1091,822,
1788200045.4564357,mouse_move,,1091,816,
1788200045.4643276,mouse_move,,1095,811,
1788200045.472465,mouse_move,,1102,804,
1788200045.4804835,mouse_move,,1105,801,
1788200045.48843,mouse_move,,1112,794,
1788200045.4963381,mouse_move,,1119,789,
1788200045.5044887,mouse_move,,1124,784,
1788200045.5124385,mouse_move,,1131,779,
1788200045.5204062,mouse_move,,1138,772,
1788200045.5285506,mouse_move,,1139,771,
1788200045.5364265,mouse_move,,1143,768,
1788200045.5444536,mouse_move,,1147,765,
1788200045.552317,mouse_move,,1150,762,
1788200045.5604184,mouse_move,,1151,761,
1788200045.5684564,mouse_move,,1154,760,
1788200045.5764394,mouse_move,,1157,757,
1788200045.5923781,mouse_move,,1158,756,
1788200045.7366216,mouse_move,,1153,759,
1788200045.7444472,mouse_move,,1146,763,
1788200045.7523184,mouse_move,,1142,766,
1788200045.7604141,mouse_move,,1138,767,
1788200045.7683308,mouse_move,,1133,767,
1788200045.7762969,mouse_move,,1127,767,
1788200045.7842994,mouse_move,,1121,769,
1788200045.7924948,mouse_move,,1113,769,
1788200045.8003962,mouse_move,,1102,769,
1788200045.8083236,mouse_move,,1089,769,
1788200045.8163435,mouse_move,,1070,769,
1788200045.8243933,mouse_move,,1046,769,
1788200045.832409,mouse_move,,1020,769,
1788200045.8403857,mouse_move,,993,769,
1788200045.8483298,mouse_move,,964,769,
1788200045.8563876,mouse_move,,925,759,
1788200045.8643386,mouse_move,,877,747,
1788200045.8723297,mouse_move,,826,728,
1788200045.8803425,mouse_move,,764,700,
1788200045.8884077,mouse_move,,708,677,
1788200045.8963223,mouse_move,,646,650,
1788200045.9043415,mouse_move,,594,627,
1788200045.9124117,mouse_move,,536,597,
1788200045.920368,mouse_move,,483,567,
1788200045.9283576,mouse_move,,436,541,
1788200045.9363751,mouse_move,,408,521,
1788200045.944391,mouse_move,,379,497,
1788200045.9523296,mouse_move,,359,484,
1788200045.9604123,mouse_move,,341,469,
1788200045.968463,mouse_move,,332,459,
1788200045.97637,mouse_move,,322,453,
1788200045.9844046,mouse_move,,317,444,
1788200045.9924161,mouse_move,,314,441,
1788200046.0004318,mouse_move,,312,438,
1788200046.0083873,mouse_move,,312,436,
1788200046.0165079,mouse_move,,310,433,
1788200046.0244863,mouse_move,,310,430,
1788200046.0324237,mouse_move,,308,429,
1788200046.0403144,mouse_move,,308,427,
1788200046.05645,mouse_move,,308,426,
1788200046.0642908,mouse_move,,307,424,
1788200046.0724432,mouse_move,,307,423,
1788200046.0803661,mouse_move,,306,421,
1788200046.0884707,mouse_move,,303,418,
1788200046.096269,mouse_move,,302,417,
1788200046.1044242,mouse_move,,301,416,
1788200046.112412,mouse_move,,300,415,
1788200046.1203465,mouse_move,,296,411,
1788200046.1365159,mouse_move,,294,406,
1788200046.1443624,mouse_move,,293,405,
1788200046.152336,mouse_move,,291,404,
1788200046.1683621,mouse_move,,290,403,
1788200046.176404,mouse_move,,288,403,
1788200046.1842895,mouse_move,,284,400,
1788200046.1923387,mouse_move,,283,399,
1788200046.2005293,mouse_move,,278,398,
1788200046.208403,mouse_move,,275,398,
1788200046.2168543,mouse_move,,269,398,
1788200046.2244303,mouse_move,,261,396,
1788200046.2325299,mouse_move,,253,396,
1788200046.2403164,mouse_move,,245,396,
1788200046.2487047,mouse_move,,239,396,
1788200046.2566855,mouse_move,,232,393,
1788200046.264334,mouse_move,,230,393,
1788200046.2725103,mouse_move,,224,393,
1788200046.2803676,mouse_move,,221,393,
1788200046.2884507,mouse_move,,217,393,
1788200046.2962732,mouse_move,,214,393,
1788200046.304425,mouse_move,,212,393,
1788200046.3124146,mouse_move,,209,393,
1788200046.3203325,mouse_move,,205,393,
1788200046.328346,mouse_move,,204,393,
1788200046.3365235,mouse_move,,203,393,
1788200046.34438,mouse_move,,202,393,
1788200046.3603823,mouse_move,,199,393,
1788200046.5132,mouse_move,,202,393,
1788200046.5203843,mouse_move,,207,391,
1788200046.536604,mouse_move,,215,390,
1788200046.5443802,mouse_move,,218,390,
1788200046.5523725,mouse_move,,220,390,
1788200046.5603771,mouse_move,,226,390,
1788200046.5685089,mouse_move,,229,388,
1788200046.576421,mouse_move,,231,388,
1788200046.584294,mouse_move,,234,388,
1788200046.5924242,mouse_move,,238,385,
1788200046.6004193,mouse_move,,240,385,
1788200046.6084187,mouse_move,,241,385,
1788200046.6164796,mouse_move,,242,385,
1788200046.6243248,mouse_move,,244,385,
1788200046.6323845,mouse_move,,245,385,
1788200046.6402893,mouse_move,,248,384,
1788200046.648425,mouse_move,,251,383,
1788200046.656415,mouse_move,,252,383,
1788200046.664404,mouse_move,,254,381,
1788200046.6723857,mouse_move,,259,378,
1788200046.680367,mouse_move,,260,377,
1788200046.688454,mouse_move,,261,377,
1788200046.696287,mouse_move,,264,376,
1788200046.7043982,mouse_move,,265,376,
1788200046.7124283,mouse_move,,266,375,
1788200046.728486,mouse_move,,267,374,
1788200046.7366545,mouse_move,,268,373,
1788200046.7689877,mouse_move,,269,373,
1788200046.888999,mouse_move,,272,373,
1788200046.896338,mouse_move,,278,373,
1788200046.9044473,mouse_move,,280,373,
1788200046.912389,mouse_move,,286,373,
1788200046.9204297,mouse_move,,292,373,
1788200046.928294,mouse_move,,298,373,
1788200046.9369028,mouse_move,,302,373,
1788200046.9448154,mouse_move,,310,373,
1788200046.9523823,mouse_move,,315,373,
1788200046.9608583,mouse_move,,321,373,
1788200046.9685237,mouse_move,,325,373,
1788200046.9763927,mouse_move,,329,373,
1788200046.9843667,mouse_move,,330,373,
1788200046.992417,mouse_move,,333,373,
1788200047.0003943,mouse_move,,334,373,
1788200047.032466,mouse_move,,335,373,
1788200047.113149,mouse_move,,337,373,
1788200047.1286457,mouse_move,,344,371,
1788200047.1365187,mouse_move,,346,371,
1788200047.1444423,mouse_move,,350,371,
1788200047.1523101,mouse_move,,355,370,
1788200047.1603115,mouse_move,,357,370,
1788200047.16838,mouse_move,,362,370,
1788200047.1763654,mouse_move,,366,370,
1788200047.1842964,mouse_move,,370,370,
1788200047.1923258,mouse_move,,376,370,
1788200047.2003524,mouse_move,,379,370,
1788200047.2083821,mouse_move,,387,370,
1788200047.2162695,mouse_move,,391,370,
1788200047.2245097,mouse_move,,394,370,
1788200047.2324212,mouse_move,,398,370,
1788200047.240297,mouse_move,,400,370,
1788200047.248381,mouse_move,,402,370,
1788200047.25662,mouse_move,,405,370,
1788200047.264401,mouse_move,,408,370,
1788200047.2723897,mouse_move,,412,370,
1788200047.2803085,mouse_move,,415,370,
1788200047.2885346,mouse_move,,419,370,
1788200047.2963026,mouse_move,,422,370,
1788200047.304383,mouse_move,,426,370,
1788200047.3124082,mouse_move,,430,370,
1788200047.3206425,mouse_move,,436,370,
1788200047.328419,mouse_move,,442,370,
1788200047.3366225,mouse_move,,448,370,
1788200047.3444374,mouse_move,,452,370,
1788200047.3523784,mouse_move,,458,370,
1788200047.3604786,mouse_move,,464,370,
1788200047.368581,mouse_move,,469,370,
1788200047.3764317,mouse_move,,473,370,
1788200047.3842928,mouse_move,,479,370,
1788200047.3923166,mouse_move,,483,370,
1788200047.4003413,mouse_move,,487,370,
1788200047.4083328,mouse_move,,492,370,
1788200047.4164414,mouse_move,,494,370,
1788200047.4243846,mouse_move,,500,370,
1788200047.4323902,mouse_move,,501,370,
1788200047.4403415,mouse_move,,505,370,
1788200047.4483678,mouse_move,,506,370,
1788200047.4564104,mouse_move,,510,370,
1788200047.4643548,mouse_move,,511,370,
1788200047.4723613,mouse_move,,512,370,
1788200047.4803903,mouse_move,,514,370,
1788200047.4884648,mouse_move,,516,370,
1788200047.5045042,mouse_move,,517,370,
1788200047.5204246,mouse_move,,518,370,
1788200047.5364323,mouse_move,,519,370,
1788200047.5443473,mouse_move,,522,370,
1788200047.5604436,mouse_move,,523,370,
1788200047.568298,mouse_move,,524,370,
1788200047.5844781,mouse_move,,525,370,
1788200047.5924044,mouse_move,,528,370,
1788200047.6004095,mouse_move,,529,370,
1788200047.6083455,mouse_move,,530,370,
1788200047.6163495,mouse_move,,531,370,
1788200047.632469,mouse_move,,533,370,
1788200047.640396,mouse_move,,535,370,
1788200047.648415,mouse_move,,536,370,
1788200047.664416,mouse_move,,537,370,
1788200047.6968443,mouse_move,,539,370,
1788200047.7046452,mouse_move,,540,370,
1788200047.736682,mouse_move,,542,370,
1788200047.7523515,mouse_move,,543,370,
1788200047.7606535,mouse_move,,544,368,
1788200048.0085406,mouse_move,,542,368,
1788200048.0172174,mouse_move,,538,369,
1788200048.024493,mouse_move,,532,369,
1788200048.0324173,mouse_move,,528,372,
1788200048.0403671,mouse_move,,523,372,
1788200048.048425,mouse_move,,517,373,
1788200048.0563843,mouse_move,,509,373,
1788200048.0643528,mouse_move,,498,375,
1788200048.0723653,mouse_move,,487,375,
1788200048.080382,mouse_move,,473,377,
1788200048.0883873,mouse_move,,459,381,
1788200048.0963042,mouse_move,,445,383,
1788200048.1044166,mouse_move,,432,383,
1788200048.112448,mouse_move,,416,385,
1788200048.1203527,mouse_move,,404,387,
1788200048.1284125,mouse_move,,396,387,
1788200048.1364086,mouse_move,,385,387,
1788200048.1445994,mouse_move,,374,391,
1788200048.1523316,mouse_move,,365,393,
1788200048.1604013,mouse_move,,357,393,
1788200048.1684382,mouse_move,,351,394,
1788200048.17633,mouse_move,,345,394,
1788200048.1843114,mouse_move,,342,394,
1788200048.192391,mouse_move,,336,394,
1788200048.2004492,mouse_move,,335,394,
1788200048.2083507,mouse_move,,332,394,
1788200048.2163908,mouse_move,,331,394,
1788200048.2243323,mouse_move,,330,394,
1788200048.232428,mouse_move,,329,394,
1788200048.240336,mouse_move,,327,394,
1788200048.2484,mouse_move,,325,394,
1788200048.2805004,mouse_move,,324,394,
1788200048.3125906,mouse_move,,323,394,
1788200048.3203516,mouse_move,,321,394,
1788200048.3365436,mouse_move,,320,394,
1788200048.3443987,mouse_move,,319,394,
1788200048.360425,mouse_move,,317,394,
1788200048.368481,mouse_move,,315,394,
1788200048.376384,mouse_move,,314,394,
1788200048.3923004,mouse_move,,313,394,
1788200048.4173145,mouse_move,,309,394,
1788200048.4243295,mouse_move,,308,394,
1788200048.4405737,mouse_move,,306,394,
1788200048.4484851,mouse_move,,303,392,
1788200048.456424,mouse_move,,302,392,
1788200048.4643514,mouse_move,,300,391,
1788200048.4724185,mouse_move,,298,390,
1788200048.4805138,mouse_move,,297,390,
1788200048.4884753,mouse_move,,296,390,
1788200048.49631,mouse_move,,295,389,
1788200048.512609,mouse_move,,293,389,
1788200048.528766,mouse_move,,292,388,
1788200048.768536,mouse_move,,292,387,
1788200050.600998,mouse_move,,292,385,
1788200050.608696,mouse_move,,294,385,
1788200050.6164038,mouse_move,,295,385,
1788200050.6242652,mouse_move,,296,385,
1788200050.6324263,mouse_move,,297,385,
1788200050.640349,mouse_move,,299,385,
1788200050.6484294,mouse_move,,302,385,
1788200050.656331,mouse_move,,303,384,
1788200050.664329,mouse_move,,305,384,
1788200050.6723294,mouse_move,,307,384,
1788200050.6803598,mouse_move,,308,384,
1788200050.6883867,mouse_move,,309,384,
1788200050.6963527,mouse_move,,311,384,
1788200050.7043645,mouse_move,,314,383,
1788200050.7204876,mouse_move,,315,383,
1788200050.728341,mouse_move,,318,383,
1788200050.7364068,mouse_move,,320,380,
1788200050.768488,mouse_move,,323,380,
1788200050.7763937,mouse_move,,326,379,
1788200050.784278,mouse_move,,327,379,
1788200050.7926984,mouse_move,,328,378,
1788200050.8003886,mouse_move,,330,378,
1788200050.8083808,mouse_move,,332,378,
1788200050.816523,mouse_move,,333,378,
1788200050.8246415,mouse_move,,334,376,
1788200050.8323653,mouse_move,,336,376,
1788200050.8403068,mouse_move,,337,376,
1788200050.8564353,mouse_move,,341,375,
1788200050.8644054,mouse_move,,342,374,
1788200050.880396,mouse_move,,344,374,
1788200050.8884387,mouse_move,,345,373,
1788200050.8963292,mouse_move,,346,373,
1788200050.9445755,mouse_move,,348,373,
1788200050.952379,mouse_move,,349,372,
1788200050.9844747,mouse_move,,351,372,
1788200051.1287012,mouse_move,,349,372,
1788200051.136944,mouse_move,,345,372,
1788200051.1446323,mouse_move,,344,372,
1788200051.1523533,mouse_move,,340,373,
1788200051.1604373,mouse_move,,337,373,
1788200051.168418,mouse_move,,335,373,
1788200051.1769671,mouse_move,,330,376,
1788200051.1843956,mouse_move,,328,376,
1788200051.192464,mouse_move,,325,378,
1788200051.2006276,mouse_move,,324,378,
1788200051.2083352,mouse_move,,323,378,
1788200051.2164676,mouse_move,,321,378,
1788200051.2244687,mouse_move,,319,378,
1788200051.2323043,mouse_move,,318,378,
1788200051.2402918,mouse_move,,317,378,
1788200051.2483876,mouse_move,,316,378,
1788200051.264295,mouse_move,,313,378,
1788200051.3206277,mouse_move,,312,378,
1788200051.4171426,mouse_move,,311,378,
1788200051.4244525,mouse_move,,310,378,
1788200051.472623,mouse_move,,307,378,
1788200051.6170301,mouse_move,,306,378,
1788200051.713344,mouse_move,,306,378,
1788200051.7209926,mouse_move,,308,378,
1788200051.7283416,mouse_move,,310,378,
1788200051.7445235,mouse_move,,314,375,
1788200051.760609,mouse_move,,319,375,
1788200051.7683809,mouse_move,,320,373,
1788200051.776665,mouse_move,,321,373,
1788200051.784249,mouse_move,,323,373,
1788200051.7923899,mouse_move,,326,373,
1788200051.8003566,mouse_move,,327,373,
1788200051.8083575,mouse_move,,331,373,
1788200051.8164954,mouse_move,,332,373,
1788200051.8244622,mouse_move,,333,373,
1788200051.8323443,mouse_move,,337,373,
1788200051.840312,mouse_move,,338,373,
1788200051.856448,mouse_move,,342,373,
1788200051.8725488,mouse_move,,343,373,
1788200051.888417,mouse_move,,344,373,
1788200051.904439,mouse_move,,348,373,
1788200051.9368563,mouse_move,,349,373,
1788200052.0569046,mouse_click,down,349,373,Button.left
1788200052.1774092,mouse_click,up,349,373,Button.left
1788200052.832976,mouse_move,,353,375,
1788200052.840436,mouse_move,,357,384,
1788200052.8484144,mouse_move,,362,390,
1788200052.85638,mouse_move,,369,396,
1788200052.864362,mouse_move,,383,406,
1788200052.8725724,mouse_move,,398,412,
1788200052.8804343,mouse_move,,412,423,
1788200052.8884137,mouse_move,,429,427,
1788200052.8963277,mouse_move,,454,436,
1788200052.9043977,mouse_move,,473,442,
1788200052.9124618,mouse_move,,497,447,
1788200052.9203677,mouse_move,,526,449,
1788200052.9284232,mouse_move,,553,456,
1788200052.93637,mouse_move,,592,463,
1788200052.9444227,mouse_move,,634,472,
1788200052.952332,mouse_move,,676,480,
1788200052.9604497,mouse_move,,728,486,
1788200052.9683654,mouse_move,,785,496,
1788200052.9763463,mouse_move,,825,499,
1788200052.9846432,mouse_move,,877,505,
1788200052.9924994,mouse_move,,929,514,
1788200053.000405,mouse_move,,981,520,
1788200053.008367,mouse_move,,1038,530,
1788200053.0163126,mouse_move,,1078,532,
1788200053.0244782,mouse_move,,1111,532,
1788200053.0323331,mouse_move,,1150,532,
1788200053.0402956,mouse_move,,1174,534,
1788200053.0483334,mouse_move,,1198,534,
1788200053.0564032,mouse_move,,1219,534,
1788200053.0643277,mouse_move,,1237,534,
1788200053.0724387,mouse_move,,1248,534,
1788200053.0804324,mouse_move,,1264,534,
1788200053.0883863,mouse_move,,1273,534,
1788200053.0963504,mouse_move,,1279,534,
1788200053.1044111,mouse_move,,1283,534,
1788200053.120416,mouse_move,,1285,534,
1788200053.128347,mouse_move,,1287,534,
1788200053.297242,mouse_click,down,1287,534,Button.left
1788200053.4009967,mouse_click,up,1287,534,Button.left
1788200053.5046654,mouse_move,,1288,534,
1788200053.600976,mouse_move,,1288,534,
1788200053.608752,mouse_move,,1285,534,
1788200053.6169283,mouse_move,,1279,534,
1788200053.6244538,mouse_move,,1275,534,
1788200053.6323876,mouse_move,,1274,534,
1788200053.6402977,mouse_move,,1271,534,
1788200053.64835,mouse_move,,1267,534,
1788200053.6564462,mouse_move,,1261,534,
1788200053.6642988,mouse_move,,1258,534,
1788200053.6724014,mouse_move,,1252,535,
1788200053.680418,mouse_move,,1250,535,
1788200053.6883585,mouse_move,,1242,537,
1788200053.6963282,mouse_move,,1237,538,
1788200053.7043936,mouse_move,,1235,538,
1788200053.7123678,mouse_move,,1228,540,
1788200053.7203972,mouse_move,,1220,540,
1788200053.7283504,mouse_move,,1212,540,
1788200053.7364476,mouse_move,,1201,540,
1788200053.7444153,mouse_move,,1185,540,
1788200053.752366,mouse_move,,1172,540,
1788200053.760443,mouse_move,,1150,540,
1788200053.7684941,mouse_move,,1132,540,
1788200053.7763748,mouse_move,,1108,540,
1788200053.7844222,mouse_move,,1079,540,
1788200053.792439,mouse_move,,1052,540,
1788200053.8004363,mouse_move,,1026,540,
1788200053.8083231,mouse_move,,993,538,
1788200053.8165095,mouse_move,,964,536,
1788200053.8244424,mouse_move,,926,531,
1788200053.8323612,mouse_move,,889,523,
1788200053.84032,mouse_move,,849,520,
1788200053.8484173,mouse_move,,811,509,
1788200053.8563645,mouse_move,,780,505,
1788200053.864353,mouse_move,,756,498,
1788200053.872271,mouse_move,,728,489,
1788200053.880335,mouse_move,,703,482,
1788200053.888403,mouse_move,,684,476,
1788200053.896279,mouse_move,,667,467,
1788200053.9043798,mouse_move,,656,463,
1788200053.9124303,mouse_move,,644,457,
1788200053.920365,mouse_move,,637,454,
1788200053.928449,mouse_move,,636,453,
1788200053.9363616,mouse_move,,634,450,
1788200053.9443903,mouse_move,,632,449,
1788200053.9605281,mouse_move,,631,447,
1788200053.9683635,mouse_move,,630,446,
1788200053.9844046,mouse_move,,630,443,
1788200054.0004296,mouse_move,,630,439,
1788200054.0083303,mouse_move,,630,438,
1788200054.0165565,mouse_move,,630,435,
1788200054.0245256,mouse_move,,630,431,
1788200054.0404015,mouse_move,,632,425,
1788200054.0484748,mouse_move,,633,424,
1788200054.0564342,mouse_move,,636,421,
1788200054.0643382,mouse_move,,639,418,
1788200054.0723479,mouse_move,,643,414,
1788200054.0804942,mouse_move,,644,412,
1788200054.0884352,mouse_move,,650,410,
1788200054.0963163,mouse_move,,657,406,
1788200054.104438,mouse_move,,661,405,
1788200054.112437,mouse_move,,666,400,
1788200054.1203396,mouse_move,,672,399,
1788200054.1282935,mouse_move,,675,397,
1788200054.1364202,mouse_move,,683,396,
1788200054.1444201,mouse_move,,687,393,
1788200054.1523068,mouse_move,,688,393,
1788200054.160434,mouse_move,,691,393,
1788200054.1683526,mouse_move,,695,391,
1788200054.1844146,mouse_move,,696,390,
1788200054.321337,mouse_move,,697,389,
1788200054.3523889,mouse_move,,697,388,
1788200054.3603945,mouse_move,,697,387,
1788200054.3763778,mouse_move,,697,386,
1788200054.392458,mouse_move,,697,383,
1788200054.400402,mouse_move,,697,382,
1788200054.4083664,mouse_move,,695,381,
1788200054.416498,mouse_move,,694,381,
1788200054.4244232,mouse_move,,690,381,
1788200054.4323978,mouse_move,,687,381,
1788200054.4403226,mouse_move,,685,379,
1788200054.4484563,mouse_move,,680,379,
1788200054.4564166,mouse_move,,674,379,
1788200054.4643555,mouse_move,,668,379,
1788200054.4724145,mouse_move,,662,378,
1788200054.4808347,mouse_move,,654,378,
1788200054.4883978,mouse_move,,643,378,
1788200054.4963107,mouse_move,,632,378,
1788200054.5042984,mouse_move,,624,378,
1788200054.5124075,mouse_move,,613,378,
1788200054.5203373,mouse_move,,605,378,
1788200054.5285673,mouse_move,,594,378,
1788200054.5364213,mouse_move,,583,378,
1788200054.5444374,mouse_move,,575,378,
1788200054.5523202,mouse_move,,564,378,
1788200054.56039,mouse_move,,556,378,
1788200054.5683525,mouse_move,,548,378,
1788200054.576397,mouse_move,,539,378,
1788200054.5842667,mouse_move,,531,378,
1788200054.5923765,mouse_move,,523,378,
1788200054.6003687,mouse_move,,517,378,
1788200054.6083694,mouse_move,,509,378,
1788200054.6164908,mouse_move,,501,378,
1788200054.6244528,mouse_move,,492,378,
1788200054.632437,mouse_move,,488,378,
1788200054.6403131,mouse_move,,480,378,
1788200054.64848,mouse_move,,469,378,
1788200054.6563709,mouse_move,,458,378,
1788200054.6643925,mouse_move,,448,378,
1788200054.6723433,mouse_move,,437,378,
1788200054.680488,mouse_move,,426,378,
1788200054.6884224,mouse_move,,412,378,
1788200054.6963103,mouse_move,,402,378,
1788200054.704373,mouse_move,,391,378,
1788200054.7123811,mouse_move,,375,378,
1788200054.7203517,mouse_move,,361,378,
1788200054.7283711,mouse_move,,342,376,
1788200054.7363687,mouse_move,,328,372,
1788200054.7443857,mouse_move,,312,372,
1788200054.7523394,mouse_move,,298,370,
1788200054.7604988,mouse_move,,285,368,
1788200054.7683764,mouse_move,,276,364,
1788200054.7764065,mouse_move,,271,364,
1788200054.7843258,mouse_move,,265,363,
1788200054.7923937,mouse_move,,259,363,
1788200054.8002768,mouse_move,,253,361,
1788200054.8083405,mouse_move,,252,361,
1788200054.8164299,mouse_move,,250,361,
1788200054.8243892,mouse_move,,245,360,
1788200054.840429,mouse_move,,243,360,
1788200054.8484426,mouse_move,,242,359,
1788200054.864371,mouse_move,,240,357,
1788200054.872423,mouse_move,,239,357,
1788200054.8885765,mouse_move,,238,357,
1788200054.8963015,mouse_move,,237,356,
1788200055.0008497,mouse_move,,236,355,
1788200055.0407813,mouse_move,,236,353,
1788200055.0484746,mouse_move,,236,352,
1788200055.0647132,mouse_move,,236,350,
1788200055.0808737,mouse_move,,236,347,
1788200055.096482,mouse_move,,233,344,
1788200055.1124485,mouse_move,,232,343,
1788200055.1204195,mouse_move,,231,341,
1788200055.1365395,mouse_move,,229,339,
1788200055.144387,mouse_move,,228,338,
1788200055.1523793,mouse_move,,226,335,
1788200055.1603582,mouse_move,,223,332,
1788200055.1684606,mouse_move,,219,331,
1788200055.176352,mouse_move,,210,329,
1788200055.1842632,mouse_move,,204,328,
1788200055.1924245,mouse_move,,195,324,
1788200055.2004404,mouse_move,,186,322,
1788200055.2083292,mouse_move,,180,321,
1788200055.2164218,mouse_move,,176,321,
1788200055.2243674,mouse_move,,168,319,
1788200055.2323472,mouse_move,,165,319,
1788200055.240297,mouse_move,,163,319,
1788200055.2483897,mouse_move,,161,319,
1788200055.2564418,mouse_move,,159,319,
1788200055.425046,mouse_move,,158,319,
1788200055.4892354,mouse_move,,157,319,
1788200055.536891,mouse_move,,156,321,
1788200055.5768168,mouse_move,,156,322,
1788200055.6084967,mouse_move,,154,323,
1788200056.1372662,mouse_click,down,154,323,Button.left
1788200056.2732797,mouse_click,up,154,323,Button.left
1788200056.4249852,mouse_move,,153,324,
1788200056.5689497,mouse_move,,152,325,
1788200056.5769465,mouse_move,,152,326,
1788200056.5843232,mouse_move,,152,327,
1788200056.5924258,mouse_move,,152,328,
1788200056.6004043,mouse_move,,152,332,
1788200056.6084146,mouse_move,,152,335,
1788200056.616558,mouse_move,,153,339,
1788200056.624354,mouse_move,,154,344,
1788200056.6323414,mouse_move,,159,350,
1788200056.6403134,mouse_move,,163,359,
1788200056.648387,mouse_move,,164,368,
1788200056.656397,mouse_move,,170,377,
1788200056.66438,mouse_move,,174,389,
1788200056.6723602,mouse_move,,178,403,
1788200056.6804,mouse_move,,184,417,
1788200056.6884544,mouse_move,,192,429,
1788200056.6963446,mouse_move,,200,444,
1788200056.7044547,mouse_move,,209,458,
1788200056.7124474,mouse_move,,215,470,
1788200056.7203774,mouse_move,,222,480,
1788200056.7283423,mouse_move,,230,492,
1788200056.7365022,mouse_move,,238,501,
1788200056.7444808,mouse_move,,241,506,
1788200056.752401,mouse_move,,248,515,
1788200056.7602925,mouse_move,,251,519,
1788200056.7683382,mouse_move,,256,524,
1788200056.7764008,mouse_move,,261,531,
1788200056.7842727,mouse_move,,264,533,
1788200056.7924461,mouse_move,,269,540,
1788200056.8005364,mouse_move,,271,543,
1788200056.8085256,mouse_move,,274,546,
1788200056.8165467,mouse_move,,277,549,
1788200056.824439,mouse_move,,278,551,
1788200056.8324573,mouse_move,,280,552,
1788200056.840404,mouse_move,,281,554,
1788200056.848458,mouse_move,,282,555,
1788200056.8644962,mouse_move,,283,556,
1788200056.872352,mouse_move,,284,557,
1788200056.9690757,mouse_move,,285,557,
1788200057.0005696,mouse_move,,288,557,
1788200057.0083685,mouse_move,,289,557,
1788200057.6403978,mouse_move,,291,557,
1788200057.7050061,mouse_move,,294,557,
1788200057.7365103,mouse_move,,295,556,
1788200057.7523699,mouse_move,,299,554,
1788200057.7604754,mouse_move,,301,554,
1788200057.768401,mouse_move,,303,554,
1788200057.776369,mouse_move,,307,552,
1788200057.7843366,mouse_move,,308,552,
1788200057.7924197,mouse_move,,309,552,
1788200057.8004158,mouse_move,,313,552,
1788200057.8084054,mouse_move,,315,552,
1788200057.8164692,mouse_move,,320,552,
1788200057.824311,mouse_move,,322,552,
1788200057.8324597,mouse_move,,328,552,
1788200057.840292,mouse_move,,331,552,
1788200057.8483686,mouse_move,,335,552,
1788200057.8563948,mouse_move,,338,552,
1788200057.8644295,mouse_move,,344,554,
1788200057.8723693,mouse_move,,348,555,
1788200057.880356,mouse_move,,353,556,
1788200057.888362,mouse_move,,355,559,
1788200057.8963969,mouse_move,,358,559,
1788200057.90442,mouse_move,,361,562,
1788200057.9123926,mouse_move,,367,565,
1788200057.9203498,mouse_move,,368,566,
1788200057.9283595,mouse_move,,372,569,
1788200057.9363189,mouse_move,,373,570,
1788200057.9444156,mouse_move,,376,573,
1788200057.952377,mouse_move,,377,574,
1788200057.9603746,mouse_move,,380,575,
1788200057.9683602,mouse_move,,384,578,
1788200057.9763541,mouse_move,,385,579,
1788200057.9843712,mouse_move,,388,582,
1788200057.9923944,mouse_move,,389,585,
1788200058.0003319,mouse_move,,392,586,
1788200058.0083916,mouse_move,,392,587,
1788200058.0164487,mouse_move,,393,590,
1788200058.0244143,mouse_move,,393,591,
1788200058.0323853,mouse_move,,393,593,
1788200058.040376,mouse_move,,393,596,
1788200058.0483973,mouse_move,,394,598,
1788200058.0643966,mouse_move,,397,603,
1788200058.0724316,mouse_move,,397,604,
1788200058.088714,mouse_move,,400,608,
1788200058.0963442,mouse_move,,400,609,
1788200058.104552,mouse_move,,401,612,
1788200058.1123207,mouse_move,,403,613,
1788200058.12069,mouse_move,,404,615,
1788200058.1283438,mouse_move,,405,616,
1788200058.1363676,mouse_move,,406,618,
1788200058.144347,mouse_move,,406,621,
1788200058.1522584,mouse_move,,407,624,
1788200058.1602974,mouse_move,,407,628,
1788200058.1683457,mouse_move,,407,633,
1788200058.1763403,mouse_move,,407,641,
1788200058.184282,mouse_move,,411,652,
1788200058.1923146,mouse_move,,413,666,
1788200058.200415,mouse_move,,415,677,
1788200058.2083137,mouse_move,,415,693,
1788200058.216403,mouse_move,,421,708,
1788200058.2243469,mouse_move,,421,718,
1788200058.2322721,mouse_move,,423,735,
1788200058.2402825,mouse_move,,425,743,
1788200058.2482758,mouse_move,,427,755,
1788200058.2564342,mouse_move,,431,766,
1788200058.264391,mouse_move,,434,775,
1788200058.272419,mouse_move,,436,786,
1788200058.2804124,mouse_move,,440,795,
1788200058.2883387,mouse_move,,442,807,
1788200058.2962687,mouse_move,,446,823,
1788200058.3044078,mouse_move,,452,840,
1788200058.3124635,mouse_move,,454,862,
1788200058.3204746,mouse_move,,456,886,
1788200058.3283184,mouse_move,,461,910,
1788200058.3364956,mouse_move,,465,932,
1788200058.3444483,mouse_move,,465,953,
1788200058.3524196,mouse_move,,471,970,
1788200058.3603635,mouse_move,,475,984,
1788200058.3683324,mouse_move,,480,1000,
1788200058.376377,mouse_move,,486,1014,
1788200058.3842754,mouse_move,,494,1026,
1788200058.3923106,mouse_move,,502,1039,
1788200058.40042,mouse_move,,505,1048,
1788200058.4083114,mouse_move,,513,1057,
1788200058.4163816,mouse_move,,520,1064,
1788200058.424369,mouse_move,,523,1067,
1788200058.432341,mouse_move,,528,1072,
1788200058.4402714,mouse_move,,532,1076,
1788200058.4483716,mouse_move,,537,1078,
1788200058.4563558,mouse_move,,540,1081,
1788200058.4644167,mouse_move,,542,1082,
1788200058.4723601,mouse_move,,545,1085,
1788200058.4883409,mouse_move,,547,1088,
1788200058.5044723,mouse_move,,551,1092,
1788200058.5124018,mouse_move,,552,1092,
1788200058.5203362,mouse_move,,558,1092,
1788200058.5284827,mouse_move,,568,1092,
1788200058.5370247,mouse_move,,574,1092,
1788200058.5443363,mouse_move,,578,1092,
1788200058.552291,mouse_move,,579,1092,
1788200058.801042,mouse_move,,569,1092,
1788200058.8083618,mouse_move,,550,1089,
1788200058.8164039,mouse_move,,544,1088,
1788200058.824447,mouse_move,,533,1084,
1788200058.8323658,mouse_move,,528,1081,
1788200058.8403106,mouse_move,,520,1077,
1788200058.8486474,mouse_move,,517,1076,
1788200058.856413,mouse_move,,512,1073,
1788200058.864379,mouse_move,,504,1071,
1788200058.8724394,mouse_move,,498,1068,
1788200058.8805184,mouse_move,,487,1068,
1788200058.888433,mouse_move,,475,1062,
1788200058.8963392,mouse_move,,464,1060,
1788200058.9043643,mouse_move,,449,1054,
1788200058.9123979,mouse_move,,441,1052,
1788200058.9203277,mouse_move,,430,1051,
1788200058.92828,mouse_move,,418,1049,
1788200058.9364557,mouse_move,,408,1049,
1788200058.9443817,mouse_move,,396,1045,
1788200058.9523447,mouse_move,,390,1045,
1788200058.9604146,mouse_move,,386,1043,
1788200058.968328,mouse_move,,381,1043,
1788200058.9763556,mouse_move,,375,1042,
1788200058.9924252,mouse_move,,374,1042,
1788200059.0004182,mouse_move,,372,1041,
1788200059.0083537,mouse_move,,370,1041,
1788200059.0406494,mouse_move,,369,1041,
1788200059.0483117,mouse_move,,368,1041,
1788200059.064614,mouse_move,,366,1041,
1788200059.0726287,mouse_move,,365,1041,
1788200059.0890994,mouse_move,,362,1039,
1788200059.120519,mouse_move,,361,1038,
1788200059.1284065,mouse_move,,360,1038,
1788200059.168614,mouse_move,,359,1038,
1788200059.1764364,mouse_move,,358,1037,
1788200059.2086935,mouse_move,,356,1036,
1788200059.224526,mouse_move,,356,1034,
1788200059.2324662,mouse_move,,356,1032,
1788200059.248786,mouse_move,,356,1031,
1788200059.2645109,mouse_move,,356,1030,
1788200059.2802935,mouse_move,,357,1026,
1788200059.2883375,mouse_move,,358,1025,
1788200059.2963758,mouse_move,,359,1025,
1788200059.3122752,mouse_move,,360,1025,
1788200059.3203628,mouse_move,,361,1024,
1788200059.3846164,mouse_move,,361,1025,
1788200059.3923542,mouse_move,,361,1031,
1788200059.4003067,mouse_move,,361,1034,
1788200059.408367,mouse_move,,356,1041,
1788200059.4163918,mouse_move,,354,1047,
1788200059.424385,mouse_move,,347,1054,
1788200059.4324229,mouse_move,,344,1059,
1788200059.4403057,mouse_move,,339,1065,
1788200059.4483433,mouse_move,,335,1072,
1788200059.4563484,mouse_move,,328,1079,
1788200059.4643981,mouse_move,,327,1083,
1788200059.4723086,mouse_move,,324,1088,
1788200059.4803693,mouse_move,,322,1091,
1788200059.4883747,mouse_move,,321,1095,
1788200059.4963503,mouse_move,,318,1099,
1788200059.5043073,mouse_move,,315,1102,
1788200059.5124016,mouse_move,,315,1103,
1788200059.5203898,mouse_move,,314,1105,
1788200059.5529165,mouse_move,,313,1106,
1788200059.584723,mouse_move,,312,1106,
1788200059.5929945,mouse_move,,311,1107,
1788200059.6324842,mouse_move,,309,1107,
1788200059.6403193,mouse_move,,308,1107,
1788200059.6483676,mouse_move,,307,1106,
1788200059.6564326,mouse_move,,305,1103,
1788200059.6644444,mouse_move,,303,1102,
1788200059.694597,mouse_move,,301,1089,
1788200059.6962354,mouse_move,,297,1080,
1788200059.7043781,mouse_move,,295,1071,
1788200059.7124472,mouse_move,,294,1065,
1788200059.7203283,mouse_move,,294,1059,
1788200059.7283247,mouse_move,,292,1055,
1788200059.7363975,mouse_move,,292,1049,
1788200059.744431,mouse_move,,289,1043,
1788200059.7523203,mouse_move,,289,1040,
1788200059.7603762,mouse_move,,289,1037,
1788200059.7683482,mouse_move,,289,1035,
1788200059.7764244,mouse_move,,289,1031,
1788200059.784274,mouse_move,,289,1028,
1788200059.7923303,mouse_move,,289,1024,
1788200059.800334,mouse_move,,289,1019,
1788200059.8083909,mouse_move,,289,1015,
1788200059.816385,mouse_move,,289,1011,
1788200059.8247015,mouse_move,,291,1008,
1788200059.8323493,mouse_move,,292,1005,
1788200059.840277,mouse_move,,295,1002,
1788200059.8483245,mouse_move,,298,998,
1788200059.8563359,mouse_move,,300,994,
1788200059.8642957,mouse_move,,300,991,
1788200059.880437,mouse_move,,301,990,
1788200059.8883796,mouse_move,,303,989,
1788200059.896399,mouse_move,,306,984,
1788200059.9044354,mouse_move,,309,981,
1788200059.9123166,mouse_move,,310,980,
1788200059.9203606,mouse_move,,310,979,
1788200059.9282556,mouse_move,,311,978,
1788200059.936309,mouse_move,,313,975,
1788200059.9443648,mouse_move,,314,974,
1788200059.9524324,mouse_move,,315,973,
1788200059.968676,mouse_move,,316,972,
1788200060.2726238,mouse_move,,316,967,
1788200060.2804205,mouse_move,,316,952,
1788200060.2883468,mouse_move,,315,948,
1788200060.296337,mouse_move,,315,942,
1788200060.3046865,mouse_move,,315,934,
1788200060.3125873,mouse_move,,315,923,
1788200060.320456,mouse_move,,315,915,
1788200060.328362,mouse_move,,314,906,
1788200060.3364315,mouse_move,,314,900,
1788200060.3443627,mouse_move,,314,894,
1788200060.3523486,mouse_move,,314,892,
1788200060.3603835,mouse_move,,314,887,
1788200060.3683531,mouse_move,,314,885,
1788200060.376322,mouse_move,,314,881,
1788200060.3843114,mouse_move,,314,878,
1788200060.3923888,mouse_move,,314,874,
1788200060.4003897,mouse_move,,314,871,
1788200060.4083424,mouse_move,,314,867,
1788200060.416571,mouse_move,,314,864,
1788200060.4244452,mouse_move,,314,862,
1788200060.4324021,mouse_move,,314,859,
1788200060.4402666,mouse_move,,314,858,
1788200060.4483662,mouse_move,,314,854,
1788200060.4564505,mouse_move,,314,853,
1788200060.4643817,mouse_move,,315,851,
1788200060.4723763,mouse_move,,315,849,
1788200060.4803467,mouse_move,,315,848,
1788200060.4884527,mouse_move,,316,847,
1788200060.5044525,mouse_move,,317,846,
1788200060.5205734,mouse_move,,320,843,
1788200060.5613148,mouse_move,,321,842,
1788200060.664478,mouse_move,,322,841,
1788200060.6964724,mouse_move,,323,841,
1788200060.712655,mouse_move,,325,841,
1788200060.7203536,mouse_move,,326,841,
1788200060.7283437,mouse_move,,327,841,
1788200060.7445884,mouse_move,,331,841,
1788200060.752286,mouse_move,,332,841,
1788200060.7604144,mouse_move,,334,841,
1788200060.768446,mouse_move,,337,841,
1788200060.7763717,mouse_move,,343,841,
1788200060.7842703,mouse_move,,345,841,
1788200060.792348,mouse_move,,348,841,
1788200060.8003285,mouse_move,,352,841,
1788200060.808308,mouse_move,,358,841,
1788200060.8163943,mouse_move,,362,841,
1788200060.8242753,mouse_move,,371,843,
1788200060.8322656,mouse_move,,379,845,
1788200060.8402572,mouse_move,,393,847,
1788200060.8483598,mouse_move,,407,851,
1788200060.8564103,mouse_move,,418,851,
1788200060.864388,mouse_move,,435,855,
1788200060.872469,mouse_move,,449,861,
1788200060.880358,mouse_move,,465,865,
1788200060.8885567,mouse_move,,482,871,
1788200060.8962827,mouse_move,,494,877,
1788200060.9044127,mouse_move,,504,885,
1788200060.9124103,mouse_move,,511,890,
1788200060.920369,mouse_move,,518,897,
1788200060.9283757,mouse_move,,523,907,
1788200060.936418,mouse_move,,526,911,
1788200060.9443955,mouse_move,,532,922,
1788200060.95237,mouse_move,,533,928,
1788200060.9603996,mouse_move,,535,939,
1788200060.9684465,mouse_move,,535,945,
1788200060.9763863,mouse_move,,537,954,
1788200060.9843776,mouse_move,,537,962,
1788200060.9922986,mouse_move,,537,970,
1788200061.0003843,mouse_move,,537,978,
1788200061.0083427,mouse_move,,537,983,
1788200061.0164702,mouse_move,,536,989,
1788200061.0243518,mouse_move,,533,993,
1788200061.032383,mouse_move,,530,1000,
1788200061.0403025,mouse_move,,527,1006,
1788200061.048335,mouse_move,,525,1009,
1788200061.0563724,mouse_move,,522,1017,
1788200061.0643702,mouse_move,,521,1020,
1788200061.0723083,mouse_move,,516,1027,
1788200061.080343,mouse_move,,514,1029,
1788200061.08835,mouse_move,,511,1036,
1788200061.0963392,mouse_move,,507,1040,
1788200061.104342,mouse_move,,505,1043,
1788200061.112348,mouse_move,,501,1048,
1788200061.1203563,mouse_move,,499,1049,
1788200061.1284454,mouse_move,,495,1053,
1788200061.13635,mouse_move,,493,1054,
1788200061.1443987,mouse_move,,486,1059,
1788200061.1523068,mouse_move,,485,1059,
1788200061.1603703,mouse_move,,479,1062,
1788200061.16841,mouse_move,,478,1062,
1788200061.1763716,mouse_move,,472,1066,
1788200061.1842825,mouse_move,,471,1066,
1788200061.192327,mouse_move,,467,1068,
1788200061.200406,mouse_move,,465,1069,
1788200061.208367,mouse_move,,462,1069,
1788200061.2167442,mouse_move,,461,1069,
1788200061.2243822,mouse_move,,459,1069,
1788200061.2323282,mouse_move,,454,1069,
1788200061.2402818,mouse_move,,452,1069,
1788200061.2486606,mouse_move,,448,1069,
1788200061.2564251,mouse_move,,445,1069,
1788200061.2642813,mouse_move,,441,1069,
1788200061.272478,mouse_move,,438,1069,
1788200061.2803843,mouse_move,,432,1069,
1788200061.2883856,mouse_move,,428,1069,
1788200061.2962923,mouse_move,,424,1069,
1788200061.304415,mouse_move,,421,1069,
1788200061.3123624,mouse_move,,418,1069,
1788200061.320381,mouse_move,,410,1068,
1788200061.3283813,mouse_move,,406,1065,
1788200061.3364234,mouse_move,,403,1062,
1788200061.3443437,mouse_move,,397,1061,
1788200061.3523889,mouse_move,,394,1058,
1788200061.360872,mouse_move,,389,1055,
1788200061.3683515,mouse_move,,385,1052,
1788200061.37634,mouse_move,,382,1049,
1788200061.3843513,mouse_move,,378,1046,
1788200061.3924031,mouse_move,,373,1042,
1788200061.4004397,mouse_move,,372,1039,
1788200061.4083755,mouse_move,,370,1036,
1788200061.4164696,mouse_move,,367,1033,
1788200061.4243028,mouse_move,,366,1031,
1788200061.4324,mouse_move,,366,1029,
1788200061.44028,mouse_move,,366,1026,
1788200061.4483862,mouse_move,,366,1023,
1788200061.4564042,mouse_move,,366,1022,
1788200061.4643636,mouse_move,,366,1020,
1788200061.472385,mouse_move,,366,1018,
1788200061.4884315,mouse_move,,366,1016,
1788200061.5285852,mouse_move,,367,1015,
1788200061.8648875,mouse_move,,369,1014,
1788200061.8723576,mouse_move,,370,1010,
1788200061.888749,mouse_move,,370,1005,
1788200061.8964286,mouse_move,,370,1003,
1788200061.9127305,mouse_move,,370,997,
1788200061.9203925,mouse_move,,370,993,
1788200061.9283752,mouse_move,,370,991,
1788200061.9363754,mouse_move,,370,986,
1788200061.9444332,mouse_move,,370,985,
1788200061.9523323,mouse_move,,370,983,
1788200061.9684756,mouse_move,,370,980,
1788200061.984313,mouse_move,,370,977,
1788200062.0169845,mouse_move,,370,976,
1788200062.0252361,mouse_move,,370,974,
1788200062.0324035,mouse_move,,370,973,
1788200062.0403302,mouse_move,,370,972,
1788200062.0483658,mouse_move,,370,970,
1788200062.0563033,mouse_move,,370,968,
1788200062.064398,mouse_move,,370,967,
1788200062.0804493,mouse_move,,370,966,
1788200062.0883014,mouse_move,,370,965,
1788200062.0963821,mouse_move,,370,962,
1788200062.1043754,mouse_move,,373,959,
1788200062.1124034,mouse_move,,374,958,
1788200062.1284008,mouse_move,,375,957,
1788200062.1449425,mouse_move,,376,956,
1788200062.1523755,mouse_move,,377,953,
1788200062.1606247,mouse_move,,378,953,
1788200062.1684155,mouse_move,,380,952,
1788200062.2005098,mouse_move,,382,951,
1788200062.2083085,mouse_move,,385,948,
1788200062.2253044,mouse_move,,386,947,
1788200062.2888563,mouse_move,,387,946,
1788200062.3448565,mouse_move,,390,946,
1788200062.36078,mouse_move,,391,946,
1788200062.416942,mouse_move,,392,945,
1788200062.4244807,mouse_move,,393,945,
1788200062.464819,mouse_move,,395,945,
1788200062.4808412,mouse_move,,397,945,
1788200062.9528656,mouse_move,,396,945,
1788200062.9604564,mouse_move,,392,948,
1788200062.9684126,mouse_move,,391,949,
1788200062.9763956,mouse_move,,389,952,
1788200062.9843059,mouse_move,,389,956,
1788200062.992371,mouse_move,,388,957,
1788200063.0004342,mouse_move,,385,963,
1788200063.0083826,mouse_move,,385,968,
1788200063.0168266,mouse_move,,385,971,
1788200063.0243518,mouse_move,,385,977,
1788200063.0323188,mouse_move,,385,981,
1788200063.0403073,mouse_move,,385,984,
1788200063.0483837,mouse_move,,385,990,
1788200063.0563333,mouse_move,,387,993,
1788200063.0643697,mouse_move,,392,1001,
1788200063.072342,mouse_move,,392,1004,
1788200063.0804348,mouse_move,,392,1010,
1788200063.0883563,mouse_move,,392,1018,
1788200063.0962944,mouse_move,,392,1024,
1788200063.1043758,mouse_move,,392,1034,
1788200063.1125238,mouse_move,,392,1045,
1788200063.1203973,mouse_move,,391,1056,
1788200063.1283426,mouse_move,,389,1067,
1788200063.136474,mouse_move,,384,1077,
1788200063.1444075,mouse_move,,382,1088,
1788200063.1524134,mouse_move,,380,1094,
1788200063.1604118,mouse_move,,378,1103,
1788200063.1683893,mouse_move,,378,1107,
1788200063.1762667,mouse_move,,375,1111,
1788200063.184295,mouse_move,,375,1114,
1788200063.1923192,mouse_move,,375,1115,
1788200063.200435,mouse_move,,374,1118,
1788200063.20886,mouse_move,,374,1120,
1788200063.2163062,mouse_move,,374,1121,
1788200063.2243097,mouse_move,,374,1122,
1788200063.2324076,mouse_move,,374,1124,
1788200063.2402966,mouse_move,,374,1125,
1788200063.248369,mouse_move,,374,1126,
1788200063.2649767,mouse_move,,374,1127,
1788200063.2723255,mouse_move,,374,1128,
1788200063.2803426,mouse_move,,377,1129,
1788200063.3288772,mouse_move,,379,1129,
1788200063.3616102,mouse_move,,382,1129,
1788200063.368387,mouse_move,,386,1129,
1788200063.3843095,mouse_move,,387,1129,
1788200063.800661,mouse_move,,387,1129,
1788200063.8324633,mouse_move,,386,1128,
1788200063.8409867,mouse_move,,385,1128,
1788200063.8484075,mouse_move,,384,1128,
1788200063.8564181,mouse_move,,383,1127,
1788200063.9607854,mouse_move,,387,1127,
1788200063.9684045,mouse_move,,391,1129,
1788200063.976411,mouse_move,,396,1132,
1788200063.9842765,mouse_move,,397,1135,
1788200063.9924347,mouse_move,,400,1138,
1788200064.0004256,mouse_move,,400,1144,
1788200064.008345,mouse_move,,400,1152,
1788200064.0164523,mouse_move,,404,1161,
1788200064.0244503,mouse_move,,404,1167,
1788200064.0323257,mouse_move,,405,1175,
1788200064.040263,mouse_move,,405,1181,
1788200064.0482821,mouse_move,,405,1185,
1788200064.0563922,mouse_move,,405,1191,
1788200064.0643344,mouse_move,,405,1195,
1788200064.0723486,mouse_move,,405,1198,
1788200064.080397,mouse_move,,405,1202,
1788200064.0883908,mouse_move,,405,1203,
1788200064.0963683,mouse_move,,405,1204,
1788200064.104373,mouse_move,,407,1207,
1788200064.1686833,mouse_move,,407,1208,
1788200064.4004521,mouse_move,,408,1209,
1788200064.4083912,mouse_move,,410,1213,
1788200064.4164915,mouse_move,,410,1214,
1788200064.42431,mouse_move,,412,1215,
1788200064.4403272,mouse_move,,413,1217,
1788200064.456437,mouse_move,,413,1218,
1788200064.4726694,mouse_move,,413,1220,
1788200064.4884725,mouse_move,,414,1221,
1788200064.5284593,mouse_move,,416,1224,
1788200064.544475,mouse_move,,416,1226,
1788200064.5523782,mouse_move,,418,1229,
1788200064.5603318,mouse_move,,418,1230,
1788200064.568442,mouse_move,,419,1233,
1788200064.576358,mouse_move,,419,1234,
1788200064.5842495,mouse_move,,419,1235,
1788200064.5923495,mouse_move,,419,1236,
1788200064.6007948,mouse_move,,420,1240,
1788200064.6165984,mouse_move,,422,1243,
1788200064.6244266,mouse_move,,423,1244,
1788200064.6324217,mouse_move,,423,1245,
1788200064.6407728,mouse_move,,424,1246,
1788200064.6564503,mouse_move,,425,1247,
1788200064.6726103,mouse_move,,426,1250,
1788200064.6809838,mouse_move,,426,1251,
1788200064.6887102,mouse_move,,429,1254,
1788200064.704396,mouse_move,,430,1255,
1788200064.7203605,mouse_move,,432,1256,
1788200064.728417,mouse_move,,434,1256,
1788200064.736413,mouse_move,,435,1256,
1788200064.7522957,mouse_move,,437,1258,
1788200064.8809984,mouse_move,,438,1258,
1788200064.9128525,mouse_move,,440,1257,
1788200064.9285212,mouse_move,,441,1256,
1788200064.9611247,mouse_move,,441,1255,
1788200064.9769723,mouse_move,,441,1254,
1788200065.0405476,mouse_move,,440,1251,
1788200065.0726109,mouse_move,,439,1250,
1788200065.0806222,mouse_move,,439,1249,
1788200065.088408,mouse_move,,438,1248,
1788200065.0963764,mouse_move,,437,1247,
1788200065.1122835,mouse_move,,436,1247,
1788200065.1283166,mouse_move,,435,1246,
1788200066.008657,mouse_move,,435,1243,
1788200066.0246162,mouse_move,,435,1240,
1788200066.0323894,mouse_move,,436,1239,
1788200066.5128582,mouse_move,,436,1239,
1788200066.5206552,mouse_move,,435,1239,
1788200066.528334,mouse_move,,434,1239,
1788200066.536423,mouse_move,,431,1239,
1788200066.544427,mouse_move,,430,1238,
1788200066.817,mouse_move,,430,1238,
1788200066.8249712,mouse_move,,430,1239,
1788200066.832869,mouse_move,,432,1241,
1788200066.936756,mouse_move,,433,1242,
1788200066.9527755,mouse_move,,433,1243,
1788200066.9614046,mouse_move,,434,1244,
1788200066.9684482,mouse_move,,435,1246,
1788200066.9766645,mouse_move,,436,1248,
1788200067.0163946,mouse_move,,437,1249,
1788200067.0244055,mouse_move,,439,1250,
1788200067.0646238,mouse_move,,440,1250,
1788200067.0725322,mouse_move,,442,1250,
1788200067.0803614,mouse_move,,446,1250,
1788200067.088384,mouse_move,,451,1249,
1788200067.0963018,mouse_move,,455,1249,
1788200067.1044662,mouse_move,,459,1248,
1788200067.1124518,mouse_move,,466,1246,
1788200067.120386,mouse_move,,472,1246,
1788200067.1283703,mouse_move,,480,1246,
1788200067.1364129,mouse_move,,491,1247,
1788200067.1444414,mouse_move,,499,1249,
1788200067.1523497,mouse_move,,509,1255,
1788200067.1604476,mouse_move,,523,1257,
1788200067.1683576,mouse_move,,537,1261,
1788200067.1764016,mouse_move,,548,1264,
1788200067.1842527,mouse_move,,564,1267,
1788200067.192249,mouse_move,,578,1271,
1788200067.2004147,mouse_move,,595,1273,
1788200067.2083535,mouse_move,,606,1276,
1788200067.2163458,mouse_move,,617,1276,
1788200067.2243595,mouse_move,,634,1278,
1788200067.232388,mouse_move,,645,1280,
1788200067.24031,mouse_move,,656,1284,
1788200067.2483869,mouse_move,,665,1284,
1788200067.256406,mouse_move,,673,1286,
1788200067.2643163,mouse_move,,679,1287,
1788200067.2723632,mouse_move,,686,1289,
1788200067.2804198,mouse_move,,690,1292,
1788200067.2883883,mouse_move,,693,1292,
1788200067.296312,mouse_move,,695,1293,
1788200067.3283455,mouse_move,,698,1293,
1788200067.3443897,mouse_move,,699,1293,
1788200067.3523333,mouse_move,,700,1293,
1788200067.3603594,mouse_move,,701,1293,
1788200067.3683164,mouse_move,,704,1293,
1788200067.3763187,mouse_move,,707,1292,
1788200067.392422,mouse_move,,708,1292,
1788200067.4009142,mouse_move,,710,1292,
1788200067.4083638,mouse_move,,713,1292,
1788200067.4164994,mouse_move,,714,1292,
1788200067.4244387,mouse_move,,718,1292,
1788200067.4403908,mouse_move,,720,1292,
1788200067.4484296,mouse_move,,723,1292,
1788200067.45644,mouse_move,,724,1292,
1788200067.464378,mouse_move,,725,1292,
1788200067.4723728,mouse_move,,726,1292,
1788200067.4804044,mouse_move,,730,1293,
1788200067.496385,mouse_move,,731,1293,
1788200067.5043573,mouse_move,,734,1294,
1788200067.5123792,mouse_move,,735,1294,
1788200067.5284214,mouse_move,,737,1296,
1788200067.720451,mouse_move,,738,1296,
1788200067.7283142,mouse_move,,740,1297,
1788200067.7363536,mouse_move,,740,1298,
1788200067.744361,mouse_move,,740,1299,
1788200067.752303,mouse_move,,740,1300,
1788200067.7923858,mouse_move,,740,1303,
1788200067.9369745,mouse_click,down,740,1303,Button.left
1788200068.04063,mouse_click,up,740,1303,Button.left
1788200068.408402,mouse_move,,739,1303,
1788200068.4168282,mouse_move,,738,1303,
1788200068.5203655,mouse_move,,737,1303,
1788200068.5523434,mouse_move,,739,1304,
1788200068.5603333,mouse_move,,762,1299,
1788200068.5683463,mouse_move,,784,1288,
1788200068.576387,mouse_move,,805,1268,
1788200068.5843692,mouse_move,,836,1242,
1788200068.592351,mouse_move,,885,1205,
1788200068.6003423,mouse_move,,948,1150,
1788200068.608351,mouse_move,,1026,1080,
1788200068.6163602,mouse_move,,1119,1011,
1788200068.6244285,mouse_move,,1205,952,
1788200068.632406,mouse_move,,1297,892,
1788200068.6403725,mouse_move,,1388,837,
1788200068.6484241,mouse_move,,1485,781,
1788200068.6563601,mouse_move,,1575,734,
1788200068.665119,mouse_move,,1665,683,
1788200068.6723282,mouse_move,,1750,636,
1788200068.6803262,mouse_move,,1829,599,
1788200068.6883461,mouse_move,,1908,561,
1788200068.696352,mouse_move,,1976,529,
1788200068.7043085,mouse_move,,2019,501,
1788200068.7123487,mouse_move,,2061,480,
1788200068.720354,mouse_move,,2099,454,
1788200068.7283823,mouse_move,,2121,440,
1788200068.7363644,mouse_move,,2141,429,
1788200068.7443922,mouse_move,,2153,421,
1788200068.7524347,mouse_move,,2165,413,
1788200068.7603195,mouse_move,,2166,412,
1788200068.7683306,mouse_move,,2167,411,
1788200068.8003745,mouse_move,,2169,410,
1788200068.8083625,mouse_move,,2168,409,
1788200068.8243637,mouse_move,,2167,408,
1788200068.9203851,mouse_move,,2170,408,
1788200068.9283144,mouse_move,,2185,409,
1788200068.93635,mouse_move,,2196,409,
1788200068.9443607,mouse_move,,2212,409,
1788200068.9524124,mouse_move,,2233,409,
1788200068.9603922,mouse_move,,2260,405,
1788200068.9683366,mouse_move,,2295,395,
1788200068.976407,mouse_move,,2339,380,
1788200068.98436,mouse_move,,2373,370,
1788200068.992348,mouse_move,,2412,356,
1788200069.0003612,mouse_move,,2448,339,
1788200069.0083659,mouse_move,,2472,331,
1788200069.0162988,mouse_move,,2497,319,
1788200069.024266,mouse_move,,2519,306,
1788200069.032348,mouse_move,,2536,302,
1788200069.0403802,mouse_move,,2553,291,
1788200069.0483568,mouse_move,,2568,278,
1788200069.0563624,mouse_move,,2580,266,
1788200069.0643725,mouse_move,,2597,255,
1788200069.072352,mouse_move,,2607,245,
1788200069.0803561,mouse_move,,2622,235,
1788200069.08838,mouse_move,,2631,229,
1788200069.0963724,mouse_move,,2641,221,
1788200069.1044035,mouse_move,,2648,214,
1788200069.1123455,mouse_move,,2653,211,
1788200069.1203766,mouse_move,,2656,208,
1788200069.1284175,mouse_move,,2657,207,
1788200069.1363542,mouse_move,,2657,206,
1788200069.1523333,mouse_move,,2657,204,
1788200069.160334,mouse_move,,2657,203,
1788200069.2324343,mouse_move,,2658,201,
1788200069.2403429,mouse_move,,2659,197,
1788200069.2483318,mouse_move,,2662,193,
1788200069.256497,mouse_move,,2665,190,
1788200069.264374,mouse_move,,2666,187,
1788200069.2723715,mouse_move,,2669,183,
1788200069.2803993,mouse_move,,2670,182,
1788200069.288427,mouse_move,,2672,178,
1788200069.2963426,mouse_move,,2672,177,
1788200069.3049273,mouse_move,,2673,176,
1788200069.3124366,mouse_move,,2675,173,
1788200069.3203275,mouse_move,,2677,169,
1788200069.3283653,mouse_move,,2680,166,
1788200069.3364446,mouse_move,,2681,160,
1788200069.3443341,mouse_move,,2684,157,
1788200069.3724878,mouse_move,,2695,139,
1788200069.37633,mouse_move,,2699,133,
1788200069.3842847,mouse_move,,2702,130,
1788200069.3923852,mouse_move,,2702,129,
1788200069.400338,mouse_move,,2702,128,
1788200069.4805703,mouse_move,,2702,125,
1788200069.528432,mouse_move,,2702,124,
1788200069.600961,mouse_move,,2702,124,
1788200069.6331027,mouse_move,,2700,127,
1788200069.640375,mouse_move,,2699,128,
1788200069.6486027,mouse_move,,2696,131,
1788200069.6564434,mouse_move,,2694,132,
1788200069.6643686,mouse_move,,2687,137,
1788200069.6724074,mouse_move,,2682,140,
1788200069.6802576,mouse_move,,2672,147,
1788200069.6883829,mouse_move,,2664,154,
1788200069.6962602,mouse_move,,2658,156,
1788200069.7046762,mouse_move,,2652,159,
1788200069.7123637,mouse_move,,2649,162,
1788200069.7203891,mouse_move,,2646,163,
1788200069.7282677,mouse_move,,2643,165,
1788200069.7367616,mouse_move,,2642,166,
1788200069.7443314,mouse_move,,2640,168,
1788200069.7525527,mouse_move,,2639,170,
1788200069.7689798,mouse_move,,2636,172,
1788200069.8009849,mouse_move,,2633,175,
1788200069.8088317,mouse_move,,2630,178,
1788200069.8243837,mouse_move,,2630,180,
1788200069.8323925,mouse_move,,2629,183,
1788200069.8403022,mouse_move,,2629,184,
1788200069.8564897,mouse_move,,2629,188,
1788200069.8643575,mouse_move,,2629,189,
1788200069.8723168,mouse_move,,2629,193,
1788200069.8803754,mouse_move,,2629,194,
1788200069.8884203,mouse_move,,2629,195,
1788200069.896328,mouse_move,,2629,198,
1788200069.9043362,mouse_move,,2631,202,
1788200069.9203634,mouse_move,,2632,205,
1788200069.928382,mouse_move,,2632,208,
1788200069.9364047,mouse_move,,2633,209,
1788200070.1928546,mouse_move,,2632,211,
1788200070.200768,mouse_move,,2627,216,
1788200070.2164202,mouse_move,,2624,219,
1788200070.2245724,mouse_move,,2622,222,
1788200070.2324085,mouse_move,,2620,223,
1788200070.2402897,mouse_move,,2619,223,
1788200070.2483473,mouse_move,,2618,224,
1788200070.3046422,mouse_move,,2617,224,
1788200070.320897,mouse_move,,2616,224,
1788200070.3284981,mouse_move,,2613,224,
1788200070.3367567,mouse_move,,2612,224,
1788200070.344374,mouse_move,,2611,224,
1788200070.352359,mouse_move,,2610,224,
1788200070.3607051,mouse_move,,2608,224,
1788200070.3684022,mouse_move,,2606,224,
1788200070.3763998,mouse_move,,2605,224,
1788200070.4086819,mouse_move,,2600,224,
1788200070.4168408,mouse_move,,2599,224,
1788200070.4246507,mouse_move,,2598,224,
1788200070.4324381,mouse_move,,2595,224,
1788200070.4402792,mouse_move,,2594,224,
1788200070.4484205,mouse_move,,2593,224,
1788200070.4564705,mouse_move,,2592,224,
1788200070.464398,mouse_move,,2590,224,
1788200070.4723752,mouse_move,,2588,224,
1788200070.4804294,mouse_move,,2587,224,
1788200070.496306,mouse_move,,2586,224,
1788200070.5286736,mouse_move,,2582,225,
1788200070.6807623,mouse_move,,2581,225,
1788200070.7125564,mouse_move,,2580,225,
1788200070.7528517,mouse_move,,2579,224,
1788200071.0726986,mouse_move,,2576,223,
1788200071.080565,mouse_move,,2570,223,
1788200071.0887592,mouse_move,,2567,225,
1788200071.0962846,mouse_move,,2561,226,
1788200071.104299,mouse_move,,2553,226,
1788200071.112353,mouse_move,,2546,229,
1788200071.1203475,mouse_move,,2535,231,
1788200071.1283782,mouse_move,,2524,233,
1788200071.136365,mouse_move,,2505,235,
1788200071.144376,mouse_move,,2486,239,
1788200071.1523023,mouse_move,,2462,244,
1788200071.160321,mouse_move,,2435,246,
1788200071.1683488,mouse_move,,2401,253,
1788200071.1762843,mouse_move,,2362,253,
1788200071.1842766,mouse_move,,2318,253,
1788200071.1923764,mouse_move,,2248,253,
1788200071.2003512,mouse_move,,2172,253,
1788200071.2084854,mouse_move,,2101,253,
1788200071.2163584,mouse_move,,2025,253,
1788200071.2243645,mouse_move,,1944,253,
1788200071.2324786,mouse_move,,1868,253,
1788200071.2403307,mouse_move,,1786,253,
1788200071.248317,mouse_move,,1710,251,
1788200071.2563915,mouse_move,,1631,240,
1788200071.2643745,mouse_move,,1572,227,
1788200071.2723334,mouse_move,,1493,216,
1788200071.28034,mouse_move,,1425,206,
1788200071.2884145,mouse_move,,1372,194,
1788200071.2963908,mouse_move,,1328,182,
1788200071.3043797,mouse_move,,1290,171,
1788200071.3124058,mouse_move,,1266,164,
1788200071.3203783,mouse_move,,1246,156,
1788200071.328338,mouse_move,,1227,147,
1788200071.3364172,mouse_move,,1220,144,
1788200071.3444443,mouse_move,,1217,141,
1788200071.3523066,mouse_move,,1216,140,
1788200071.3603177,mouse_move,,1216,136,
1788200071.368423,mouse_move,,1215,133,
1788200071.3764021,mouse_move,,1215,129,
1788200071.3843145,mouse_move,,1215,126,
1788200071.392396,mouse_move,,1218,122,
1788200071.4004664,mouse_move,,1221,119,
1788200071.408376,mouse_move,,1222,118,
1788200071.4163814,mouse_move,,1223,118,
1788200071.4486434,mouse_move,,1224,118,
1788200071.4565027,mouse_move,,1225,117,
1788200071.464399,mouse_move,,1227,117,
1788200071.4723287,mouse_move,,1229,117,
1788200071.4804695,mouse_move,,1230,116,
1788200071.4884548,mouse_move,,1230,114,
1788200071.4963403,mouse_move,,1233,112,
1788200071.5043705,mouse_move,,1237,109,
1788200071.5124352,mouse_move,,1238,108,
1788200071.52036,mouse_move,,1239,107,
1788200071.5283825,mouse_move,,1242,104,
1788200071.53643,mouse_move,,1245,101,
1788200071.5443783,mouse_move,,1248,98,
1788200071.5524032,mouse_move,,1251,95,
1788200071.5602884,mouse_move,,1253,93,
1788200071.568356,mouse_move,,1256,91,
1788200071.576363,mouse_move,,1263,86,
1788200071.5843143,mouse_move,,1267,85,
1788200071.5923183,mouse_move,,1270,83,
1788200071.6004076,mouse_move,,1274,82,
1788200071.6082985,mouse_move,,1281,77,
1788200071.6164353,mouse_move,,1290,73,
1788200071.6243923,mouse_move,,1294,69,
1788200071.6323621,mouse_move,,1303,65,
1788200071.6403565,mouse_move,,1315,59,
1788200071.6484463,mouse_move,,1320,56,
1788200071.6563923,mouse_move,,1328,51,
1788200071.6643212,mouse_move,,1342,49,
1788200071.6723516,mouse_move,,1354,45,
1788200071.6804438,mouse_move,,1360,42,
1788200071.6883793,mouse_move,,1372,40,
1788200071.6963177,mouse_move,,1382,40,
1788200071.7044282,mouse_move,,1391,38,
1788200071.7123935,mouse_move,,1399,38,
1788200071.7203987,mouse_move,,1411,35,
1788200071.7284546,mouse_move,,1419,35,
1788200071.736444,mouse_move,,1427,35,
1788200071.7444694,mouse_move,,1436,35,
1788200071.7523205,mouse_move,,1449,35,
1788200071.760318,mouse_move,,1458,33,
1788200071.7684417,mouse_move,,1469,31,
1788200071.7763188,mouse_move,,1475,31,
1788200071.784294,mouse_move,,1479,30,
1788200071.792349,mouse_move,,1486,26,
1788200071.8003764,mouse_move,,1487,25,
1788200071.8083117,mouse_move,,1491,24,
1788200071.8244126,mouse_move,,1492,23,
1788200071.8565347,mouse_move,,1493,22,
1788200071.872357,mouse_move,,1494,20,
1788200071.8805056,mouse_move,,1495,20,
1788200071.9445415,mouse_move,,1496,20,
1788200071.9523792,mouse_move,,1499,19,
1788200071.9929574,mouse_move,,1505,18,
1788200072.0009825,mouse_move,,1514,16,
1788200072.0167012,mouse_move,,1515,16,
1788200072.0247517,mouse_move,,1519,16,
1788200072.032986,mouse_move,,1520,16,
1788200072.0407898,mouse_move,,1521,16,
1788200072.0486023,mouse_move,,1523,16,
1788200072.1931448,mouse_move,,1520,16,
1788200072.2008095,mouse_move,,1518,16,
1788200072.2089143,mouse_move,,1512,16,
1788200072.2164035,mouse_move,,1510,16,
1788200072.224417,mouse_move,,1506,13,
1788200072.2404282,mouse_move,,1502,13,
1788200072.2486036,mouse_move,,1500,13,
1788200072.2569768,mouse_move,,1499,12,
1788200072.2648456,mouse_move,,1496,12,
1788200072.2727895,mouse_move,,1494,12,
1788200072.2805388,mouse_move,,1492,12,
1788200072.2884357,mouse_move,,1491,12,
1788200072.3050103,mouse_move,,1490,12,
1788200072.3209777,mouse_move,,1488,12,
1788200072.3529186,mouse_move,,1487,12,
1788200072.6964114,mouse_move,,1485,12,
1788200072.7529795,mouse_move,,1484,12,
1788200072.7684493,mouse_move,,1479,13,
1788200072.776427,mouse_move,,1470,16,
1788200072.7842612,mouse_move,,1459,18,
1788200072.792313,mouse_move,,1450,22,
1788200072.8003438,mouse_move,,1436,26,
1788200072.8083632,mouse_move,,1425,26,
1788200072.8163757,mouse_move,,1411,26,
1788200072.82438,mouse_move,,1397,32,
1788200072.8324184,mouse_move,,1384,32,
1788200072.8403914,mouse_move,,1367,34,
1788200072.8484368,mouse_move,,1353,36,
1788200072.8564346,mouse_move,,1343,36,
1788200072.8643684,mouse_move,,1327,36,
1788200072.8724332,mouse_move,,1313,36,
1788200072.8803482,mouse_move,,1294,36,
1788200072.888335,mouse_move,,1284,36,
1788200072.8963263,mouse_move,,1268,36,
1788200072.9044237,mouse_move,,1252,36,
1788200072.9123313,mouse_move,,1238,36,
1788200072.9203706,mouse_move,,1225,36,
1788200072.9283187,mouse_move,,1213,38,
1788200072.936473,mouse_move,,1207,39,
1788200072.944433,mouse_move,,1203,41,
1788200072.9525502,mouse_move,,1200,41,
1788200072.960355,mouse_move,,1194,42,
1788200072.976361,mouse_move,,1188,44,
1788200072.9844694,mouse_move,,1187,44,
1788200072.9924774,mouse_move,,1183,44,
1788200073.0003932,mouse_move,,1182,44,
1788200073.0084095,mouse_move,,1176,45,
1788200073.0165534,mouse_move,,1174,45,
1788200073.02447,mouse_move,,1168,45,
1788200073.032333,mouse_move,,1165,45,
1788200073.0405457,mouse_move,,1163,45,
1788200073.0485082,mouse_move,,1160,45,
1788200073.056454,mouse_move,,1159,45,
1788200073.064342,mouse_move,,1157,45,
1788200073.0723126,mouse_move,,1156,45,
1788200073.0884488,mouse_move,,1154,45,
1788200073.3210065,mouse_move,,1141,37,
1788200073.4330187,mouse_click,down,1141,37,Button.left
1788200073.5367742,mouse_click,up,1141,37,Button.left
1788200073.6643739,mouse_move,,1140,37,
1788200073.6724176,mouse_move,,1139,37,
1788200073.8004074,mouse_move,,1139,38,
1788200073.8082924,mouse_move,,1143,45,
1788200073.8163798,mouse_move,,1146,51,
1788200073.8244507,mouse_move,,1156,61,
1788200073.832298,mouse_move,,1165,69,
1788200073.8402934,mouse_move,,1178,79,
1788200073.8483155,mouse_move,,1195,87,
1788200073.856415,mouse_move,,1217,98,
1788200073.8643494,mouse_move,,1242,110,
1788200073.8723285,mouse_move,,1264,119,
1788200073.8803754,mouse_move,,1292,130,
1788200073.8883812,mouse_move,,1325,141,
1788200073.8963037,mouse_move,,1369,152,
1788200073.90435,mouse_move,,1426,162,
1788200073.9124236,mouse_move,,1489,172,
1788200073.9202743,mouse_move,,1551,178,
1788200073.928327,mouse_move,,1614,188,
1788200073.936362,mouse_move,,1666,194,
1788200073.9444022,mouse_move,,1738,201,
1788200073.9523063,mouse_move,,1804,201,
1788200073.9606454,mouse_move,,1858,201,
1788200073.968704,mouse_move,,1902,201,
1788200073.9765317,mouse_move,,1951,201,
1788200073.984273,mouse_move,,2000,201,
1788200073.9924042,mouse_move,,2060,201,
1788200074.000405,mouse_move,,2096,197,
1788200074.008338,mouse_move,,2138,189,
1788200074.0164776,mouse_move,,2167,186,
1788200074.0244117,mouse_move,,2191,182,
1788200074.0324378,mouse_move,,2216,178,
1788200074.0403078,mouse_move,,2235,175,
1788200074.0483084,mouse_move,,2256,171,
1788200074.0564094,mouse_move,,2275,171,
1788200074.0643141,mouse_move,,2291,167,
1788200074.0723429,mouse_move,,2305,167,
1788200074.0803907,mouse_move,,2316,167,
1788200074.0883777,mouse_move,,2327,167,
1788200074.0963757,mouse_move,,2340,167,
1788200074.1044164,mouse_move,,2353,167,
1788200074.1123915,mouse_move,,2365,165,
1788200074.1204154,mouse_move,,2373,165,
1788200074.1283643,mouse_move,,2387,163,
1788200074.1363566,mouse_move,,2400,163,
1788200074.1444197,mouse_move,,2409,161,
1788200074.1523268,mouse_move,,2423,157,
1788200074.1604948,mouse_move,,2436,157,
1788200074.1683648,mouse_move,,2450,157,
1788200074.1763723,mouse_move,,2461,157,
1788200074.1842978,mouse_move,,2479,157,
1788200074.1923656,mouse_move,,2498,157,
1788200074.2003846,mouse_move,,2517,157,
1788200074.208417,mouse_move,,2530,157,
1788200074.2163253,mouse_move,,2546,157,
1788200074.2243862,mouse_move,,2560,157,
1788200074.2323549,mouse_move,,2568,157,
1788200074.2403097,mouse_move,,2574,157,
1788200074.2484183,mouse_move,,2576,157,
1788200074.2563474,mouse_move,,2581,157,
1788200074.2642932,mouse_move,,2583,157,
1788200074.2724674,mouse_move,,2587,157,
1788200074.2803752,mouse_move,,2589,157,
1788200074.2883587,mouse_move,,2590,157,
1788200074.3048813,mouse_move,,2592,157,
1788200074.4170184,mouse_move,,2585,157,
1788200074.4244518,mouse_move,,2567,157,
1788200074.4323752,mouse_move,,2553,157,
1788200074.440404,mouse_move,,2532,157,
1788200074.4483814,mouse_move,,2508,157,
1788200074.4563725,mouse_move,,2476,157,
1788200074.4643471,mouse_move,,2420,159,
1788200074.4723892,mouse_move,,2380,162,
1788200074.480479,mouse_move,,2343,170,
1788200074.488366,mouse_move,,2292,176,
1788200074.4963372,mouse_move,,2217,190,
1788200074.5043833,mouse_move,,2131,213,
1788200074.512374,mouse_move,,2052,227,
1788200074.520367,mouse_move,,1962,242,
1788200074.528348,mouse_move,,1845,262,
1788200074.5364833,mouse_move,,1717,283,
1788200074.5443838,mouse_move,,1590,304,
1788200074.5523484,mouse_move,,1435,334,
1788200074.5603275,mouse_move,,1286,355,
1788200074.5684643,mouse_move,,1137,376,
1788200074.5764127,mouse_move,,988,402,
1788200074.5843585,mouse_move,,849,436,
1788200074.5923772,mouse_move,,718,478,
1788200074.600383,mouse_move,,595,506,
1788200074.6083767,mouse_move,,493,534,
1788200074.616513,mouse_move,,396,557,
1788200074.6244702,mouse_move,,304,580,
1788200074.6324573,mouse_move,,229,602,
1788200074.6403654,mouse_move,,157,627,
1788200074.648387,mouse_move,,120,635,
1788200074.6565042,mouse_move,,83,654,
1788200074.6643434,mouse_move,,64,668,
1788200074.6724143,mouse_move,,51,680,
1788200074.6804376,mouse_move,,36,695,
1788200074.688369,mouse_move,,34,706,
1788200074.6963906,mouse_move,,28,721,
1788200074.7043781,mouse_move,,28,739,
1788200074.7124233,mouse_move,,28,758,
1788200074.7204132,mouse_move,,28,771,
1788200074.7283401,mouse_move,,28,785,
1788200074.736397,mouse_move,,28,793,
1788200074.7443297,mouse_move,,28,797,
1788200074.7523358,mouse_move,,28,802,
1788200074.76048,mouse_move,,27,804,
1788200074.8404524,mouse_move,,27,804,
1788200074.8489876,mouse_move,,27,800,
1788200074.8564444,mouse_move,,27,792,
1788200074.8642898,mouse_move,,27,784,
1788200074.872386,mouse_move,,27,771,
1788200074.8810995,mouse_move,,27,762,
1788200074.8885593,mouse_move,,30,746,
1788200074.8963153,mouse_move,,32,729,
1788200074.904332,mouse_move,,34,716,
1788200074.9124544,mouse_move,,43,691,
1788200074.9203753,mouse_move,,47,669,
1788200074.9282765,mouse_move,,54,642,
1788200074.936455,mouse_move,,58,621,
1788200074.9443367,mouse_move,,69,596,
1788200074.9523358,mouse_move,,81,574,
1788200074.9603024,mouse_move,,89,554,
1788200074.9683957,mouse_move,,98,535,
1788200074.976374,mouse_move,,109,518,
1788200074.9842954,mouse_move,,113,501,
1788200074.99236,mouse_move,,121,482,
1788200075.0004013,mouse_move,,123,470,
1788200075.0084264,mouse_move,,127,459,
1788200075.0163336,mouse_move,,129,448,
1788200075.0243967,mouse_move,,129,437,
1788200075.0323384,mouse_move,,129,426,
1788200075.0402918,mouse_move,,129,415,
1788200075.0484138,mouse_move,,129,404,
1788200075.0564191,mouse_move,,131,398,
1788200075.0643234,mouse_move,,131,387,
1788200075.0722837,mouse_move,,132,381,
1788200075.0804894,mouse_move,,134,370,
1788200075.0884078,mouse_move,,135,365,
1788200075.096394,mouse_move,,137,361,
1788200075.1043057,mouse_move,,137,355,
1788200075.1124225,mouse_move,,137,351,
1788200075.120505,mouse_move,,137,348,
1788200075.1283314,mouse_move,,137,344,
1788200075.136416,mouse_move,,138,341,
1788200075.1443586,mouse_move,,138,337,
1788200075.152317,mouse_move,,138,336,
1788200075.1604803,mouse_move,,139,335,
1788200075.2650733,mouse_move,,139,333,
1788200075.272621,mouse_move,,137,335,
1788200075.2804859,mouse_move,,135,338,
1788200075.2884383,mouse_move,,134,344,
1788200075.2963274,mouse_move,,132,350,
1788200075.3044565,mouse_move,,132,353,
1788200075.3124182,mouse_move,,132,359,
1788200075.3203743,mouse_move,,132,363,
1788200075.328414,mouse_move,,132,365,
1788200075.3363457,mouse_move,,132,370,
1788200075.3443897,mouse_move,,132,371,
1788200075.352313,mouse_move,,132,372,
1788200075.3683639,mouse_move,,132,373,
1788200075.4008448,mouse_move,,132,376,
1788200075.4408717,mouse_move,,132,377,
1788200075.4727783,mouse_move,,134,377,
1788200075.4884593,mouse_move,,137,376,
1788200075.4963822,mouse_move,,139,375,
1788200075.5044374,mouse_move,,143,374,
1788200075.5124285,mouse_move,,144,371,
1788200075.52041,mouse_move,,147,368,
1788200075.5282662,mouse_move,,152,362,
1788200075.5363946,mouse_move,,153,356,
1788200075.5443888,mouse_move,,158,349,
1788200075.552382,mouse_move,,161,344,
1788200075.5605984,mouse_move,,167,336,
1788200075.5684788,mouse_move,,168,329,
1788200075.576364,mouse_move,,172,320,
1788200075.5843604,mouse_move,,173,316,
1788200075.592449,mouse_move,,176,311,
1788200075.600352,mouse_move,,176,307,
1788200075.6083791,mouse_move,,178,304,
1788200075.6164098,mouse_move,,178,300,
1788200075.6244562,mouse_move,,178,298,
1788200075.6404223,mouse_move,,178,293,
1788200075.6483548,mouse_move,,178,291,
1788200075.6564102,mouse_move,,178,288,
1788200075.66433,mouse_move,,181,284,
1788200075.7047668,mouse_move,,182,281,
1788200075.7611582,mouse_move,,182,281,
1788200075.7688587,mouse_move,,180,285,
1788200075.7770188,mouse_move,,179,286,
1788200075.7843113,mouse_move,,178,290,
1788200075.7923224,mouse_move,,177,294,
1788200075.8003814,mouse_move,,174,296,
1788200075.8084028,mouse_move,,172,299,
1788200075.8163567,mouse_move,,171,300,
1788200075.8244646,mouse_move,,170,301,
1788200075.8324153,mouse_move,,169,302,
1788200075.840311,mouse_move,,165,306,
1788200075.848373,mouse_move,,164,306,
1788200075.8563902,mouse_move,,161,307,
1788200075.864383,mouse_move,,160,310,
1788200075.8724327,mouse_move,,159,311,
1788200075.8804274,mouse_move,,158,312,
1788200075.8964608,mouse_move,,157,312,
1788200075.9044344,mouse_move,,155,313,
1788200075.920297,mouse_move,,154,315,
1788200075.9604983,mouse_move,,153,316,
1788200075.9684072,mouse_move,,152,317,
1788200076.0006945,mouse_move,,151,317,
1788200076.0166783,mouse_move,,150,317,
1788200076.0243614,mouse_move,,149,317,
1788200076.0403905,mouse_move,,145,318,
1788200076.1686118,mouse_click,down,145,318,Button.left
1788200076.2645733,mouse_click,up,145,318,Button.left
1788200076.3844423,mouse_move,,144,319,
1788200076.3922718,mouse_move,,144,322,
1788200076.400727,mouse_move,,144,324,
1788200076.4082825,mouse_move,,144,330,
1788200076.4164248,mouse_move,,144,333,
1788200076.4243827,mouse_move,,144,337,
1788200076.432269,mouse_move,,144,345,
1788200076.4403021,mouse_move,,144,351,
1788200076.4484596,mouse_move,,144,359,
1788200076.4563677,mouse_move,,144,363,
1788200076.464427,mouse_move,,144,371,
1788200076.4723732,mouse_move,,144,380,
1788200076.4804022,mouse_move,,144,388,
1788200076.488332,mouse_move,,144,399,
1788200076.4963164,mouse_move,,144,412,
1788200076.5043356,mouse_move,,146,426,
1788200076.5124595,mouse_move,,150,445,
1788200076.5203717,mouse_move,,150,472,
1788200076.5282848,mouse_move,,155,498,
1788200076.5362878,mouse_move,,157,525,
1788200076.544405,mouse_move,,157,557,
1788200076.5523093,mouse_move,,159,592,
1788200076.5604753,mouse_move,,159,618,
1788200076.5684278,mouse_move,,159,647,
1788200076.5763788,mouse_move,,159,674,
1788200076.5843008,mouse_move,,159,698,
1788200076.5923269,mouse_move,,159,724,
1788200076.600418,mouse_move,,159,748,
1788200076.6083143,mouse_move,,159,772,
1788200076.6164885,mouse_move,,159,793,
1788200076.6243012,mouse_move,,159,817,
1788200076.632294,mouse_move,,159,835,
1788200076.6402998,mouse_move,,161,854,
1788200076.6484382,mouse_move,,161,873,
1788200076.656333,mouse_move,,166,892,
1788200076.6642952,mouse_move,,168,906,
1788200076.6722655,mouse_move,,168,925,
1788200076.6804168,mouse_move,,172,936,
1788200076.6884084,mouse_move,,172,947,
1788200076.6962545,mouse_move,,176,961,
1788200076.7043965,mouse_move,,177,972,
1788200076.7123928,mouse_move,,181,981,
1788200076.7204146,mouse_move,,181,992,
1788200076.7284915,mouse_move,,187,1001,
1788200076.7363749,mouse_move,,190,1010,
1788200076.7443664,mouse_move,,196,1020,
1788200076.7523417,mouse_move,,197,1024,
1788200076.7604456,mouse_move,,202,1031,
1788200076.7684405,mouse_move,,205,1034,
1788200076.776395,mouse_move,,208,1038,
1788200076.7842724,mouse_move,,213,1041,
1788200076.7923682,mouse_move,,217,1046,
1788200076.8003974,mouse_move,,220,1050,
1788200076.8083386,mouse_move,,222,1055,
1788200076.8163526,mouse_move,,226,1058,
1788200076.824325,mouse_move,,229,1060,
1788200076.8323598,mouse_move,,232,1065,
1788200076.840276,mouse_move,,235,1068,
1788200076.8483007,mouse_move,,240,1074,
1788200076.8564086,mouse_move,,240,1077,
1788200076.8643794,mouse_move,,241,1083,
1788200076.8723605,mouse_move,,244,1088,
1788200076.8803685,mouse_move,,249,1096,
1788200076.8885067,mouse_move,,253,1103,
1788200076.8962762,mouse_move,,258,1112,
1788200076.9043462,mouse_move,,260,1121,
1788200076.9123425,mouse_move,,265,1128,
1788200076.9203427,mouse_move,,269,1134,
1788200076.9282377,mouse_move,,269,1139,
1788200076.9363654,mouse_move,,274,1149,
1788200076.9443772,mouse_move,,274,1154,
1788200076.9523456,mouse_move,,277,1160,
1788200076.9604895,mouse_move,,279,1169,
1788200076.9683363,mouse_move,,280,1173,
1788200076.9763935,mouse_move,,284,1179,
1788200076.9842813,mouse_move,,285,1186,
1788200076.992367,mouse_move,,285,1194,
1788200077.000421,mouse_move,,287,1203,
1788200077.008349,mouse_move,,290,1209,
1788200077.0164077,mouse_move,,292,1214,
1788200077.0243726,mouse_move,,293,1220,
1788200077.0323782,mouse_move,,296,1226,
1788200077.0403168,mouse_move,,298,1227,
1788200077.0483854,mouse_move,,299,1229,
1788200077.0563965,mouse_move,,300,1230,
1788200077.0642502,mouse_move,,300,1231,
1788200077.0722873,mouse_move,,301,1232,
1788200077.0883474,mouse_move,,303,1233,
1788200077.1206815,mouse_move,,305,1234,
1788200077.1531208,mouse_move,,306,1235,
1788200077.5689986,mouse_move,,310,1238,
1788200077.5762954,mouse_move,,312,1239,
1788200077.5842807,mouse_move,,317,1239,
1788200077.5923667,mouse_move,,323,1239,
1788200077.6007104,mouse_move,,327,1239,
1788200077.6083415,mouse_move,,333,1239,
1788200077.6164455,mouse_move,,343,1239,
1788200077.6244626,mouse_move,,354,1239,
1788200077.632393,mouse_move,,367,1239,
1788200077.6402824,mouse_move,,378,1239,
1788200077.6484091,mouse_move,,392,1239,
1788200077.6564226,mouse_move,,408,1238,
1788200077.6643972,mouse_move,,427,1236,
1788200077.672298,mouse_move,,440,1236,
1788200077.6803758,mouse_move,,454,1232,
1788200077.6883025,mouse_move,,468,1232,
1788200077.696383,mouse_move,,482,1228,
1788200077.704314,mouse_move,,493,1228,
1788200077.7123194,mouse_move,,504,1228,
1788200077.7203438,mouse_move,,514,1228,
1788200077.7283375,mouse_move,,523,1228,
1788200077.7366853,mouse_move,,531,1228,
1788200077.744386,mouse_move,,539,1228,
1788200077.7523496,mouse_move,,547,1228,
1788200077.7609572,mouse_move,,556,1228,
1788200077.768871,mouse_move,,564,1228,
1788200077.776852,mouse_move,,575,1228,
1788200077.784349,mouse_move,,591,1228,
1788200077.79293,mouse_move,,602,1228,
1788200077.8008409,mouse_move,,615,1228,
1788200077.8083444,mouse_move,,629,1228,
1788200077.8163946,mouse_move,,642,1228,
1788200077.824306,mouse_move,,656,1229,
1788200077.83239,mouse_move,,672,1231,
1788200077.8403082,mouse_move,,689,1238,
1788200077.84831,mouse_move,,705,1242,
1788200077.856413,mouse_move,,722,1248,
1788200077.864354,mouse_move,,738,1248,
1788200077.8725886,mouse_move,,755,1250,
1788200077.8803244,mouse_move,,768,1252,
1788200077.8883228,mouse_move,,779,1252,
1788200077.8962896,mouse_move,,790,1252,
1788200077.90431,mouse_move,,798,1252,
1788200077.912319,mouse_move,,803,1252,
1788200077.9204192,mouse_move,,805,1252,
1788200077.9282994,mouse_move,,806,1252,
1788200077.9363391,mouse_move,,809,1252,
1788200077.952381,mouse_move,,810,1252,
1788200077.984363,mouse_move,,811,1252,
1788200077.9923675,mouse_move,,812,1252,
1788200078.0084095,mouse_move,,815,1252,
1788200078.0406754,mouse_move,,816,1252,
1788200078.1047692,mouse_move,,817,1252,
1788200078.1367545,mouse_move,,818,1252,
1788200078.1446326,mouse_move,,819,1256,
1788200078.1524005,mouse_move,,819,1259,
1788200078.160452,mouse_move,,819,1263,
1788200078.168408,mouse_move,,819,1265,
1788200078.176411,mouse_move,,819,1270,
1788200078.184279,mouse_move,,819,1271,
1788200078.1926363,mouse_move,,819,1272,
1788200078.208717,mouse_move,,819,1274,
1788200078.2163723,mouse_move,,819,1275,
1788200078.2324042,mouse_move,,819,1277,
1788200078.248382,mouse_move,,818,1278,
1788200078.256338,mouse_move,,817,1278,
1788200078.2644079,mouse_move,,814,1279,
1788200078.2964616,mouse_move,,813,1282,
1788200078.312348,mouse_move,,812,1283,
1788200078.320314,mouse_move,,811,1284,
1788200078.3608599,mouse_move,,810,1285,
1788200078.3770823,mouse_move,,808,1288,
1788200078.3924813,mouse_move,,807,1289,
1788200078.4084554,mouse_move,,805,1293,
1788200078.416534,mouse_move,,805,1294,
1788200078.4243495,mouse_move,,803,1295,
1788200078.4323788,mouse_move,,803,1296,
1788200078.440394,mouse_move,,802,1299,
1788200078.4483821,mouse_move,,802,1300,
1788200078.4645486,mouse_move,,802,1301,
1788200078.4724293,mouse_move,,802,1302,
1788200078.480726,mouse_move,,801,1306,
1788200078.5204294,mouse_move,,801,1307,
1788200078.568972,mouse_move,,800,1308,
1788200078.7210603,mouse_click,down,800,1308,Button.left
1788200078.841001,mouse_click,up,800,1308,Button.left
1788200078.9363303,mouse_move,,799,1308,
1788200078.9443936,mouse_move,,797,1306,
1788200078.952328,mouse_move,,796,1304,
1788200079.1366022,mouse_move,,796,1302,
1788200079.1444714,mouse_move,,796,1301,
1788200079.152336,mouse_move,,796,1300,
1788200079.1605115,mouse_move,,796,1299,
1788200079.1689773,mouse_move,,796,1296,
1788200079.1763911,mouse_move,,796,1295,
1788200079.2084067,mouse_move,,796,1294,
1788200079.2245336,mouse_move,,796,1293,
1788200079.2404082,mouse_move,,796,1290,
1788200079.2565134,mouse_move,,796,1289,
1788200079.2643943,mouse_move,,798,1285,
1788200079.2723696,mouse_move,,799,1284,
1788200079.280342,mouse_move,,799,1282,
1788200079.288462,mouse_move,,800,1279,
1788200079.2963953,mouse_move,,805,1272,
1788200079.3044624,mouse_move,,807,1270,
1788200079.312355,mouse_move,,814,1261,
1788200079.3203833,mouse_move,,820,1249,
1788200079.3284082,mouse_move,,828,1237,
1788200079.3363318,mouse_move,,839,1217,
1788200079.3443859,mouse_move,,858,1191,
1788200079.3523405,mouse_move,,872,1165,
1788200079.3603451,mouse_move,,891,1133,
1788200079.368356,mouse_move,,916,1099,
1788200079.3763595,mouse_move,,947,1041,
1788200079.3844147,mouse_move,,981,983,
1788200079.3923426,mouse_move,,1004,926,
1788200079.4003208,mouse_move,,1049,856,
1788200079.4083693,mouse_move,,1084,793,
1788200079.4166176,mouse_move,,1118,734,
1788200079.4243753,mouse_move,,1159,659,
1788200079.4324026,mouse_move,,1194,601,
1788200079.4403458,mouse_move,,1228,542,
1788200079.4483972,mouse_move,,1266,487,
1788200079.4564633,mouse_move,,1299,439,
1788200079.4643404,mouse_move,,1329,399,
1788200079.4724822,mouse_move,,1377,347,
1788200079.4803362,mouse_move,,1410,312,
1788200079.488533,mouse_move,,1452,270,
1788200079.4964008,mouse_move,,1482,239,
1788200079.5043745,mouse_move,,1508,214,
1788200079.512535,mouse_move,,1526,198,
1788200079.5204296,mouse_move,,1543,181,
1788200079.528422,mouse_move,,1553,171,
1788200079.5363336,mouse_move,,1563,159,
1788200079.5444014,mouse_move,,1569,149,
1788200079.5523756,mouse_move,,1574,142,
1788200079.5604227,mouse_move,,1577,141,
1788200079.5683706,mouse_move,,1577,137,
1788200079.5764132,mouse_move,,1578,136,
1788200079.656474,mouse_move,,1578,134,
1788200079.664374,mouse_move,,1575,135,
1788200079.6724768,mouse_move,,1573,136,
1788200079.6805093,mouse_move,,1568,137,
1788200079.6884027,mouse_move,,1560,141,
1788200079.6963015,mouse_move,,1555,142,
1788200079.7043931,mouse_move,,1549,144,
1788200079.7124324,mouse_move,,1541,144,
1788200079.7204254,mouse_move,,1535,145,
1788200079.7282827,mouse_move,,1529,147,
1788200079.7363696,mouse_move,,1520,151,
1788200079.7444367,mouse_move,,1505,155,
1788200079.7523522,mouse_move,,1497,155,
1788200079.760393,mouse_move,,1486,155,
1788200079.7684112,mouse_move,,1476,155,
1788200079.7763374,mouse_move,,1465,155,
1788200079.7843158,mouse_move,,1449,155,
1788200079.792812,mouse_move,,1440,155,
1788200079.8004463,mouse_move,,1422,155,
1788200079.8083243,mouse_move,,1406,155,
1788200079.8163335,mouse_move,,1384,155,
1788200079.824337,mouse_move,,1363,155,
1788200079.8323183,mouse_move,,1342,155,
1788200079.8402777,mouse_move,,1315,151,
1788200079.848432,mouse_move,,1288,147,
1788200079.8564565,mouse_move,,1267,144,
1788200079.864339,mouse_move,,1242,138,
1788200079.8723495,mouse_move,,1224,138,
1788200079.8804057,mouse_move,,1197,133,
1788200079.8883445,mouse_move,,1175,129,
1788200079.8962805,mouse_move,,1154,127,
1788200079.9042578,mouse_move,,1130,125,
1788200079.9123814,mouse_move,,1113,123,
1788200079.9203498,mouse_move,,1092,123,
1788200079.9283602,mouse_move,,1074,123,
1788200079.936309,mouse_move,,1063,123,
1788200079.9443638,mouse_move,,1054,123,
1788200079.952282,mouse_move,,1048,123,
1788200079.9604836,mouse_move,,1044,123,
1788200079.9683766,mouse_move,,1043,123,
1788200079.9843273,mouse_move,,1042,121,
1788200080.0166295,mouse_move,,1041,120,
1788200080.024612,mouse_move,,1041,119,
1788200080.0403402,mouse_move,,1040,118,
1788200080.0484068,mouse_move,,1040,116,
1788200080.0564277,mouse_move,,1037,113,
1788200080.072301,mouse_move,,1037,112,
1788200080.0804057,mouse_move,,1037,109,
1788200080.0883615,mouse_move,,1037,107,
1788200080.1047602,mouse_move,,1037,102,
1788200080.1126885,mouse_move,,1037,100,
1788200080.1203566,mouse_move,,1040,97,
1788200080.1282592,mouse_move,,1044,94,
1788200080.136331,mouse_move,,1049,92,
1788200080.144349,mouse_move,,1052,90,
1788200080.1522875,mouse_move,,1058,85,
1788200080.160492,mouse_move,,1067,81,
1788200080.1683922,mouse_move,,1079,73,
1788200080.1763384,mouse_move,,1091,65,
1788200080.1842973,mouse_move,,1105,61,
1788200080.1924183,mouse_move,,1117,55,
1788200080.2004325,mouse_move,,1132,47,
1788200080.208345,mouse_move,,1141,43,
1788200080.2164402,mouse_move,,1155,37,
1788200080.2244575,mouse_move,,1164,33,
1788200080.232453,mouse_move,,1173,28,
1788200080.2403204,mouse_move,,1178,26,
1788200080.2484834,mouse_move,,1184,25,
1788200080.2563543,mouse_move,,1188,23,
1788200080.264561,mouse_move,,1193,19,
1788200080.2723055,mouse_move,,1197,17,
1788200080.280398,mouse_move,,1200,16,
1788200080.288324,mouse_move,,1209,11,
1788200080.2962973,mouse_move,,1213,9,
1788200080.3043292,mouse_move,,1222,2,
1788200080.3124006,mouse_move,,1226,-1,
1788200080.3203719,mouse_move,,1233,-1,
1788200080.328341,mouse_move,,1237,-5,
1788200080.3363476,mouse_move,,1242,-5,
1788200080.3443348,mouse_move,,1246,-3,
1788200080.352296,mouse_move,,1248,-2,
1788200080.360414,mouse_move,,1250,-3,
1788200080.3684652,mouse_move,,1252,-1,
1788200080.3843486,mouse_move,,1253,-1,
1788200080.4004002,mouse_move,,1254,0,
1788200080.4165237,mouse_move,,1258,-2,
1788200080.4244626,mouse_move,,1259,-1,
1788200080.6245077,mouse_click,down,1259,0,Button.left
1788200080.7049634,mouse_click,up,1259,0,Button.left
1788200080.768943,mouse_move,,1259,0,
1788200080.776918,mouse_move,,1256,0,
1788200080.7845063,mouse_move,,1250,0,
1788200080.7928329,mouse_move,,1242,1,
1788200080.8004596,mouse_move,,1231,3,
1788200080.8088481,mouse_move,,1219,9,
1788200080.8163502,mouse_move,,1205,15,
1788200080.8244677,mouse_move,,1185,23,
1788200080.8323698,mouse_move,,1168,32,
1788200080.8402908,mouse_move,,1149,43,
1788200080.8483415,mouse_move,,1124,54,
1788200080.856409,mouse_move,,1101,70,
1788200080.8643758,mouse_move,,1084,80,
1788200080.872376,mouse_move,,1052,96,
1788200080.8804376,mouse_move,,1005,117,
1788200080.8883903,mouse_move,,949,140,
1788200080.8963187,mouse_move,,902,162,
1788200080.9044409,mouse_move,,856,184,
1788200080.9124067,mouse_move,,804,210,
1788200080.9203405,mouse_move,,759,225,
1788200080.9283934,mouse_move,,700,241,
1788200080.9364352,mouse_move,,635,258,
1788200080.9443796,mouse_move,,569,279,
1788200080.952381,mouse_move,,499,296,
1788200080.9605267,mouse_move,,424,318,
1788200080.968513,mouse_move,,353,339,
1788200080.9763675,mouse_move,,293,356,
1788200080.9843056,mouse_move,,249,371,
1788200080.992429,mouse_move,,221,380,
1788200081.000402,mouse_move,,192,390,
1788200081.0083497,mouse_move,,164,399,
1788200081.0165935,mouse_move,,150,403,
1788200081.0245044,mouse_move,,133,409,
1788200081.032352,mouse_move,,116,413,
1788200081.0403326,mouse_move,,110,415,
1788200081.0484195,mouse_move,,106,418,
1788200081.056492,mouse_move,,99,421,
1788200081.064388,mouse_move,,97,423,
1788200081.0724106,mouse_move,,94,423,
1788200081.0803661,mouse_move,,93,424,
1788200081.0884466,mouse_move,,92,426,
1788200081.1204672,mouse_move,,91,427,
1788200081.1364365,mouse_move,,91,430,
1788200081.168424,mouse_move,,91,431,
1788200081.17638,mouse_move,,91,432,
1788200081.2324412,mouse_move,,91,432,
1788200081.2402549,mouse_move,,95,428,
1788200081.2484252,mouse_move,,96,425,
1788200081.25634,mouse_move,,98,422,
1788200081.2643464,mouse_move,,99,421,
1788200081.2723298,mouse_move,,101,419,
1788200081.3050885,mouse_move,,102,418,
1788200081.3205554,mouse_move,,104,416,
1788200081.3283298,mouse_move,,105,416,
1788200081.3844202,mouse_move,,106,416,
1788200081.3924155,mouse_move,,108,416,
1788200081.4004521,mouse_move,,113,415,
1788200081.4083838,mouse_move,,114,412,
1788200081.4164147,mouse_move,,115,412,
1788200081.4244318,mouse_move,,119,411,
1788200081.43234,mouse_move,,122,410,
1788200081.4402804,mouse_move,,124,408,
1788200081.4488504,mouse_move,,127,405,
1788200081.4564595,mouse_move,,128,404,
1788200081.4643514,mouse_move,,131,403,
1788200081.472394,mouse_move,,132,402,
1788200081.480481,mouse_move,,136,398,
1788200081.488406,mouse_move,,139,396,
1788200081.4963303,mouse_move,,140,395,
1788200081.5043805,mouse_move,,144,393,
1788200081.5123718,mouse_move,,147,390,
1788200081.5203643,mouse_move,,150,387,
1788200081.5284545,mouse_move,,153,382,
1788200081.5364068,mouse_move,,154,380,
1788200081.544406,mouse_move,,157,377,
1788200081.5522923,mouse_move,,160,368,
1788200081.5604877,mouse_move,,162,364,
1788200081.5686884,mouse_move,,162,362,
1788200081.5763004,mouse_move,,163,355,
1788200081.5842652,mouse_move,,165,353,
1788200081.6643689,mouse_move,,161,353,
1788200081.6723647,mouse_move,,158,362,
1788200081.6803894,mouse_move,,152,371,
1788200081.6883264,mouse_move,,146,383,
1788200081.6962724,mouse_move,,140,395,
1788200081.7043147,mouse_move,,137,406,
1788200081.7123263,mouse_move,,130,423,
1788200081.720376,mouse_move,,122,440,
1788200081.72831,mouse_move,,118,451,
1788200081.7364445,mouse_move,,116,463,
1788200081.7444184,mouse_move,,110,477,
1788200081.7523897,mouse_move,,106,486,
1788200081.760501,mouse_move,,100,500,
1788200081.76839,mouse_move,,97,505,
1788200081.7763197,mouse_move,,94,513,
1788200081.7842705,mouse_move,,94,516,
1788200081.7923293,mouse_move,,93,517,
1788200081.9128292,mouse_move,,93,517,
1788200081.9204607,mouse_move,,93,514,
1788200081.9283097,mouse_move,,91,510,
1788200081.936426,mouse_move,,91,509,
1788200081.9443777,mouse_move,,91,503,
1788200081.952387,mouse_move,,91,497,
1788200081.9604654,mouse_move,,91,490,
1788200081.9683247,mouse_move,,91,484,
1788200081.976331,mouse_move,,91,473,
1788200081.9843085,mouse_move,,91,465,
1788200081.9924207,mouse_move,,91,454,
1788200082.0003636,mouse_move,,91,443,
1788200082.0083187,mouse_move,,94,429,
1788200082.0163436,mouse_move,,100,418,
1788200082.0244305,mouse_move,,108,406,
1788200082.0324163,mouse_move,,114,394,
1788200082.0403235,mouse_move,,122,384,
1788200082.0484664,mouse_move,,126,380,
1788200082.0566745,mouse_move,,134,372,
1788200082.064339,mouse_move,,137,368,
1788200082.0723867,mouse_move,,141,363,
1788200082.0804088,mouse_move,,144,357,
1788200082.0882983,mouse_move,,147,354,
1788200082.0962765,mouse_move,,148,353,
1788200082.1043246,mouse_move,,148,350,
1788200082.112296,mouse_move,,148,349,
1788200082.1202636,mouse_move,,150,348,
1788200082.1282527,mouse_move,,150,344,
1788200082.1363802,mouse_move,,150,343,
1788200082.144334,mouse_move,,150,342,
1788200082.1523364,mouse_move,,150,341,
1788200082.1604052,mouse_move,,150,337,
1788200082.1683805,mouse_move,,150,336,
1788200082.1843407,mouse_move,,150,335,
1788200082.2405427,mouse_move,,150,332,
1788200082.2726731,mouse_move,,150,331,
1788200082.280572,mouse_move,,150,330,
1788200082.296417,mouse_move,,150,329,
1788200082.3449636,mouse_move,,149,328,
1788200082.4009144,mouse_move,,148,326,
1788200082.481273,mouse_click,down,148,326,Button.left
1788200082.568884,mouse_click,up,148,326,Button.left
1788200082.7368581,mouse_move,,148,327,
1788200082.7447507,mouse_move,,148,330,
1788200082.7522922,mouse_move,,148,332,
1788200082.7684941,mouse_move,,148,333,
1788200082.7843115,mouse_move,,148,335,
1788200082.8004887,mouse_move,,148,336,
1788200082.808376,mouse_move,,147,339,
1788200082.824286,mouse_move,,147,341,
1788200082.832392,mouse_move,,147,344,
1788200082.8402874,mouse_move,,146,348,
1788200082.848459,mouse_move,,146,351,
1788200082.8563914,mouse_move,,146,355,
1788200082.864456,mouse_move,,146,359,
1788200082.8722925,mouse_move,,144,364,
1788200082.8803592,mouse_move,,144,370,
1788200082.8884094,mouse_move,,144,374,
1788200082.8963635,mouse_move,,144,382,
1788200082.9043765,mouse_move,,144,388,
1788200082.912313,mouse_move,,141,396,
1788200082.920408,mouse_move,,141,407,
1788200082.9283392,mouse_move,,139,418,
1788200082.9363954,mouse_move,,137,432,
1788200082.9443972,mouse_move,,137,451,
1788200082.9523804,mouse_move,,137,470,
1788200082.9602945,mouse_move,,137,496,
1788200082.9683297,mouse_move,,137,522,
1788200082.9764445,mouse_move,,130,553,
1788200082.9843173,mouse_move,,128,582,
1788200082.9923356,mouse_move,,123,616,
1788200083.0003839,mouse_move,,115,648,
1788200083.008335,mouse_move,,113,683,
1788200083.0164335,mouse_move,,106,715,
1788200083.024347,mouse_move,,100,751,
1788200083.03237,mouse_move,,98,780,
1788200083.0403616,mouse_move,,91,807,
1788200083.0483088,mouse_move,,91,839,
1788200083.056394,mouse_move,,89,866,
1788200083.064358,mouse_move,,87,895,
1788200083.0724225,mouse_move,,82,922,
1788200083.080493,mouse_move,,78,949,
1788200083.088421,mouse_move,,78,973,
1788200083.0964115,mouse_move,,76,997,
1788200083.1044416,mouse_move,,76,1018,
1788200083.112446,mouse_move,,76,1042,
1788200083.1203582,mouse_move,,76,1063,
1788200083.1282856,mouse_move,,76,1082,
1788200083.1362627,mouse_move,,76,1103,
1788200083.1443553,mouse_move,,76,1121,
1788200083.1523497,mouse_move,,76,1135,
1788200083.160531,mouse_move,,76,1154,
1788200083.168337,mouse_move,,77,1172,
1788200083.1763809,mouse_move,,83,1187,
1788200083.184241,mouse_move,,85,1201,
1788200083.192311,mouse_move,,91,1210,
1788200083.2004251,mouse_move,,92,1219,
1788200083.208335,mouse_move,,94,1223,
1788200083.2163239,mouse_move,,99,1230,
1788200083.2243338,mouse_move,,102,1234,
1788200083.232737,mouse_move,,103,1235,
1788200083.2402856,mouse_move,,107,1239,
1788200083.248369,mouse_move,,110,1242,
1788200083.2563646,mouse_move,,111,1243,
1788200083.264376,mouse_move,,112,1244,
1788200083.2724416,mouse_move,,113,1244,
1788200083.2806892,mouse_move,,116,1246,
1788200083.2884252,mouse_move,,120,1246,
1788200083.2962825,mouse_move,,124,1246,
1788200083.3044116,mouse_move,,128,1246,
1788200083.312759,mouse_move,,131,1248,
1788200083.3203633,mouse_move,,137,1248,
1788200083.3284044,mouse_move,,142,1248,
1788200083.336444,mouse_move,,148,1250,
1788200083.3443933,mouse_move,,154,1250,
1788200083.352378,mouse_move,,162,1252,
1788200083.3603745,mouse_move,,168,1252,
1788200083.3683703,mouse_move,,174,1252,
1788200083.3762722,mouse_move,,180,1252,
1788200083.3842373,mouse_move,,188,1252,
1788200083.3923533,mouse_move,,194,1252,
1788200083.400425,mouse_move,,200,1252,
1788200083.4083767,mouse_move,,204,1252,
1788200083.416415,mouse_move,,210,1252,
1788200083.4243937,mouse_move,,214,1252,
1788200083.4323564,mouse_move,,217,1252,
1788200083.4404805,mouse_move,,225,1249,
1788200083.4483626,mouse_move,,230,1248,
1788200083.4563584,mouse_move,,234,1248,
1788200083.4643779,mouse_move,,240,1246,
1788200083.4722583,mouse_move,,245,1245,
1788200083.4803767,mouse_move,,249,1242,
1788200083.4884403,mouse_move,,253,1242,
1788200083.4963984,mouse_move,,256,1240,
1788200083.5044274,mouse_move,,259,1240,
1788200083.5124,mouse_move,,260,1240,
1788200083.528467,mouse_move,,261,1240,
1788200083.5444608,mouse_move,,262,1240,
1788200083.5523539,mouse_move,,264,1240,
1788200083.5605507,mouse_move,,266,1240,
1788200083.576496,mouse_move,,268,1240,
1788200083.592295,mouse_move,,272,1240,
1788200083.600334,mouse_move,,273,1240,
1788200083.6082683,mouse_move,,275,1241,
1788200083.6165183,mouse_move,,277,1241,
1788200083.6243913,mouse_move,,278,1242,
1788200083.6324086,mouse_move,,279,1242,
1788200083.6402857,mouse_move,,280,1242,
1788200083.6483867,mouse_move,,284,1243,
1788200083.6563795,mouse_move,,287,1244,
1788200083.6723602,mouse_move,,291,1244,
1788200083.6804621,mouse_move,,292,1244,
1788200083.6884022,mouse_move,,296,1244,
1788200083.6963685,mouse_move,,299,1244,
1788200083.7043474,mouse_move,,300,1244,
1788200083.712415,mouse_move,,305,1244,
1788200083.7203982,mouse_move,,309,1244,
1788200083.7282746,mouse_move,,312,1244,
1788200083.7364776,mouse_move,,318,1244,
1788200083.7444198,mouse_move,,324,1244,
1788200083.752352,mouse_move,,328,1244,
1788200083.760401,mouse_move,,334,1244,
1788200083.7684934,mouse_move,,342,1244,
1788200083.776669,mouse_move,,350,1244,
1788200083.7842815,mouse_move,,359,1244,
1788200083.7923586,mouse_move,,370,1244,
1788200083.8003836,mouse_move,,378,1244,
1788200083.8083713,mouse_move,,394,1244,
1788200083.8164523,mouse_move,,405,1244,
1788200083.8246815,mouse_move,,421,1244,
1788200083.8323367,mouse_move,,434,1244,
1788200083.8402689,mouse_move,,453,1244,
1788200083.8484354,mouse_move,,472,1244,
1788200083.856374,mouse_move,,493,1244,
1788200083.8643384,mouse_move,,514,1244,
1788200083.8723118,mouse_move,,538,1244,
1788200083.8804035,mouse_move,,562,1244,
1788200083.8883154,mouse_move,,586,1244,
1788200083.8963752,mouse_move,,607,1244,
1788200083.9043076,mouse_move,,633,1244,
1788200083.9124084,mouse_move,,657,1244,
1788200083.920421,mouse_move,,678,1244,
1788200083.9283507,mouse_move,,700,1244,
1788200083.936305,mouse_move,,718,1244,
1788200083.944371,mouse_move,,734,1244,
1788200083.952276,mouse_move,,753,1244,
1788200083.9603698,mouse_move,,766,1244,
1788200083.9683096,mouse_move,,782,1244,
1788200083.976321,mouse_move,,791,1244,
1788200083.984252,mouse_move,,799,1244,
1788200083.9923437,mouse_move,,805,1244,
1788200084.0003877,mouse_move,,811,1244,
1788200084.0083692,mouse_move,,812,1244,
1788200084.0163434,mouse_move,,814,1244,
1788200084.024456,mouse_move,,817,1244,
1788200084.0403905,mouse_move,,818,1244,
1788200084.056395,mouse_move,,821,1243,
1788200084.0723958,mouse_move,,822,1242,
1788200084.0884042,mouse_move,,823,1241,
1788200084.1050172,mouse_move,,824,1241,
1788200084.1131651,mouse_move,,825,1240,
1788200084.1283743,mouse_move,,826,1240,
1788200084.1446831,mouse_move,,830,1238,
1788200084.1847131,mouse_move,,831,1238,
1788200084.2248857,mouse_move,,833,1238,
1788200084.2322993,mouse_move,,836,1238,
1788200084.2486255,mouse_move,,839,1238,
1788200084.264307,mouse_move,,842,1238,
1788200084.2723253,mouse_move,,843,1238,
1788200084.2885573,mouse_move,,844,1238,
1788200084.3284857,mouse_move,,845,1238,
1788200084.3446076,mouse_move,,847,1238,
1788200084.3765988,mouse_move,,848,1238,
1788200084.3927846,mouse_move,,850,1239,
1788200084.424833,mouse_move,,850,1241,
1788200084.4324393,mouse_move,,851,1242,
1788200084.5289674,mouse_move,,851,1243,
1788200084.5365107,mouse_move,,851,1245,
1788200084.5443804,mouse_move,,851,1246,
1788200084.55231,mouse_move,,851,1248,
1788200084.560345,mouse_move,,851,1250,
1788200084.5683248,mouse_move,,851,1251,
1788200084.5763404,mouse_move,,851,1252,
1788200084.5843945,mouse_move,,851,1253,
1788200084.5923023,mouse_move,,851,1255,
1788200084.600332,mouse_move,,848,1259,
1788200084.6164274,mouse_move,,845,1261,
1788200084.6485054,mouse_move,,840,1268,
1788200084.6563563,mouse_move,,837,1271,
1788200084.6643455,mouse_move,,834,1275,
1788200084.672395,mouse_move,,831,1278,
1788200084.6802897,mouse_move,,830,1279,
1788200084.6884055,mouse_move,,826,1283,
1788200084.6962914,mouse_move,,823,1288,
1788200084.7043633,mouse_move,,820,1291,
1788200084.7124975,mouse_move,,819,1293,
1788200084.7203689,mouse_move,,816,1296,
1788200084.736501,mouse_move,,815,1297,
1788200084.7445095,mouse_move,,814,1299,
1788200084.776486,mouse_move,,813,1300,
1788200084.7842772,mouse_move,,811,1302,
1788200084.8165033,mouse_move,,810,1305,
1788200084.8245058,mouse_move,,809,1309,
1788200084.8326647,mouse_move,,807,1310,
1788200084.8402994,mouse_move,,806,1312,
1788200084.848647,mouse_move,,806,1313,
1788200084.8563693,mouse_move,,805,1314,
1788200085.0010626,mouse_click,down,805,1314,Button.left
1788200085.1211736,mouse_click,up,805,1314,Button.left
1788200085.1363904,mouse_move,,804,1315,
1788200085.5283885,mouse_move,,806,1307,
1788200085.5363674,mouse_move,,819,1287,
1788200085.544344,mouse_move,,825,1273,
1788200085.552369,mouse_move,,837,1250,
1788200085.5603352,mouse_move,,848,1226,
1788200085.5685153,mouse_move,,860,1197,
1788200085.5764046,mouse_move,,872,1168,
1788200085.5843232,mouse_move,,892,1131,
1788200085.5923862,mouse_move,,908,1096,
1788200085.6005251,mouse_move,,923,1065,
1788200085.608413,mouse_move,,936,1035,
1788200085.61635,mouse_move,,952,1000,
1788200085.6244314,mouse_move,,961,975,
1788200085.6324852,mouse_move,,975,950,
1788200085.6403704,mouse_move,,996,908,
1788200085.648421,mouse_move,,1010,883,
1788200085.6564631,mouse_move,,1028,851,
1788200085.6644006,mouse_move,,1054,817,
1788200085.6724749,mouse_move,,1067,797,
1788200085.6804082,mouse_move,,1092,769,
1788200085.6884243,mouse_move,,1110,752,
1788200085.6963425,mouse_move,,1133,730,
1788200085.7043893,mouse_move,,1162,707,
1788200085.7123868,mouse_move,,1192,683,
1788200085.720417,mouse_move,,1221,659,
1788200085.7283316,mouse_move,,1250,635,
1788200085.7363713,mouse_move,,1265,620,
1788200085.7444239,mouse_move,,1283,602,
1788200085.7523544,mouse_move,,1300,587,
1788200085.7604096,mouse_move,,1317,574,
1788200085.7684321,mouse_move,,1332,561,
1788200085.7764065,mouse_move,,1345,551,
1788200085.7844644,mouse_move,,1354,543,
1788200085.7923734,mouse_move,,1364,536,
1788200085.80047,mouse_move,,1368,533,
1788200085.808325,mouse_move,,1375,530,
1788200085.8164322,mouse_move,,1376,528,
1788200085.872558,mouse_move,,1377,527,
1788200085.9367974,mouse_move,,1377,526,
1788200085.9446015,mouse_move,,1375,525,
1788200085.952423,mouse_move,,1373,525,
1788200085.9684045,mouse_move,,1365,525,
1788200085.9843488,mouse_move,,1361,525,
1788200085.9923859,mouse_move,,1358,525,
1788200086.0004454,mouse_move,,1357,525,
1788200086.008373,mouse_move,,1353,528,
1788200086.0164287,mouse_move,,1352,529,
1788200086.0324485,mouse_move,,1351,530,
1788200086.104724,mouse_move,,1351,530,
1788200086.112609,mouse_move,,1351,527,
1788200086.1203594,mouse_move,,1351,523,
1788200086.1282878,mouse_move,,1352,520,
1788200086.136363,mouse_move,,1356,510,
1788200086.1443326,mouse_move,,1360,501,
1788200086.1523225,mouse_move,,1363,492,
1788200086.1603458,mouse_move,,1372,472,
1788200086.1683817,mouse_move,,1378,455,
1788200086.176346,mouse_move,,1387,438,
1788200086.184748,mouse_move,,1393,424,
1788200086.1923757,mouse_move,,1397,413,
1788200086.2003222,mouse_move,,1402,403,
1788200086.2085755,mouse_move,,1404,397,
1788200086.2165918,mouse_move,,1407,393,
1788200086.224387,mouse_move,,1407,388,
1788200086.2323222,mouse_move,,1408,386,
1788200086.240293,mouse_move,,1410,383,
1788200086.2483196,mouse_move,,1411,382,
1788200086.2562902,mouse_move,,1411,381,
1788200086.2643294,mouse_move,,1411,379,
1788200086.2724876,mouse_move,,1412,378,
1788200086.280386,mouse_move,,1413,376,
1788200086.2964036,mouse_move,,1416,373,
1788200086.3124201,mouse_move,,1416,370,
1788200086.3203883,mouse_move,,1417,369,
1788200086.3286412,mouse_move,,1418,368,
1788200086.3363912,mouse_move,,1421,367,
1788200086.344334,mouse_move,,1422,366,
1788200086.3523412,mouse_move,,1423,365,
1788200086.3603146,mouse_move,,1423,363,
1788200086.3683403,mouse_move,,1424,361,
1788200086.3843486,mouse_move,,1424,357,
1788200086.4004755,mouse_move,,1424,354,
1788200086.4083412,mouse_move,,1424,352,
1788200086.4164274,mouse_move,,1429,347,
1788200086.4323776,mouse_move,,1429,341,
1788200086.440368,mouse_move,,1430,337,
1788200086.4484096,mouse_move,,1432,332,
1788200086.4563856,mouse_move,,1439,323,
1788200086.4643493,mouse_move,,1442,319,
1788200086.4724505,mouse_move,,1447,310,
1788200086.4804044,mouse_move,,1454,303,
1788200086.4884672,mouse_move,,1464,291,
1788200086.496357,mouse_move,,1472,284,
1788200086.5044131,mouse_move,,1479,276,
1788200086.5124032,mouse_move,,1487,267,
1788200086.5204086,mouse_move,,1502,252,
1788200086.528312,mouse_move,,1513,246,
1788200086.5363827,mouse_move,,1531,230,
1788200086.5444157,mouse_move,,1543,225,
1788200086.5523615,mouse_move,,1550,215,
1788200086.5603979,mouse_move,,1568,200,
1788200086.5684018,mouse_move,,1583,189,
1788200086.5763917,mouse_move,,1597,183,
1788200086.5844903,mouse_move,,1617,168,
1788200086.592479,mouse_move,,1634,157,
1788200086.6003518,mouse_move,,1646,147,
1788200086.6085405,mouse_move,,1664,134,
1788200086.6164129,mouse_move,,1676,126,
1788200086.6243782,mouse_move,,1690,119,
1788200086.63243,mouse_move,,1700,110,
1788200086.640456,mouse_move,,1709,102,
1788200086.6483748,mouse_move,,1716,97,
1788200086.6563616,mouse_move,,1717,96,
1788200086.664612,mouse_move,,1719,94,
1788200086.7203486,mouse_move,,1718,94,
1788200086.728391,mouse_move,,1717,94,
1788200086.736277,mouse_move,,1713,94,
1788200086.7444165,mouse_move,,1711,94,
1788200086.7523365,mouse_move,,1707,94,
1788200086.7683833,mouse_move,,1701,94,
1788200086.7763622,mouse_move,,1699,94,
1788200086.784297,mouse_move,,1696,94,
1788200086.7923107,mouse_move,,1691,94,
1788200086.800399,mouse_move,,1685,94,
1788200086.8082788,mouse_move,,1677,94,
1788200086.8164485,mouse_move,,1673,93,
1788200086.82438,mouse_move,,1665,90,
1788200086.8323717,mouse_move,,1660,88,
1788200086.8402941,mouse_move,,1652,86,
1788200086.8483882,mouse_move,,1646,85,
1788200086.856413,mouse_move,,1635,85,
1788200086.8643508,mouse_move,,1626,81,
1788200086.8725102,mouse_move,,1615,81,
1788200086.8803618,mouse_move,,1602,81,
1788200086.8883643,mouse_move,,1595,80,
1788200086.896372,mouse_move,,1585,80,
1788200086.904349,mouse_move,,1576,78,
1788200086.91245,mouse_move,,1568,78,
1788200086.9203236,mouse_move,,1557,78,
1788200086.9283004,mouse_move,,1548,76,
1788200086.9363463,mouse_move,,1537,76,
1788200086.9445117,mouse_move,,1526,72,
1788200086.952336,mouse_move,,1520,71,
1788200086.9605036,mouse_move,,1506,69,
1788200086.968431,mouse_move,,1492,67,
1788200086.97637,mouse_move,,1483,63,
1788200086.9843044,mouse_move,,1471,59,
1788200086.9924333,mouse_move,,1463,58,
1788200087.000421,mouse_move,,1454,54,
1788200087.008296,mouse_move,,1449,53,
1788200087.0164726,mouse_move,,1447,53,
1788200087.0244339,mouse_move,,1444,51,
1788200087.0644383,mouse_move,,1441,48,
1788200087.0723448,mouse_move,,1441,47,
1788200087.080376,mouse_move,,1441,46,
1788200087.088357,mouse_move,,1441,45,
1788200087.0963018,mouse_move,,1441,44,
1788200087.1285372,mouse_move,,1442,43,
1788200087.1363382,mouse_move,,1444,42,
1788200087.1449049,mouse_move,,1446,42,
1788200087.1522653,mouse_move,,1449,40,
1788200087.1604989,mouse_move,,1455,40,
1788200087.1682985,mouse_move,,1465,40,
1788200087.1764057,mouse_move,,1476,40,
1788200087.1843014,mouse_move,,1489,40,
1788200087.1924193,mouse_move,,1511,41,
1788200087.200355,mouse_move,,1535,46,
1788200087.2083228,mouse_move,,1562,53,
1788200087.2163832,mouse_move,,1593,60,
1788200087.2243907,mouse_move,,1626,70,
1788200087.2323616,mouse_move,,1674,82,
1788200087.240292,mouse_move,,1729,98,
1788200087.248315,mouse_move,,1783,114,
1788200087.2563837,mouse_move,,1837,127,
1788200087.2643194,mouse_move,,1886,142,
1788200087.2724683,mouse_move,,1943,148,
1788200087.280381,mouse_move,,2017,159,
1788200087.288359,mouse_move,,2084,166,
1788200087.2962804,mouse_move,,2132,178,
1788200087.304463,mouse_move,,2172,180,
1788200087.3124094,mouse_move,,2209,188,
1788200087.320315,mouse_move,,2245,194,
1788200087.3283288,mouse_move,,2272,196,
1788200087.3364458,mouse_move,,2299,202,
1788200087.3444118,mouse_move,,2320,207,
1788200087.352334,mouse_move,,2337,213,
1788200087.3604283,mouse_move,,2356,217,
1788200087.3684149,mouse_move,,2370,223,
1788200087.376389,mouse_move,,2390,228,
1788200087.3843029,mouse_move,,2401,232,
1788200087.3924737,mouse_move,,2415,234,
1788200087.4004097,mouse_move,,2426,235,
1788200087.4083295,mouse_move,,2432,237,
1788200087.4163733,mouse_move,,2441,237,
1788200087.4245067,mouse_move,,2443,237,
1788200087.4323995,mouse_move,,2446,240,
1788200087.536442,mouse_move,,2447,240,
1788200087.5444112,mouse_move,,2448,240,
1788200087.576617,mouse_move,,2449,240,
1788200087.6086042,mouse_move,,2453,240,
1788200087.616681,mouse_move,,2456,241,
1788200087.6243448,mouse_move,,2462,244,
1788200087.6323543,mouse_move,,2467,247,
1788200087.6403484,mouse_move,,2473,252,
1788200087.6483958,mouse_move,,2480,257,
1788200087.6567452,mouse_move,,2489,261,
1788200087.664657,mouse_move,,2499,267,
1788200087.6723616,mouse_move,,2513,275,
1788200087.6810977,mouse_move,,2525,279,
1788200087.6885128,mouse_move,,2536,283,
1788200087.696368,mouse_move,,2543,286,
1788200087.7044013,mouse_move,,2552,290,
1788200087.712386,mouse_move,,2559,293,
1788200087.7203135,mouse_move,,2563,294,
1788200087.7283657,mouse_move,,2571,296,
1788200087.7363627,mouse_move,,2576,297,
1788200087.7444358,mouse_move,,2580,300,
1788200087.752352,mouse_move,,2586,302,
1788200087.7602987,mouse_move,,2589,302,
1788200087.768433,mouse_move,,2590,303,
1788200087.7763293,mouse_move,,2592,304,
1788200087.7842724,mouse_move,,2597,306,
1788200087.7923234,mouse_move,,2598,307,
1788200087.808424,mouse_move,,2600,308,
1788200087.8164456,mouse_move,,2602,308,
1788200087.832375,mouse_move,,2604,308,
1788200087.8644192,mouse_move,,2605,308,
1788200087.872582,mouse_move,,2609,308,
1788200087.888596,mouse_move,,2610,308,
1788200087.8963165,mouse_move,,2610,306,
1788200087.9044042,mouse_move,,2610,301,
1788200087.9124205,mouse_move,,2610,299,
1788200087.920325,mouse_move,,2610,295,
1788200087.9284253,mouse_move,,2610,292,
1788200087.9363031,mouse_move,,2610,288,
1788200087.94443,mouse_move,,2610,285,
1788200087.9522967,mouse_move,,2610,281,
1788200087.9604912,mouse_move,,2610,278,
1788200087.96836,mouse_move,,2610,274,
1788200087.976427,mouse_move,,2608,266,
1788200087.9842777,mouse_move,,2608,263,
1788200087.992318,mouse_move,,2606,257,
1788200088.0003436,mouse_move,,2605,248,
1788200088.0083187,mouse_move,,2605,244,
1788200088.0164294,mouse_move,,2605,240,
1788200088.0243986,mouse_move,,2601,233,
1788200088.0323124,mouse_move,,2601,232,
1788200088.0402708,mouse_move,,2601,227,
1788200088.0483172,mouse_move,,2600,223,
1788200088.0563388,mouse_move,,2600,220,
1788200088.0643501,mouse_move,,2599,216,
1788200088.0722787,mouse_move,,2599,213,
1788200088.0803285,mouse_move,,2597,212,
1788200088.088344,mouse_move,,2597,210,
1788200088.0962718,mouse_move,,2597,208,
1788200088.104309,mouse_move,,2596,207,
1788200088.1123893,mouse_move,,2595,206,
1788200088.2084877,mouse_move,,2595,206,
1788200088.2245374,mouse_move,,2596,206,
1788200088.2403703,mouse_move,,2600,206,
1788200088.2724953,mouse_move,,2600,208,
1788200088.2803526,mouse_move,,2601,209,
1788200088.2963138,mouse_move,,2603,210,
1788200088.3284347,mouse_move,,2603,212,
1788200088.3608897,mouse_move,,2603,213,
1788200088.376632,mouse_move,,2604,215,
1788200088.4405577,mouse_move,,2604,216,
1788200088.448462,mouse_move,,2604,218,
1788200088.464594,mouse_move,,2604,219,
1788200088.4724278,mouse_move,,2604,220,
1788200088.504806,mouse_move,,2604,222,
1788200088.520685,mouse_move,,2604,224,
1788200088.840973,mouse_move,,2604,225,
1788200088.8805633,mouse_move,,2602,225,
1788200088.8886125,mouse_move,,2601,225,
1788200088.904468,mouse_move,,2600,225,
1788200088.9369664,mouse_move,,2599,225,
1788200088.944896,mouse_move,,2597,225,
1788200088.9604294,mouse_move,,2595,225,
1788200088.9683254,mouse_move,,2594,225,
1788200089.6565242,mouse_move,,2593,225,
1788200089.672569,mouse_move,,2592,225,
1788200090.1369815,mouse_click,down,2592,225,Button.left
1788200090.2570968,mouse_click,up,2592,225,Button.left
1788200090.992841,mouse_move,,2591,224,
1788200091.0243359,mouse_move,,2590,224,
1788200091.0323246,mouse_move,,2589,224,
1788200091.0403292,mouse_move,,2588,224,
1788200091.048324,mouse_move,,2585,224,
1788200091.0563333,mouse_move,,2583,224,
1788200091.0644011,mouse_move,,2581,224,
1788200091.0723062,mouse_move,,2576,226,
1788200091.0802736,mouse_move,,2575,227,
1788200091.0883687,mouse_move,,2568,236,
1788200091.0963523,mouse_move,,2567,242,
1788200091.1043098,mouse_move,,2561,254,
1788200091.1123712,mouse_move,,2555,271,
1788200091.1203969,mouse_move,,2551,285,
1788200091.128485,mouse_move,,2544,307,
1788200091.136336,mouse_move,,2540,329,
1788200091.1445236,mouse_move,,2533,353,
1788200091.1524355,mouse_move,,2524,375,
1788200091.1603613,mouse_move,,2522,402,
1788200091.1683443,mouse_move,,2513,429,
1788200091.1763446,mouse_move,,2505,461,
1788200091.1842945,mouse_move,,2499,488,
1788200091.192268,mouse_move,,2491,523,
1788200091.2004323,mouse_move,,2486,559,
1788200091.2083027,mouse_move,,2478,596,
1788200091.2163694,mouse_move,,2473,637,
1788200091.2243268,mouse_move,,2461,685,
1788200091.232336,mouse_move,,2452,733,
1788200091.2402961,mouse_move,,2436,787,
1788200091.2482972,mouse_move,,2433,827,
1788200091.256417,mouse_move,,2428,863,
1788200091.2643304,mouse_move,,2419,905,
1788200091.272298,mouse_move,,2417,939,
1788200091.2802544,mouse_move,,2415,969,
1788200091.2883613,mouse_move,,2408,999,
1788200091.2962627,mouse_move,,2405,1026,
1788200091.3043263,mouse_move,,2403,1053,
1788200091.312307,mouse_move,,2398,1087,
1788200091.320424,mouse_move,,2396,1113,
1788200091.3282726,mouse_move,,2394,1150,
1788200091.3363147,mouse_move,,2394,1183,
1788200091.3443527,mouse_move,,2394,1216,
1788200091.3523579,mouse_move,,2394,1249,
1788200091.3603399,mouse_move,,2394,1288,
1788200091.3683367,mouse_move,,2394,1326,
1788200091.3763416,mouse_move,,2394,1355,
1788200091.3843114,mouse_move,,2391,1384,
1788200091.3923745,mouse_move,,2391,1406,
1788200091.4004416,mouse_move,,2383,1428,
1788200091.4083402,mouse_move,,2383,1439,
1788200091.416378,mouse_move,,2381,1452,
1788200091.6888478,mouse_move,,2376,1457,
1788200091.6962614,mouse_move,,2373,1464,
1788200091.704457,mouse_move,,2370,1466,
1788200091.7123861,mouse_move,,2368,1471,
1788200091.7203474,mouse_move,,2367,1477,
1788200091.7282476,mouse_move,,2365,1486,
1788200091.7362363,mouse_move,,2361,1490,
1788200091.7448142,mouse_move,,2361,1496,
1788200091.7523084,mouse_move,,2359,1502,
1788200091.7603886,mouse_move,,2353,1512,
1788200091.7683117,mouse_move,,2350,1518,
1788200091.7763972,mouse_move,,2345,1525,
1788200091.78425,mouse_move,,2342,1530,
1788200091.7923918,mouse_move,,2339,1536,
1788200091.8003175,mouse_move,,2336,1541,
1788200091.808331,mouse_move,,2336,1542,
1788200091.81633,mouse_move,,2334,1546,
1788200091.8488417,mouse_move,,2334,1548,
1788200091.9450529,mouse_move,,2334,1548,
1788200091.9528344,mouse_move,,2334,1537,
1788200091.9608378,mouse_move,,2334,1535,
1788200091.969085,mouse_move,,2333,1530,
1788200091.9770389,mouse_move,,2333,1526,
1788200091.984639,mouse_move,,2330,1520,
1788200091.9927359,mouse_move,,2330,1519,
1788200092.001086,mouse_move,,2330,1516,
1788200092.0089612,mouse_move,,2330,1514,
1788200092.0488477,mouse_move,,2329,1512,
1788200092.3766465,mouse_move,,2329,1510,
1788200092.384323,mouse_move,,2329,1509,
1788200092.3924005,mouse_move,,2329,1507,
1788200092.4003425,mouse_move,,2329,1502,
1788200092.4083543,mouse_move,,2331,1496,
1788200092.4163349,mouse_move,,2331,1492,
1788200092.4244084,mouse_move,,2332,1485,
1788200092.4323046,mouse_move,,2334,1474,
1788200092.4402828,mouse_move,,2338,1465,
1788200092.4483194,mouse_move,,2342,1449,
1788200092.456388,mouse_move,,2342,1438,
1788200092.4643247,mouse_move,,2344,1421,
1788200092.4724588,mouse_move,,2348,1410,
1788200092.4804258,mouse_move,,2352,1388,
1788200092.4884255,mouse_move,,2354,1369,
1788200092.4962966,mouse_move,,2358,1353,
1788200092.5043392,mouse_move,,2362,1339,
1788200092.5124204,mouse_move,,2364,1328,
1788200092.5203679,mouse_move,,2370,1318,
1788200092.5282364,mouse_move,,2372,1309,
1788200092.5362499,mouse_move,,2378,1298,
1788200092.5444071,mouse_move,,2383,1288,
1788200092.5523822,mouse_move,,2389,1279,
1788200092.5604346,mouse_move,,2392,1272,
1788200092.568322,mouse_move,,2397,1265,
1788200092.5763578,mouse_move,,2399,1261,
1788200092.5843685,mouse_move,,2404,1252,
1788200092.592766,mouse_move,,2405,1246,
1788200092.6002889,mouse_move,,2409,1240,
1788200092.608288,mouse_move,,2412,1231,
1788200092.6164792,mouse_move,,2414,1222,
1788200092.6247575,mouse_move,,2416,1216,
1788200092.6323755,mouse_move,,2417,1207,
1788200092.6403024,mouse_move,,2420,1203,
1788200092.6483986,mouse_move,,2422,1194,
1788200092.6563892,mouse_move,,2422,1192,
1788200092.6644428,mouse_move,,2423,1189,
1788200092.672391,mouse_move,,2423,1185,
1788200092.6806545,mouse_move,,2425,1180,
1788200092.6963303,mouse_move,,2425,1178,
1788200092.7046223,mouse_move,,2425,1175,
1788200092.7123916,mouse_move,,2425,1171,
1788200092.7203252,mouse_move,,2425,1168,
1788200092.7283762,mouse_move,,2428,1164,
1788200092.7362778,mouse_move,,2428,1160,
1788200092.7442968,mouse_move,,2429,1155,
1788200092.7718542,mouse_move,,2431,1137,
1788200092.7762628,mouse_move,,2431,1131,
1788200092.7843904,mouse_move,,2433,1123,
1788200092.792518,mouse_move,,2433,1117,
1788200092.8003907,mouse_move,,2433,1111,
1788200092.8083875,mouse_move,,2433,1105,
1788200092.8163137,mouse_move,,2433,1100,
1788200092.8243935,mouse_move,,2433,1092,
1788200092.8323886,mouse_move,,2433,1088,
1788200092.840352,mouse_move,,2433,1086,
1788200092.8483589,mouse_move,,2433,1081,
1788200092.8563802,mouse_move,,2433,1079,
1788200092.8647037,mouse_move,,2433,1078,
1788200092.8723493,mouse_move,,2433,1075,
1788200092.8802311,mouse_move,,2433,1073,
1788200092.8883228,mouse_move,,2433,1068,
1788200092.8963425,mouse_move,,2433,1066,
1788200092.9043846,mouse_move,,2433,1062,
1788200092.9123933,mouse_move,,2433,1059,
1788200092.9202907,mouse_move,,2433,1055,
1788200092.9283283,mouse_move,,2433,1052,
1788200092.936788,mouse_move,,2433,1046,
1788200092.9448647,mouse_move,,2433,1044,
1788200092.952731,mouse_move,,2433,1039,
1788200092.9605412,mouse_move,,2433,1038,
1788200092.9690552,mouse_move,,2433,1034,
1788200092.977045,mouse_move,,2433,1032,
1788200092.984233,mouse_move,,2433,1031,
1788200092.9928107,mouse_move,,2433,1027,
1788200093.0003483,mouse_move,,2433,1024,
1788200093.0163054,mouse_move,,2433,1020,
1788200093.0243587,mouse_move,,2433,1019,
1788200093.0323126,mouse_move,,2433,1015,
1788200093.040233,mouse_move,,2433,1014,
1788200093.0483134,mouse_move,,2433,1013,
1788200093.0563114,mouse_move,,2433,1009,
1788200093.0643165,mouse_move,,2433,1006,
1788200093.0723062,mouse_move,,2433,1000,
1788200093.0804129,mouse_move,,2432,998,
1788200093.0883749,mouse_move,,2432,992,
1788200093.0962706,mouse_move,,2432,986,
1788200093.104358,mouse_move,,2429,979,
1788200093.1123304,mouse_move,,2429,971,
1788200093.120358,mouse_move,,2427,967,
1788200093.128266,mouse_move,,2427,961,
1788200093.1363444,mouse_move,,2426,956,
1788200093.144336,mouse_move,,2426,952,
1788200093.1522677,mouse_move,,2425,948,
1788200093.1604085,mouse_move,,2425,946,
1788200093.1682632,mouse_move,,2425,945,
1788200093.3128705,mouse_move,,2423,944,
1788200093.3528333,mouse_move,,2422,944,
1788200093.360708,mouse_move,,2421,948,
1788200093.4008505,mouse_move,,2421,949,
1788200093.416612,mouse_move,,2422,951,
1788200093.43286,mouse_move,,2422,952,
1788200093.4649475,mouse_move,,2422,954,
1788200093.4726374,mouse_move,,2421,955,
1788200093.4888427,mouse_move,,2420,956,
1788200093.4964375,mouse_move,,2419,958,
1788200093.505129,mouse_move,,2416,960,
1788200093.513057,mouse_move,,2413,963,
1788200093.5210607,mouse_move,,2412,966,
1788200093.5285504,mouse_move,,2409,969,
1788200093.5363936,mouse_move,,2408,970,
1788200093.544333,mouse_move,,2407,972,
1788200093.552664,mouse_move,,2405,975,
1788200093.5602865,mouse_move,,2404,981,
1788200093.568453,mouse_move,,2399,984,
1788200093.576255,mouse_move,,2394,991,
1788200093.584255,mouse_move,,2391,997,
1788200093.5923536,mouse_move,,2390,998,
1788200093.6004076,mouse_move,,2387,1004,
1788200093.6086156,mouse_move,,2384,1007,
1788200093.61637,mouse_move,,2383,1010,
1788200093.62442,mouse_move,,2380,1012,
1788200093.6324937,mouse_move,,2377,1015,
1788200093.6403432,mouse_move,,2376,1016,
1788200093.6487157,mouse_move,,2372,1020,
1788200093.656421,mouse_move,,2369,1025,
1788200093.6643422,mouse_move,,2366,1029,
1788200093.6723466,mouse_move,,2365,1032,
1788200093.6803906,mouse_move,,2362,1035,
1788200093.688391,mouse_move,,2359,1038,
1788200093.6962416,mouse_move,,2358,1039,
1788200093.7043743,mouse_move,,2355,1043,
1788200093.7206516,mouse_move,,2352,1046,
1788200093.7285345,mouse_move,,2351,1047,
1788200093.7607574,mouse_move,,2350,1048,
1788200093.8166084,mouse_move,,2348,1048,
1788200093.9127746,mouse_move,,2351,1048,
1788200093.9208198,mouse_move,,2361,1048,
1788200093.9285634,mouse_move,,2369,1048,
1788200093.936792,mouse_move,,2375,1048,
1788200093.9445755,mouse_move,,2383,1048,
1788200093.9528322,mouse_move,,2387,1048,
1788200093.9603446,mouse_move,,2396,1047,
1788200093.9689445,mouse_move,,2404,1047,
1788200093.976293,mouse_move,,2413,1044,
1788200093.9848824,mouse_move,,2419,1044,
1788200093.9929566,mouse_move,,2429,1042,
1788200094.0008862,mouse_move,,2438,1040,
1788200094.0083535,mouse_move,,2442,1040,
1788200094.0164032,mouse_move,,2448,1040,
1788200094.0249906,mouse_move,,2453,1039,
1788200094.032964,mouse_move,,2457,1039,
1788200094.0402648,mouse_move,,2459,1039,
1788200094.0491498,mouse_move,,2466,1036,
1788200094.056893,mouse_move,,2467,1036,
1788200094.0648448,mouse_move,,2469,1036,
1788200094.0725896,mouse_move,,2471,1035,
1788200094.0810938,mouse_move,,2472,1035,
1788200094.1528773,mouse_move,,2474,1035,
1788200094.1607091,mouse_move,,2477,1035,
1788200094.168586,mouse_move,,2483,1035,
1788200094.1768641,mouse_move,,2485,1035,
1788200094.184445,mouse_move,,2489,1035,
1788200094.1928494,mouse_move,,2492,1035,
1788200094.2003186,mouse_move,,2493,1035,
1788200094.208337,mouse_move,,2496,1035,
1788200094.2809792,mouse_move,,2497,1035,
1788200094.2889757,mouse_move,,2498,1035,
1788200094.296517,mouse_move,,2499,1036,
1788200094.3129668,mouse_move,,2500,1036,
1788200094.3206086,mouse_move,,2503,1036,
1788200094.328473,mouse_move,,2505,1037,
1788200094.496504,mouse_move,,2506,1037,
1788200094.5049865,mouse_move,,2508,1037,
1788200094.5210583,mouse_move,,2509,1037,
1788200094.5369833,mouse_move,,2510,1037,
1788200094.5444348,mouse_move,,2511,1037,
1788200094.5525107,mouse_move,,2516,1038,
1788200094.5605469,mouse_move,,2523,1044,
1788200094.5689769,mouse_move,,2528,1045,
1788200094.576368,mouse_move,,2532,1047,
1788200094.5843375,mouse_move,,2536,1047,
1788200094.592659,mouse_move,,2541,1047,
1788200094.6006477,mouse_move,,2545,1047,
1788200094.7445822,mouse_move,,2546,1046,
1788200094.7604854,mouse_move,,2546,1045,
1788200094.77654,mouse_move,,2546,1044,
1788200094.7843158,mouse_move,,2545,1043,
1788200094.7927308,mouse_move,,2544,1042,
1788200094.8084102,mouse_move,,2543,1041,
1788200094.816378,mouse_move,,2541,1041,
1788200094.8243165,mouse_move,,2540,1041,
1788200094.8323154,mouse_move,,2539,1040,
1788200094.840263,mouse_move,,2538,1039,
1788200094.8563578,mouse_move,,2536,1039,
1788200094.872284,mouse_move,,2534,1039,
1788200094.8883796,mouse_move,,2533,1039,
1788200094.8964083,mouse_move,,2532,1039,
1788200094.9124143,mouse_move,,2530,1039,
1788200095.1208928,mouse_click,down,2530,1039,Button.left
1788200095.1847131,mouse_move,,2529,1039,
1788200095.1928797,mouse_move,,2526,1037,
1788200095.200434,mouse_move,,2524,1037,
1788200095.2083323,mouse_move,,2521,1036,
1788200095.2163775,mouse_move,,2515,1036,
1788200095.2242696,mouse_move,,2512,1035,
1788200095.2324202,mouse_move,,2508,1035,
1788200095.2402654,mouse_move,,2502,1035,
1788200095.2483706,mouse_move,,2494,1035,
1788200095.2562656,mouse_move,,2488,1035,
1788200095.2643487,mouse_move,,2484,1035,
1788200095.2722437,mouse_move,,2475,1031,
1788200095.280333,mouse_move,,2471,1030,
1788200095.2886186,mouse_move,,2466,1030,
1788200095.2962701,mouse_move,,2458,1028,
1788200095.3043396,mouse_move,,2454,1028,
1788200095.3122811,mouse_move,,2448,1027,
1788200095.3203008,mouse_move,,2441,1021,
1788200095.3282573,mouse_move,,2437,1021,
1788200095.33632,mouse_move,,2432,1020,
1788200095.344335,mouse_move,,2428,1020,
1788200095.36115,mouse_move,,2425,1020,
1788200095.3683956,mouse_move,,2423,1020,
1788200095.3763149,mouse_move,,2422,1020,
1788200095.3924742,mouse_move,,2421,1019,
1788200095.4007444,mouse_move,,2419,1019,
1788200095.416426,mouse_move,,2417,1017,
1788200095.4488738,mouse_move,,2417,1016,
1788200095.4568539,mouse_move,,2414,1014,
1788200095.4645584,mouse_move,,2412,1014,
1788200095.4723094,mouse_move,,2411,1013,
1788200095.4804504,mouse_move,,2408,1010,
1788200095.488325,mouse_move,,2405,1009,
1788200095.4963348,mouse_move,,2403,1007,
1788200095.5043225,mouse_move,,2398,1006,
1788200095.5123365,mouse_move,,2394,1004,
1788200095.5205028,mouse_move,,2388,1003,
1788200095.5283544,mouse_move,,2382,1001,
1788200095.536391,mouse_move,,2379,1000,
1788200095.5444295,mouse_move,,2373,998,
1788200095.5523262,mouse_move,,2367,998,
1788200095.5604162,mouse_move,,2359,998,
1788200095.568345,mouse_move,,2352,995,
1788200095.5763135,mouse_move,,2338,993,
1788200095.58437,mouse_move,,2334,993,
1788200095.5931027,mouse_move,,2324,993,
1788200095.6003258,mouse_move,,2315,991,
1788200095.6083155,mouse_move,,2307,990,
1788200095.6164496,mouse_move,,2295,986,
1788200095.6244185,mouse_move,,2286,984,
1788200095.6323361,mouse_move,,2273,982,
1788200095.6402555,mouse_move,,2261,978,
1788200095.6484082,mouse_move,,2252,975,
1788200095.6567662,mouse_move,,2243,973,
1788200095.6643505,mouse_move,,2232,971,
1788200095.6723866,mouse_move,,2225,966,
1788200095.6804407,mouse_move,,2216,962,
1788200095.6883862,mouse_move,,2207,959,
1788200095.6963112,mouse_move,,2203,956,
1788200095.7042634,mouse_move,,2197,954,
1788200095.7124622,mouse_move,,2194,951,
1788200095.7203214,mouse_move,,2193,950,
1788200095.728246,mouse_move,,2190,948,
1788200095.7363122,mouse_move,,2186,946,
1788200095.7443202,mouse_move,,2184,945,
1788200095.7523444,mouse_move,,2182,942,
1788200095.7603612,mouse_move,,2179,941,
1788200095.7683847,mouse_move,,2176,938,
1788200095.7762928,mouse_move,,2175,937,
1788200095.784273,mouse_move,,2173,936,
1788200095.8003974,mouse_move,,2170,933,
1788200095.8083308,mouse_move,,2170,932,
1788200095.8164074,mouse_move,,2169,929,
1788200095.8243773,mouse_move,,2167,925,
1788200095.8323367,mouse_move,,2166,924,
1788200095.8402836,mouse_move,,2163,921,
1788200095.8484092,mouse_move,,2163,919,
1788200095.856319,mouse_move,,2160,914,
1788200095.86432,mouse_move,,2159,910,
1788200095.872284,mouse_move,,2158,909,
1788200095.8804028,mouse_move,,2155,903,
1788200095.8882568,mouse_move,,2152,900,
1788200095.896249,mouse_move,,2151,897,
1788200095.9043667,mouse_move,,2148,891,
1788200095.912358,mouse_move,,2148,890,
1788200095.920302,mouse_move,,2144,886,
1788200095.92826,mouse_move,,2141,881,
1788200095.936333,mouse_move,,2138,877,
1788200095.9448664,mouse_move,,2136,874,
1788200095.952361,mouse_move,,2135,870,
1788200095.9604762,mouse_move,,2130,865,
1788200095.968358,mouse_move,,2129,861,
1788200095.976408,mouse_move,,2127,858,
1788200095.9843187,mouse_move,,2126,852,
1788200095.9924035,mouse_move,,2122,845,
1788200096.0003483,mouse_move,,2120,841,
1788200096.0083165,mouse_move,,2118,835,
1788200096.0163085,mouse_move,,2115,830,
1788200096.02436,mouse_move,,2114,826,
1788200096.0323746,mouse_move,,2112,821,
1788200096.0402827,mouse_move,,2111,817,
1788200096.0483563,mouse_move,,2106,813,
1788200096.0564032,mouse_move,,2105,811,
1788200096.0643432,mouse_move,,2104,810,
1788200096.0723438,mouse_move,,2102,808,
1788200096.0802965,mouse_move,,2100,806,
1788200096.096367,mouse_move,,2099,805,
1788200096.1124065,mouse_move,,2096,805,
1788200096.1203008,mouse_move,,2095,805,
1788200096.1930969,mouse_move,,2093,805,
1788200096.2090604,mouse_move,,2086,804,
1788200096.216589,mouse_move,,2085,803,
1788200096.2326548,mouse_move,,2082,803,
1788200096.240647,mouse_move,,2079,803,
1788200096.2483933,mouse_move,,2076,801,
1788200096.2568395,mouse_move,,2073,800,
1788200096.2643032,mouse_move,,2069,798,
1788200096.2723367,mouse_move,,2068,798,
1788200096.280271,mouse_move,,2065,797,
1788200096.2883654,mouse_move,,2063,796,
1788200096.2962985,mouse_move,,2062,795,
1788200096.3047955,mouse_move,,2060,795,
1788200096.3605225,mouse_move,,2059,793,
1788200096.5526,mouse_click,up,2059,793,Button.left
1788200096.7611878,mouse_move,,2058,792,
1788200096.7769785,mouse_move,,2058,791,
1788200096.7846441,mouse_move,,2058,789,
1788200096.7926428,mouse_move,,2062,787,
1788200096.8007858,mouse_move,,2068,782,
1788200096.8083534,mouse_move,,2077,781,
1788200096.8164353,mouse_move,,2091,777,
1788200096.824258,mouse_move,,2102,773,
1788200096.832646,mouse_move,,2114,771,
1788200096.8403165,mouse_move,,2130,767,
1788200096.8486445,mouse_move,,2150,760,
1788200096.8564563,mouse_move,,2163,758,
1788200096.8646271,mouse_move,,2180,752,
1788200096.872349,mouse_move,,2191,750,
1788200096.880655,mouse_move,,2203,748,
1788200096.8884528,mouse_move,,2216,746,
1788200096.8963084,mouse_move,,2227,746,
1788200096.9047897,mouse_move,,2234,743,
1788200096.9126608,mouse_move,,2236,743,
1788200096.9205031,mouse_move,,2242,742,
1788200096.9525027,mouse_move,,2245,740,
1788200097.008792,mouse_move,,2246,739,
1788200097.0249407,mouse_move,,2246,738,
1788200097.0888412,mouse_move,,2247,737,
1788200097.2163973,mouse_move,,2247,736,
1788200097.336992,mouse_move,,2238,733,
1788200097.3445914,mouse_move,,2219,728,
1788200097.3523223,mouse_move,,2205,726,
1788200097.3604314,mouse_move,,2191,722,
1788200097.3682978,mouse_move,,2169,713,
1788200097.3763611,mouse_move,,2149,700,
1788200097.384252,mouse_move,,2126,682,
1788200097.3923504,mouse_move,,2092,656,
1788200097.4002962,mouse_move,,2054,630,
1788200097.4082916,mouse_move,,2015,600,
1788200097.416317,mouse_move,,1945,559,
1788200097.4244075,mouse_move,,1890,518,
1788200097.4326928,mouse_move,,1831,479,
1788200097.440261,mouse_move,,1775,434,
1788200097.4483643,mouse_move,,1714,392,
1788200097.4563425,mouse_move,,1644,343,
1788200097.464739,mouse_move,,1587,294,
1788200097.4723783,mouse_move,,1529,236,
1788200097.4803956,mouse_move,,1482,189,
1788200097.4883797,mouse_move,,1447,156,
1788200097.4963346,mouse_move,,1416,125,
1788200097.5043905,mouse_move,,1392,96,
1788200097.5123935,mouse_move,,1366,71,
1788200097.5203855,mouse_move,,1346,53,
1788200097.5285373,mouse_move,,1329,42,
1788200097.5364048,mouse_move,,1307,31,
1788200097.5444753,mouse_move,,1290,27,
1788200097.552359,mouse_move,,1269,22,
1788200097.5604322,mouse_move,,1250,18,
1788200097.5684762,mouse_move,,1223,16,
1788200097.5764072,mouse_move,,1196,11,
1788200097.5844562,mouse_move,,1167,9,
1788200097.5924735,mouse_move,,1140,7,
1788200097.6004183,mouse_move,,1111,5,
1788200097.6083636,mouse_move,,1087,-2,
1788200097.6164901,mouse_move,,1062,-2,
1788200097.624449,mouse_move,,1036,-7,
1788200097.6323957,mouse_move,,1021,-4,
1788200097.6403399,mouse_move,,1002,-6,
1788200097.6483266,mouse_move,,980,-7,
1788200097.656409,mouse_move,,961,-6,
1788200097.6643193,mouse_move,,947,-6,
1788200097.6723804,mouse_move,,935,-6,
1788200097.6803455,mouse_move,,924,-2,
1788200097.6883757,mouse_move,,909,-6,
1788200097.6963274,mouse_move,,901,-2,
1788200097.7043936,mouse_move,,889,-2,
1788200097.7124243,mouse_move,,881,0,
1788200097.7203128,mouse_move,,875,-3,
1788200097.7283611,mouse_move,,869,0,
1788200097.7364237,mouse_move,,863,0,
1788200097.744394,mouse_move,,860,0,
1788200097.7523072,mouse_move,,859,0,
1788200097.7604382,mouse_move,,857,0,
1788200097.8005385,mouse_move,,854,0,
1788200097.816618,mouse_move,,848,0,
1788200097.82451,mouse_move,,845,0,
1788200097.8324244,mouse_move,,839,3,
1788200097.840364,mouse_move,,834,6,
1788200097.8484492,mouse_move,,828,9,
1788200097.8564577,mouse_move,,816,17,
1788200097.864319,mouse_move,,804,21,
1788200097.8723176,mouse_move,,798,25,
1788200097.8802853,mouse_move,,784,29,
1788200097.8883822,mouse_move,,773,31,
1788200097.8965604,mouse_move,,759,35,
1788200097.9044144,mouse_move,,756,36,
1788200097.9844854,mouse_move,,755,36,
1788200098.0404735,mouse_move,,754,36,
1788200098.0564775,mouse_move,,758,34,
1788200098.064306,mouse_move,,767,32,
1788200098.0722835,mouse_move,,784,24,
1788200098.0804534,mouse_move,,798,20,
1788200098.0886767,mouse_move,,814,16,
1788200098.096256,mouse_move,,834,7,
1788200098.104309,mouse_move,,845,3,
1788200098.1123836,mouse_move,,862,-1,
1788200098.1203845,mouse_move,,881,-6,
1788200098.1283262,mouse_move,,900,-5,
1788200098.1363697,mouse_move,,925,-9,
1788200098.1443176,mouse_move,,947,-2,
1788200098.1524405,mouse_move,,970,0,
1788200098.1603413,mouse_move,,1000,-4,
1788200098.1683636,mouse_move,,1040,-3,
1788200098.1763945,mouse_move,,1085,-3,
1788200098.184414,mouse_move,,1140,0,
1788200098.1923332,mouse_move,,1183,0,
1788200098.2003744,mouse_move,,1234,-3,
1788200098.2085001,mouse_move,,1294,0,
1788200098.216501,mouse_move,,1332,0,
1788200098.2243736,mouse_move,,1378,-6,
1788200098.2323358,mouse_move,,1435,-6,
1788200098.2403228,mouse_move,,1488,-9,
1788200098.2484322,mouse_move,,1529,-6,
1788200098.2563543,mouse_move,,1563,-2,
1788200098.2643337,mouse_move,,1605,-9,
1788200098.2723348,mouse_move,,1654,-12,
1788200098.280412,mouse_move,,1681,-6,
1788200098.2883978,mouse_move,,1700,-5,
1788200098.2963197,mouse_move,,1708,-12,
1788200098.304518,mouse_move,,1719,-3,
1788200098.3123932,mouse_move,,1736,-7,
1788200098.320353,mouse_move,,1753,-8,
1788200098.32829,mouse_move,,1759,-2,
1788200098.3363478,mouse_move,,1764,-1,
1788200098.344349,mouse_move,,1772,-2,
1788200098.3605392,mouse_move,,1776,0,
1788200098.3683386,mouse_move,,1779,0,
1788200098.376361,mouse_move,,1783,-3,
1788200098.3843138,mouse_move,,1786,0,
1788200098.3923829,mouse_move,,1794,-2,
1788200098.4004004,mouse_move,,1802,0,
1788200098.4083185,mouse_move,,1813,-1,
1788200098.416326,mouse_move,,1827,0,
1788200098.424423,mouse_move,,1841,-7,
1788200098.4323637,mouse_move,,1846,-1,
1788200098.4403195,mouse_move,,1856,-2,
1788200098.4482853,mouse_move,,1862,0,
1788200098.4563673,mouse_move,,1866,-1,
1788200098.4643147,mouse_move,,1871,0,
1788200098.4723375,mouse_move,,1872,0,
1788200098.4887576,mouse_move,,1873,0,
1788200098.528551,mouse_move,,1877,0,
1788200098.5369475,mouse_move,,1887,0,
1788200098.5447674,mouse_move,,1895,0,
1788200098.552606,mouse_move,,1907,-4,
1788200098.5607574,mouse_move,,1918,-2,
1788200098.5689635,mouse_move,,1932,-2,
1788200098.5764372,mouse_move,,1943,-6,
1788200098.584631,mouse_move,,1952,-2,
1788200098.592666,mouse_move,,1961,-1,
1788200098.6009579,mouse_move,,1969,-2,
1788200098.6086707,mouse_move,,1981,-6,
1788200098.6165931,mouse_move,,1995,-2,
1788200098.6242907,mouse_move,,2012,-6,
1788200098.6323898,mouse_move,,2026,-2,
1788200098.6403635,mouse_move,,2047,-2,
1788200098.6484084,mouse_move,,2063,0,
1788200098.6568708,mouse_move,,2090,-7,
1788200098.6647928,mouse_move,,2117,-2,
1788200098.6723354,mouse_move,,2143,-2,
1788200098.6803703,mouse_move,,2170,-7,
1788200098.68886,mouse_move,,2194,-2,
1788200098.6963153,mouse_move,,2216,-3,
1788200098.7051475,mouse_move,,2227,0,
1788200098.7123992,mouse_move,,2243,-2,
1788200098.721022,mouse_move,,2257,-4,
1788200098.72838,mouse_move,,2263,0,
1788200098.7369912,mouse_move,,2271,0,
1788200098.7445185,mouse_move,,2275,-1,
1788200098.752355,mouse_move,,2280,0,
1788200098.7603843,mouse_move,,2286,0,
1788200098.7683835,mouse_move,,2287,0,
1788200098.7766054,mouse_move,,2291,0,
1788200098.7843707,mouse_move,,2293,0,
1788200098.792476,mouse_move,,2298,0,
1788200098.8002937,mouse_move,,2300,0,
1788200098.8083625,mouse_move,,2304,0,
1788200098.816423,mouse_move,,2305,0,
1788200098.888341,mouse_move,,2300,0,
1788200098.8963578,mouse_move,,2286,0,
1788200098.904333,mouse_move,,2270,0,
1788200098.9124815,mouse_move,,2246,0,
1788200098.9203393,mouse_move,,2222,0,
1788200098.9283009,mouse_move,,2186,0,
1788200098.9363894,mouse_move,,2142,0,
1788200098.9444203,mouse_move,,2099,0,
1788200098.9522865,mouse_move,,2044,0,
1788200098.9609907,mouse_move,,1973,0,
1788200098.968362,mouse_move,,1908,0,
1788200098.9763288,mouse_move,,1825,6,
1788200098.9843059,mouse_move,,1751,20,
1788200098.992384,mouse_move,,1683,31,
1788200099.0004475,mouse_move,,1620,40,
1788200099.0083675,mouse_move,,1550,54,
1788200099.016485,mouse_move,,1505,57,
1788200099.0244067,mouse_move,,1464,63,
1788200099.0323844,mouse_move,,1422,71,
1788200099.0403252,mouse_move,,1395,75,
1788200099.0484018,mouse_move,,1369,80,
1788200099.056423,mouse_move,,1347,82,
1788200099.0643823,mouse_move,,1336,84,
1788200099.072283,mouse_move,,1317,86,
1788200099.0804598,mouse_move,,1303,90,
1788200099.0884595,mouse_move,,1297,92,
1788200099.0963705,mouse_move,,1293,92,
1788200099.1042404,mouse_move,,1290,92,
1788200099.1124477,mouse_move,,1289,92,
1788200099.1283956,mouse_move,,1283,93,
1788200099.1604257,mouse_move,,1282,94,
1788200099.1685061,mouse_move,,1281,95,
1788200099.1763983,mouse_move,,1280,96,
1788200099.1843677,mouse_move,,1278,98,
1788200099.1923647,mouse_move,,1276,99,
1788200099.2004602,mouse_move,,1275,100,
1788200099.2083147,mouse_move,,1274,100,
1788200099.2165537,mouse_move,,1272,102,
1788200099.2243636,mouse_move,,1269,104,
1788200099.232398,mouse_move,,1266,104,
1788200099.2403548,mouse_move,,1265,104,
1788200099.2483764,mouse_move,,1264,104,
1788200099.2564604,mouse_move,,1260,105,
1788200099.2724798,mouse_move,,1259,105,
1788200099.2887363,mouse_move,,1256,106,
1788200099.2962432,mouse_move,,1255,106,
1788200099.3124337,mouse_move,,1254,106,
1788200099.3203368,mouse_move,,1252,110,
1788200099.3283737,mouse_move,,1249,112,
1788200099.3363547,mouse_move,,1242,117,
1788200099.3443115,mouse_move,,1236,120,
1788200099.3522432,mouse_move,,1226,126,
1788200099.3604333,mouse_move,,1217,129,
1788200099.3683333,mouse_move,,1208,135,
1788200099.376352,mouse_move,,1202,136,
1788200099.384239,mouse_move,,1197,139,
1788200099.3924139,mouse_move,,1194,142,
1788200099.472797,mouse_move,,1198,145,
1788200099.480754,mouse_move,,1200,145,
1788200099.4889636,mouse_move,,1205,145,
1788200099.4962811,mouse_move,,1213,145,
1788200099.5043771,mouse_move,,1221,147,
1788200099.5123394,mouse_move,,1230,147,
1788200099.5203853,mouse_move,,1246,147,
1788200099.5283082,mouse_move,,1256,147,
1788200099.5363867,mouse_move,,1267,147,
1788200099.5445023,mouse_move,,1278,147,
1788200099.552385,mouse_move,,1282,147,
1788200099.560481,mouse_move,,1289,146,
1788200099.5684192,mouse_move,,1298,141,
1788200099.5763884,mouse_move,,1301,139,
1788200099.5924067,mouse_move,,1303,138,
1788200099.6086636,mouse_move,,1306,135,
1788200099.648708,mouse_move,,1307,135,
1788200099.656353,mouse_move,,1311,134,
1788200099.6643617,mouse_move,,1314,134,
1788200099.6722946,mouse_move,,1318,132,
1788200099.6802552,mouse_move,,1321,132,
1788200099.6888213,mouse_move,,1323,132,
1788200099.704743,mouse_move,,1325,132,
1788200099.720958,mouse_move,,1326,132,
1788200099.7288284,mouse_move,,1328,131,
1788200099.744975,mouse_move,,1329,131,
1788200099.7604399,mouse_move,,1330,131,
1788200099.92853,mouse_click,down,1330,131,Button.left
1788200100.016564,mouse_click,up,1330,131,Button.left
1788200100.0723855,mouse_move,,1332,133,
1788200100.0804086,mouse_move,,1330,136,
1788200100.0884395,mouse_move,,1328,140,
1788200100.0965714,mouse_move,,1327,143,
1788200100.1044555,mouse_move,,1324,145,
1788200100.1124399,mouse_move,,1323,147,
1788200100.176465,mouse_move,,1323,148,
1788200100.1924458,mouse_move,,1326,149,
1788200100.2004976,mouse_move,,1334,147,
1788200100.2084703,mouse_move,,1348,143,
1788200100.2163875,mouse_move,,1358,137,
1788200100.22445,mouse_move,,1362,134,
1788200100.2324567,mouse_move,,1375,127,
1788200100.2403724,mouse_move,,1390,118,
1788200100.248363,mouse_move,,1393,109,
1788200100.2564123,mouse_move,,1393,101,
1788200100.264395,mouse_move,,1413,92,
1788200100.2724116,mouse_move,,1429,88,
1788200100.2804105,mouse_move,,1451,82,
1788200100.2884085,mouse_move,,1476,75,
1788200100.2963681,mouse_move,,1500,68,
1788200100.3043282,mouse_move,,1522,60,
1788200100.3124547,mouse_move,,1546,57,
1788200100.3204732,mouse_move,,1570,55,
1788200100.3283558,mouse_move,,1594,53,
1788200100.3364344,mouse_move,,1616,49,
1788200100.3444002,mouse_move,,1640,44,
1788200100.3523927,mouse_move,,1656,44,
1788200100.3604183,mouse_move,,1673,42,
1788200100.3684833,mouse_move,,1692,38,
1788200100.3763986,mouse_move,,1710,38,
1788200100.384318,mouse_move,,1726,38,
1788200100.392486,mouse_move,,1737,38,
1788200100.4004252,mouse_move,,1751,38,
1788200100.4083903,mouse_move,,1764,38,
1788200100.4165614,mouse_move,,1778,38,
1788200100.4244413,mouse_move,,1791,38,
1788200100.4323006,mouse_move,,1807,38,
1788200100.440301,mouse_move,,1821,38,
1788200100.448351,mouse_move,,1837,38,
1788200100.4563332,mouse_move,,1855,38,
1788200100.464256,mouse_move,,1866,38,
1788200100.4722624,mouse_move,,1883,34,
1788200100.4803193,mouse_move,,1894,32,
1788200100.4883704,mouse_move,,1910,28,
1788200100.4963086,mouse_move,,1916,28,
1788200100.5043619,mouse_move,,1925,26,
1788200100.5124145,mouse_move,,1931,26,
1788200100.5203652,mouse_move,,1939,25,
1788200100.5282629,mouse_move,,1941,25,
1788200100.53643,mouse_move,,1946,25,
1788200100.5443597,mouse_move,,1948,25,
1788200100.5522738,mouse_move,,1954,23,
1788200100.5603337,mouse_move,,1960,23,
1788200100.5683868,mouse_move,,1968,23,
1788200100.576399,mouse_move,,1977,23,
1788200100.5842814,mouse_move,,1985,23,
1788200100.5923884,mouse_move,,1996,23,
1788200100.6004124,mouse_move,,2004,23,
1788200100.6083028,mouse_move,,2015,23,
1788200100.6164274,mouse_move,,2023,23,
1788200100.6243541,mouse_move,,2029,23,
1788200100.6323907,mouse_move,,2033,23,
1788200100.6643574,mouse_move,,2034,23,
1788200100.8086653,mouse_click,down,2034,23,Button.left
1788200100.906196,mouse_click,up,2034,23,Button.left
1788200101.008835,mouse_move,,2033,23,
1788200101.0166848,mouse_move,,2029,23,
1788200101.0242732,mouse_move,,2026,26,
1788200101.03259,mouse_move,,2023,28,
1788200101.0407174,mouse_move,,2020,31,
1788200101.0483336,mouse_move,,2016,35,
1788200101.0566974,mouse_move,,2013,40,
1788200101.0646327,mouse_move,,2011,44,
1788200101.072327,mouse_move,,2004,53,
1788200101.0810034,mouse_move,,1996,65,
1788200101.0889635,mouse_move,,1991,74,
1788200101.0964887,mouse_move,,1984,88,
1788200101.104389,mouse_move,,1976,101,
1788200101.1123247,mouse_move,,1964,115,
1788200101.1206093,mouse_move,,1953,133,
1788200101.1282892,mouse_move,,1942,152,
1788200101.136394,mouse_move,,1931,174,
1788200101.1444647,mouse_move,,1917,200,
1788200101.1524737,mouse_move,,1892,234,
1788200101.1603985,mouse_move,,1879,263,
1788200101.1684241,mouse_move,,1857,296,
1788200101.1763623,mouse_move,,1832,343,
1788200101.1842923,mouse_move,,1800,392,
1788200101.1923249,mouse_move,,1771,464,
1788200101.2004592,mouse_move,,1744,557,
1788200101.208318,mouse_move,,1710,635,
1788200101.216289,mouse_move,,1677,713,
1788200101.2244842,mouse_move,,1638,807,
1788200101.2325516,mouse_move,,1607,899,
1788200101.2403378,mouse_move,,1569,983,
1788200101.2484243,mouse_move,,1530,1072,
1788200101.2564065,mouse_move,,1501,1144,
1788200101.2643933,mouse_move,,1468,1217,
1788200101.2726033,mouse_move,,1441,1275,
1788200101.2804239,mouse_move,,1422,1311,
1788200101.2884262,mouse_move,,1400,1358,
1788200101.2963083,mouse_move,,1388,1387,
1788200101.3043852,mouse_move,,1375,1417,
1788200101.312415,mouse_move,,1366,1445,
1788200101.320337,mouse_move,,1364,1474,
1788200101.3282864,mouse_move,,1362,1498,
1788200101.3362997,mouse_move,,1362,1527,
1788200101.3444123,mouse_move,,1362,1554,
1788200101.3523152,mouse_move,,1362,1586,
1788200101.3603137,mouse_move,,1363,1610,
1788200101.3683898,mouse_move,,1372,1642,
1788200101.3762898,mouse_move,,1383,1675,
1788200101.384314,mouse_move,,1399,1710,
1788200101.392283,mouse_move,,1416,1751,
1788200101.4004042,mouse_move,,1440,1788,
1788200101.4082873,mouse_move,,1467,1832,
1788200101.4164512,mouse_move,,1493,1832,
1788200101.4243863,mouse_move,,1518,1833,
1788200101.4324148,mouse_move,,1560,1841,
1788200101.4402568,mouse_move,,1599,1829,
1788200101.448383,mouse_move,,1635,1836,
1788200101.4563358,mouse_move,,1665,1822,
1788200101.464341,mouse_move,,1703,1826,
1788200101.4722579,mouse_move,,1731,1820,
1788200101.4803972,mouse_move,,1761,1811,
1788200101.4883194,mouse_move,,1788,1806,
1788200101.4963236,mouse_move,,1810,1805,
1788200101.504407,mouse_move,,1836,1801,
1788200101.512333,mouse_move,,1863,1799,
1788200101.5203214,mouse_move,,1887,1799,
1788200101.5282512,mouse_move,,1908,1799,
1788200101.536444,mouse_move,,1927,1794,
1788200101.544367,mouse_move,,1944,1790,
1788200101.5523055,mouse_move,,1956,1784,
1788200101.560479,mouse_move,,1965,1778,
1788200101.5683103,mouse_move,,1970,1774,
1788200101.5763392,mouse_move,,1977,1764,
1788200101.5842416,mouse_move,,1992,1747,
1788200101.5923648,mouse_move,,1994,1735,
1788200101.6003869,mouse_move,,2000,1721,
1788200101.608313,mouse_move,,2003,1702,
1788200101.6163833,mouse_move,,2005,1683,
1788200101.6244051,mouse_move,,2005,1672,
1788200101.6323907,mouse_move,,2008,1663,
1788200101.6403387,mouse_move,,2008,1657,
1788200101.6482995,mouse_move,,2008,1655,
1788200101.6563356,mouse_move,,2008,1652,
1788200101.6643434,mouse_move,,2008,1650,
1788200101.857035,mouse_move,,2008,1650,
1788200101.8650327,mouse_move,,2007,1655,
1788200101.8724022,mouse_move,,2002,1660,
1788200101.8804386,mouse_move,,1999,1664,
1788200101.8884087,mouse_move,,1994,1673,
1788200101.8963437,mouse_move,,1989,1678,
1788200101.9044833,mouse_move,,1985,1682,
1788200101.9123638,mouse_move,,1982,1687,
1788200101.920289,mouse_move,,1975,1693,
1788200101.9282396,mouse_move,,1972,1700,
1788200101.936288,mouse_move,,1967,1707,
1788200101.9444206,mouse_move,,1962,1712,
1788200101.9523728,mouse_move,,1960,1716,
1788200101.9603412,mouse_move,,1957,1722,
1788200101.9683442,mouse_move,,1952,1729,
1788200101.9763012,mouse_move,,1949,1736,
1788200101.984292,mouse_move,,1944,1743,
1788200101.992378,mouse_move,,1942,1746,
1788200102.000359,mouse_move,,1937,1754,
1788200102.0083253,mouse_move,,1936,1755,
1788200102.0162866,mouse_move,,1935,1759,
1788200102.0242982,mouse_move,,1932,1762,
1788200102.032303,mouse_move,,1931,1763,
1788200102.0403218,mouse_move,,1929,1763,
1788200102.0483186,mouse_move,,1928,1764,
1788200102.0563092,mouse_move,,1926,1764,
1788200102.0642974,mouse_move,,1925,1764,
1788200102.0723588,mouse_move,,1924,1764,
1788200102.0803483,mouse_move,,1920,1764,
1788200102.0883846,mouse_move,,1917,1764,
1788200102.0963895,mouse_move,,1909,1764,
1788200102.1043637,mouse_move,,1901,1764,
1788200102.1124322,mouse_move,,1893,1764,
1788200102.1203551,mouse_move,,1882,1764,
1788200102.1282747,mouse_move,,1868,1764,
1788200102.1365933,mouse_move,,1860,1764,
1788200102.1447244,mouse_move,,1852,1764,
1788200102.152359,mouse_move,,1846,1764,
1788200102.1608462,mouse_move,,1840,1764,
1788200102.1682808,mouse_move,,1834,1764,
1788200102.1763897,mouse_move,,1828,1764,
1788200102.1842716,mouse_move,,1825,1764,
1788200102.1923845,mouse_move,,1821,1764,
1788200102.200348,mouse_move,,1815,1764,
1788200102.208799,mouse_move,,1811,1764,
1788200102.2163467,mouse_move,,1807,1764,
1788200102.2243543,mouse_move,,1801,1764,
1788200102.232768,mouse_move,,1796,1764,
1788200102.2402604,mouse_move,,1790,1768,
1788200102.2483196,mouse_move,,1789,1769,
1788200102.2563448,mouse_move,,1785,1769,
1788200102.2643173,mouse_move,,1782,1770,
1788200102.2808824,mouse_move,,1778,1772,
1788200102.289,mouse_move,,1775,1774,
1788200102.2963464,mouse_move,,1774,1774,
1788200102.3046556,mouse_move,,1771,1776,
1788200102.3128002,mouse_move,,1770,1776,
1788200102.320794,mouse_move,,1769,1776,
1788200102.3283026,mouse_move,,1767,1776,
1788200102.3364108,mouse_move,,1766,1776,
1788200102.3528981,mouse_move,,1764,1776,
1788200102.3603568,mouse_move,,1763,1776,
1788200102.3682907,mouse_move,,1759,1775,
1788200102.3763492,mouse_move,,1758,1774,
1788200102.3842864,mouse_move,,1757,1773,
1788200102.3923507,mouse_move,,1756,1772,
1788200102.400368,mouse_move,,1752,1771,
1788200102.4083652,mouse_move,,1749,1769,
1788200102.4163878,mouse_move,,1745,1768,
1788200102.4244044,mouse_move,,1741,1766,
1788200102.432263,mouse_move,,1733,1766,
1788200102.4403276,mouse_move,,1728,1766,
1788200102.4482293,mouse_move,,1720,1766,
1788200102.4563618,mouse_move,,1712,1766,
1788200102.464271,mouse_move,,1704,1766,
1788200102.472448,mouse_move,,1696,1766,
1788200102.480214,mouse_move,,1687,1766,
1788200102.4883382,mouse_move,,1679,1766,
1788200102.4962492,mouse_move,,1671,1766,
1788200102.5048106,mouse_move,,1657,1766,
1788200102.5122664,mouse_move,,1649,1765,
1788200102.5203598,mouse_move,,1640,1765,
1788200102.5282896,mouse_move,,1630,1765,
1788200102.5364244,mouse_move,,1624,1765,
1788200102.5442638,mouse_move,,1618,1765,
1788200102.5523236,mouse_move,,1612,1765,
1788200102.5605092,mouse_move,,1607,1765,
1788200102.5687494,mouse_move,,1605,1765,
1788200102.5762954,mouse_move,,1602,1765,
1788200102.5843108,mouse_move,,1601,1765,
1788200102.7049441,mouse_move,,1600,1763,
1788200102.7126644,mouse_move,,1600,1762,
1788200102.7285879,mouse_move,,1600,1760,
1788200102.9843168,mouse_move,,1601,1760,
1788200103.000363,mouse_move,,1602,1760,
1788200103.0164914,mouse_move,,1605,1760,
1788200103.0243366,mouse_move,,1608,1758,
1788200103.0325284,mouse_move,,1609,1757,
1788200103.0403273,mouse_move,,1611,1753,
1788200103.0483623,mouse_move,,1614,1752,
1788200103.0563254,mouse_move,,1620,1750,
1788200103.0643148,mouse_move,,1623,1748,
1788200103.0722213,mouse_move,,1630,1744,
1788200103.080371,mouse_move,,1636,1739,
1788200103.088371,mouse_move,,1645,1736,
1788200103.0962625,mouse_move,,1658,1728,
1788200103.1047556,mouse_move,,1667,1722,
1788200103.11237,mouse_move,,1676,1714,
1788200103.120335,mouse_move,,1684,1705,
1788200103.128279,mouse_move,,1696,1694,
1788200103.13641,mouse_move,,1711,1684,
1788200103.14447,mouse_move,,1726,1669,
1788200103.152263,mouse_move,,1746,1653,
1788200103.1604075,mouse_move,,1764,1638,
1788200103.1683228,mouse_move,,1776,1628,
1788200103.1764011,mouse_move,,1793,1617,
1788200103.1843095,mouse_move,,1805,1605,
1788200103.1923153,mouse_move,,1815,1597,
1788200103.2003384,mouse_move,,1822,1592,
1788200103.2083364,mouse_move,,1829,1587,
1788200103.2163782,mouse_move,,1836,1583,
1788200103.2244225,mouse_move,,1840,1580,
1788200103.232388,mouse_move,,1843,1579,
1788200103.2403553,mouse_move,,1846,1578,
1788200103.2483447,mouse_move,,1848,1575,
1788200103.2563927,mouse_move,,1850,1572,
1788200103.2643645,mouse_move,,1851,1571,
1788200103.2722926,mouse_move,,1854,1567,
1788200103.288335,mouse_move,,1855,1564,
1788200103.3048809,mouse_move,,1855,1560,
1788200103.3123586,mouse_move,,1856,1559,
1788200103.5125875,mouse_move,,1856,1559,
1788200103.5203915,mouse_move,,1855,1559,
1788200103.848992,mouse_move,,1854,1560,
1788200103.9286592,mouse_move,,1852,1560,
1788200104.0245967,mouse_click,down,1852,1560,Button.left
1788200104.1047418,mouse_click,up,1852,1560,Button.left
1788200104.1524515,mouse_move,,1851,1561,
1788200104.160455,mouse_move,,1849,1564,
1788200104.1685421,mouse_move,,1848,1565,
1788200104.1764219,mouse_move,,1846,1566,
1788200104.1843002,mouse_move,,1845,1566,
1788200104.1923943,mouse_move,,1844,1566,
1788200104.2250896,mouse_move,,1840,1566,
1788200104.2568061,mouse_move,,1839,1566,
1788200104.2647493,mouse_move,,1840,1549,
1788200104.272456,mouse_move,,1851,1532,
1788200104.2804024,mouse_move,,1864,1512,
1788200104.2886932,mouse_move,,1877,1493,
1788200104.2964194,mouse_move,,1890,1470,
1788200104.3043895,mouse_move,,1909,1447,
1788200104.31286,mouse_move,,1931,1423,
1788200104.3202868,mouse_move,,1950,1399,
1788200104.3283224,mouse_move,,1972,1366,
1788200104.336271,mouse_move,,2001,1332,
1788200104.3607183,mouse_move,,2077,1231,
1788200104.368384,mouse_move,,2100,1206,
1788200104.3763223,mouse_move,,2123,1177,
1788200104.3843234,mouse_move,,2141,1159,
1788200104.3924391,mouse_move,,2159,1142,
1788200104.4003625,mouse_move,,2171,1129,
1788200104.4083278,mouse_move,,2186,1114,
1788200104.4163728,mouse_move,,2199,1102,
1788200104.4244173,mouse_move,,2201,1099,
1788200104.4323094,mouse_move,,2206,1094,
1788200104.440327,mouse_move,,2208,1090,
1788200104.4483001,mouse_move,,2209,1089,
1788200104.4564002,mouse_move,,2210,1087,
1788200104.4643922,mouse_move,,2211,1086,
1788200104.4806783,mouse_move,,2212,1085,
1788200104.4971542,mouse_move,,2212,1084,
1788200104.5043836,mouse_move,,2213,1082,
1788200104.5126398,mouse_move,,2215,1079,
1788200104.5206149,mouse_move,,2218,1074,
1788200104.5282452,mouse_move,,2219,1070,
1788200104.5366554,mouse_move,,2221,1064,
1788200104.544632,mouse_move,,2225,1059,
1788200104.5527112,mouse_move,,2227,1053,
1788200104.5602305,mouse_move,,2230,1049,
1788200104.5688722,mouse_move,,2234,1044,
1788200104.5763438,mouse_move,,2237,1039,
1788200104.5843632,mouse_move,,2241,1033,
1788200104.5923283,mouse_move,,2242,1030,
1788200104.6004088,mouse_move,,2244,1024,
1788200104.6086662,mouse_move,,2244,1023,
1788200104.6163073,mouse_move,,2244,1022,
1788200104.6244252,mouse_move,,2245,1019,
1788200104.632308,mouse_move,,2245,1018,
1788200104.8089674,mouse_move,,2245,1016,
1788200104.8166187,mouse_move,,2245,1008,
1788200104.8247607,mouse_move,,2248,1003,
1788200104.8328488,mouse_move,,2249,997,
1788200104.840847,mouse_move,,2251,993,
1788200104.8486283,mouse_move,,2252,987,
1788200104.8564446,mouse_move,,2252,982,
1788200104.864277,mouse_move,,2255,976,
1788200104.8722878,mouse_move,,2255,972,
1788200104.8802884,mouse_move,,2255,971,
1788200104.8883393,mouse_move,,2255,967,
1788200104.8962994,mouse_move,,2255,966,
1788200104.904318,mouse_move,,2257,962,
1788200104.9203336,mouse_move,,2257,961,
1788200104.9282377,mouse_move,,2257,960,
1788200104.9363604,mouse_move,,2258,958,
1788200104.9523115,mouse_move,,2259,957,
1788200105.0250404,mouse_move,,2259,962,
1788200105.0323346,mouse_move,,2259,968,
1788200105.0402548,mouse_move,,2259,970,
1788200105.0483596,mouse_move,,2259,974,
1788200105.0564032,mouse_move,,2259,977,
1788200105.0643044,mouse_move,,2259,979,
1788200105.0722513,mouse_move,,2259,982,
1788200105.0890074,mouse_move,,2259,983,
1788200105.1049166,mouse_move,,2259,986,
1788200105.1127462,mouse_move,,2259,987,
1788200105.3450162,mouse_click,down,2259,987,Button.left
1788200105.3849561,mouse_move,,2258,988,
1788200105.3928366,mouse_move,,2239,992,
1788200105.4002676,mouse_move,,2228,992,
1788200105.408365,mouse_move,,2206,998,
1788200105.4164171,mouse_move,,2189,1002,
1788200105.424594,mouse_move,,2159,1007,
1788200105.4323554,mouse_move,,2123,1012,
1788200105.4402964,mouse_move,,2076,1021,
1788200105.4483817,mouse_move,,2035,1027,
1788200105.4563053,mouse_move,,1993,1035,
1788200105.4642997,mouse_move,,1947,1041,
1788200105.4723248,mouse_move,,1907,1043,
1788200105.4803877,mouse_move,,1854,1053,
1788200105.4883683,mouse_move,,1803,1059,
1788200105.4962533,mouse_move,,1735,1069,
1788200105.5043843,mouse_move,,1666,1083,
1788200105.5124059,mouse_move,,1626,1085,
1788200105.5203652,mouse_move,,1570,1089,
1788200105.5282907,mouse_move,,1510,1089,
1788200105.536391,mouse_move,,1467,1089,
1788200105.5443895,mouse_move,,1423,1089,
1788200105.5523362,mouse_move,,1394,1091,
1788200105.5602646,mouse_move,,1367,1091,
1788200105.5682745,mouse_move,,1346,1093,
1788200105.5762577,mouse_move,,1334,1095,
1788200105.5843656,mouse_move,,1326,1095,
1788200105.5923743,mouse_move,,1320,1095,
1788200105.6004233,mouse_move,,1318,1095,
1788200105.608487,mouse_move,,1315,1095,
1788200105.6244082,mouse_move,,1314,1095,
1788200105.6567895,mouse_move,,1313,1095,
1788200105.7126584,mouse_move,,1312,1095,
1788200105.7283258,mouse_move,,1309,1095,
1788200105.7363439,mouse_move,,1308,1095,
1788200105.7523165,mouse_move,,1306,1093,
1788200105.7603374,mouse_move,,1303,1093,
1788200105.768263,mouse_move,,1302,1092,
1788200105.7762904,mouse_move,,1301,1092,
1788200105.7843993,mouse_move,,1300,1092,
1788200105.8002896,mouse_move,,1298,1091,
1788200105.8569655,mouse_move,,1297,1090,
1788200105.9771054,mouse_click,up,1297,1090,Button.left
1788200106.088392,mouse_move,,1296,1090,
1788200106.0963116,mouse_move,,1294,1093,
1788200106.1123385,mouse_move,,1294,1094,
1788200106.138329,mouse_move,,1291,1102,
1788200106.1442735,mouse_move,,1290,1104,
1788200106.160408,mouse_move,,1288,1109,
1788200106.17641,mouse_move,,1288,1110,
1788200106.1844172,mouse_move,,1288,1111,
1788200106.192309,mouse_move,,1287,1115,
1788200106.200465,mouse_move,,1286,1116,
1788200106.216491,mouse_move,,1286,1117,
1788200106.2243707,mouse_move,,1286,1120,
1788200106.2406104,mouse_move,,1286,1121,
1788200106.2483313,mouse_move,,1286,1122,
1788200106.2563753,mouse_move,,1286,1123,
1788200106.2643635,mouse_move,,1283,1129,
1788200106.2806199,mouse_move,,1283,1133,
1788200106.2883947,mouse_move,,1283,1134,
1788200106.2963185,mouse_move,,1283,1137,
1788200106.3045008,mouse_move,,1283,1139,
1788200106.3124774,mouse_move,,1282,1140,
1788200106.392394,mouse_move,,1281,1142,
1788200106.472417,mouse_move,,1278,1142,
1788200106.5045607,mouse_move,,1277,1142,
1788200106.512394,mouse_move,,1276,1142,
1788200106.5203843,mouse_move,,1272,1142,
1788200106.5843534,mouse_move,,1279,1142,
1788200106.592572,mouse_move,,1299,1136,
1788200106.6004324,mouse_move,,1308,1128,
1788200106.6083498,mouse_move,,1320,1120,
1788200106.6164777,mouse_move,,1342,1109,
1788200106.6243808,mouse_move,,1365,1098,
1788200106.6324024,mouse_move,,1397,1086,
1788200106.640321,mouse_move,,1433,1066,
1788200106.648407,mouse_move,,1469,1050,
1788200106.6563954,mouse_move,,1486,1034,
1788200106.6643074,mouse_move,,1523,1019,
1788200106.672413,mouse_move,,1558,1002,
1788200106.6803484,mouse_move,,1583,991,
1788200106.6884823,mouse_move,,1612,979,
1788200106.696317,mouse_move,,1636,973,
1788200106.704293,mouse_move,,1649,973,
1788200106.7123713,mouse_move,,1666,971,
1788200106.7203965,mouse_move,,1674,971,
1788200106.7283454,mouse_move,,1677,969,
1788200106.7363043,mouse_move,,1681,969,
1788200106.752384,mouse_move,,1682,969,
1788200106.8564663,mouse_move,,1683,969,
1788200106.864375,mouse_move,,1683,972,
1788200106.8805618,mouse_move,,1682,973,
1788200106.9205248,mouse_move,,1681,974,
1788200106.9283297,mouse_move,,1677,975,
1788200106.9368224,mouse_move,,1676,977,
1788200106.944279,mouse_move,,1672,978,
1788200106.9526303,mouse_move,,1669,979,
1788200106.9688213,mouse_move,,1666,982,
1788200106.9767694,mouse_move,,1664,983,
1788200106.984355,mouse_move,,1661,986,
1788200106.9923306,mouse_move,,1656,988,
1788200107.0004065,mouse_move,,1652,992,
1788200107.0083709,mouse_move,,1649,994,
1788200107.0163019,mouse_move,,1644,998,
1788200107.024388,mouse_move,,1642,1000,
1788200107.032393,mouse_move,,1635,1003,
1788200107.0403528,mouse_move,,1631,1008,
1788200107.048396,mouse_move,,1626,1009,
1788200107.0563536,mouse_move,,1620,1014,
1788200107.064331,mouse_move,,1615,1015,
1788200107.0722687,mouse_move,,1607,1019,
1788200107.0803382,mouse_move,,1601,1019,
1788200107.0882938,mouse_move,,1590,1022,
1788200107.0963075,mouse_move,,1574,1026,
1788200107.1043515,mouse_move,,1555,1029,
1788200107.1123457,mouse_move,,1538,1033,
1788200107.1203585,mouse_move,,1517,1033,
1788200107.1283529,mouse_move,,1493,1033,
1788200107.1364038,mouse_move,,1474,1033,
1788200107.1444476,mouse_move,,1445,1033,
1788200107.1523385,mouse_move,,1419,1033,
1788200107.1607652,mouse_move,,1380,1023,
1788200107.1683881,mouse_move,,1338,1002,
1788200107.176271,mouse_move,,1311,985,
1788200107.1842582,mouse_move,,1277,956,
1788200107.1923597,mouse_move,,1241,924,
1788200107.2003648,mouse_move,,1211,884,
1788200107.2083268,mouse_move,,1193,839,
1788200107.2163875,mouse_move,,1164,772,
1788200107.224442,mouse_move,,1142,691,
1788200107.2323625,mouse_move,,1116,609,
1788200107.2402985,mouse_move,,1098,523,
1788200107.2483366,mouse_move,,1087,434,
1788200107.2562878,mouse_move,,1080,362,
1788200107.2643697,mouse_move,,1073,284,
1788200107.2722683,mouse_move,,1078,227,
1788200107.2803328,mouse_move,,1095,162,
1788200107.2883835,mouse_move,,1109,123,
1788200107.2963085,mouse_move,,1136,66,
1788200107.30446,mouse_move,,1149,31,
1788200107.3123782,mouse_move,,1172,-6,
1788200107.320306,mouse_move,,1181,-22,
1788200107.3283007,mouse_move,,1200,-23,
1788200107.336344,mouse_move,,1213,-18,
1788200107.344373,mouse_move,,1221,-19,
1788200107.3523166,mouse_move,,1232,-15,
1788200107.3603656,mouse_move,,1247,-15,
1788200107.3684611,mouse_move,,1260,-15,
1788200107.3764265,mouse_move,,1272,-12,
1788200107.384284,mouse_move,,1287,-15,
1788200107.3922896,mouse_move,,1299,-10,
1788200107.400411,mouse_move,,1317,-13,
1788200107.4083061,mouse_move,,1329,-9,
1788200107.41633,mouse_move,,1336,-5,
1788200107.4243717,mouse_move,,1350,-8,
1788200107.4323516,mouse_move,,1359,-6,
1788200107.4403713,mouse_move,,1366,-3,
1788200107.448354,mouse_move,,1375,-6,
1788200107.456409,mouse_move,,1380,-3,
1788200107.4643662,mouse_move,,1381,-1,
1788200107.4722714,mouse_move,,1385,-2,
1788200107.4804041,mouse_move,,1386,-1,
1788200107.5125866,mouse_move,,1387,-2,
1788200107.52039,mouse_move,,1388,-1,
1788200107.5284622,mouse_move,,1388,-1,
1788200107.5363533,mouse_move,,1388,-1,
1788200107.5443792,mouse_move,,1388,-1,
1788200107.8165724,mouse_move,,1389,-1,
1788200107.8248196,mouse_move,,1392,0,
1788200107.8647218,mouse_move,,1393,3,
1788200107.8725722,mouse_move,,1393,9,
1788200107.8809526,mouse_move,,1392,10,
1788200107.8885558,mouse_move,,1390,14,
1788200107.896609,mouse_move,,1387,21,
1788200107.9046993,mouse_move,,1386,25,
1788200107.912373,mouse_move,,1384,29,
1788200107.920325,mouse_move,,1383,32,
1788200107.9282522,mouse_move,,1383,36,
1788200107.9363806,mouse_move,,1383,39,
1788200107.9446564,mouse_move,,1380,45,
1788200107.9526167,mouse_move,,1380,48,
1788200107.9604445,mouse_move,,1380,52,
1788200107.9686303,mouse_move,,1380,55,
1788200107.9766164,mouse_move,,1378,59,
1788200107.9843125,mouse_move,,1378,60,
1788200108.000423,mouse_move,,1377,61,
1788200108.0083184,mouse_move,,1376,63,
1788200108.0162113,mouse_move,,1375,63,
1788200108.024964,mouse_move,,1372,64,
1788200108.032337,mouse_move,,1371,65,
1788200108.0404708,mouse_move,,1367,65,
1788200108.0483427,mouse_move,,1366,66,
1788200108.056316,mouse_move,,1362,66,
1788200108.0644057,mouse_move,,1361,66,
1788200108.0724175,mouse_move,,1359,66,
1788200108.080323,mouse_move,,1356,66,
1788200108.0883071,mouse_move,,1355,66,
1788200108.0962706,mouse_move,,1354,66,
1788200108.1043758,mouse_move,,1353,66,
1788200108.1274126,mouse_move,,1350,66,
1788200108.1686566,mouse_move,,1349,66,
1788200108.176365,mouse_move,,1347,66,
1788200108.184281,mouse_move,,1342,64,
1788200108.1924376,mouse_move,,1341,63,
1788200108.2003675,mouse_move,,1339,62,
1788200108.216509,mouse_move,,1334,59,
1788200108.2323449,mouse_move,,1333,58,
1788200108.3608148,mouse_move,,1333,57,
1788200108.3925266,mouse_move,,1332,55,
1788200108.4329548,mouse_move,,1331,55,
1788200108.4407806,mouse_move,,1328,55,
1788200108.448845,mouse_move,,1327,55,
1788200108.456948,mouse_move,,1322,57,
1788200108.4644256,mouse_move,,1318,69,
1788200108.47234,mouse_move,,1310,81,
1788200108.480624,mouse_move,,1301,98,
1788200108.488347,mouse_move,,1293,115,
1788200108.4962718,mouse_move,,1282,137,
1788200108.504424,mouse_move,,1275,154,
1788200108.5124316,mouse_move,,1269,176,
1788200108.5204883,mouse_move,,1264,200,
1788200108.52833,mouse_move,,1256,224,
1788200108.5364203,mouse_move,,1253,254,
1788200108.5443292,mouse_move,,1244,285,
1788200108.552347,mouse_move,,1241,314,
1788200108.5603473,mouse_move,,1237,348,
1788200108.5684483,mouse_move,,1231,389,
1788200108.5763881,mouse_move,,1231,428,
1788200108.5843172,mouse_move,,1231,461,
1788200108.5923882,mouse_move,,1231,499,
1788200108.6004791,mouse_move,,1231,528,
1788200108.6083362,mouse_move,,1231,560,
1788200108.6164074,mouse_move,,1231,593,
1788200108.6244624,mouse_move,,1235,624,
1788200108.632405,mouse_move,,1239,648,
1788200108.640331,mouse_move,,1246,675,
1788200108.648367,mouse_move,,1252,697,
1788200108.6564426,mouse_move,,1259,719,
1788200108.6643436,mouse_move,,1270,744,
1788200108.6723778,mouse_move,,1279,766,
1788200108.6804457,mouse_move,,1290,783,
1788200108.6884031,mouse_move,,1301,803,
1788200108.6963232,mouse_move,,1307,817,
1788200108.7044272,mouse_move,,1318,834,
1788200108.7124782,mouse_move,,1326,849,
1788200108.7203636,mouse_move,,1334,863,
1788200108.728283,mouse_move,,1343,878,
1788200108.7363684,mouse_move,,1346,887,
1788200108.7443173,mouse_move,,1352,896,
1788200108.7523096,mouse_move,,1356,908,
1788200108.760319,mouse_move,,1357,916,
1788200108.768387,mouse_move,,1361,925,
1788200108.7763739,mouse_move,,1365,934,
1788200108.7843063,mouse_move,,1366,939,
1788200108.7923076,mouse_move,,1366,943,
1788200108.8003852,mouse_move,,1369,946,
1788200108.808326,mouse_move,,1369,947,
1788200108.8164587,mouse_move,,1370,948,
1788200108.8323972,mouse_move,,1370,949,
1788200108.8484497,mouse_move,,1370,953,
1788200108.8562496,mouse_move,,1370,954,
1788200108.8643315,mouse_move,,1370,955,
1788200108.8723533,mouse_move,,1367,959,
1788200108.8803911,mouse_move,,1366,961,
1788200108.8882897,mouse_move,,1363,962,
1788200108.8962944,mouse_move,,1362,963,
1788200108.9607112,mouse_move,,1361,963,
1788200108.9684637,mouse_move,,1358,965,
1788200108.984361,mouse_move,,1356,967,
1788200108.9933841,mouse_move,,1355,968,
1788200109.000441,mouse_move,,1353,969,
1788200109.0083592,mouse_move,,1351,972,
1788200109.02432,mouse_move,,1348,973,
1788200109.032659,mouse_move,,1345,974,
1788200109.040275,mouse_move,,1341,976,
1788200109.056565,mouse_move,,1340,977,
1788200109.0647006,mouse_move,,1339,978,
1788200109.0722778,mouse_move,,1338,979,
1788200109.0888226,mouse_move,,1337,980,
1788200109.1208327,mouse_move,,1335,982,
1788200109.2409587,mouse_click,down,1335,982,Button.left
1788200109.249025,mouse_move,,1334,983,
1788200109.3615808,mouse_click,up,1334,983,Button.left
1788200111.1848705,mouse_move,,1334,980,
1788200111.1924427,mouse_move,,1334,972,
1788200111.2005975,mouse_move,,1331,967,
1788200111.2088425,mouse_move,,1323,962,
1788200111.2162955,mouse_move,,1306,954,
1788200111.2244117,mouse_move,,1281,942,
1788200111.2324133,mouse_move,,1251,925,
1788200111.24035,mouse_move,,1229,912,
1788200111.2491863,mouse_move,,1209,899,
1788200111.2563803,mouse_move,,1199,886,
1788200111.264324,mouse_move,,1193,877,
1788200111.2723272,mouse_move,,1185,865,
1788200111.2803533,mouse_move,,1180,858,
1788200111.288351,mouse_move,,1175,851,
1788200111.2962883,mouse_move,,1173,847,
1788200111.3044012,mouse_move,,1172,845,
1788200111.3123496,mouse_move,,1171,843,
1788200111.320331,mouse_move,,1170,842,
1788200111.4168618,mouse_move,,1170,842,
1788200111.4243038,mouse_move,,1170,846,
1788200111.4403417,mouse_move,,1170,847,
1788200111.448367,mouse_move,,1170,848,
1788200111.4807482,mouse_move,,1170,849,
1788200111.488334,mouse_move,,1167,850,
1788200111.496356,mouse_move,,1164,853,
1788200111.5447323,mouse_move,,1163,853,
1788200111.5523028,mouse_move,,1161,853,
1788200111.5604017,mouse_move,,1160,853,
1788200111.5683842,mouse_move,,1159,853,
1788200111.5763566,mouse_move,,1153,853,
1788200111.584322,mouse_move,,1152,853,
1788200111.5923119,mouse_move,,1147,853,
1788200111.6003373,mouse_move,,1144,853,
1788200111.6083448,mouse_move,,1142,853,
1788200111.6165514,mouse_move,,1139,853,
1788200111.6243138,mouse_move,,1135,853,
1788200111.6322675,mouse_move,,1134,853,
1788200111.6403387,mouse_move,,1131,853,
1788200111.6483855,mouse_move,,1127,855,
1788200111.7045448,mouse_move,,1126,855,
1788200111.712331,mouse_move,,1123,856,
1788200111.7524316,mouse_move,,1123,859,
1788200111.768468,mouse_move,,1121,861,
1788200111.8891795,mouse_click,down,1121,861,Button.left
1788200111.9689803,mouse_move,,1122,861,
1788200111.9762833,mouse_move,,1128,861,
1788200111.9842646,mouse_move,,1137,865,
1788200111.992375,mouse_move,,1148,869,
1788200112.0004833,mouse_move,,1164,869,
1788200112.0085146,mouse_move,,1183,871,
1788200112.0163884,mouse_move,,1199,871,
1788200112.0243628,mouse_move,,1223,871,
1788200112.0323675,mouse_move,,1249,871,
1788200112.0403497,mouse_move,,1276,871,
1788200112.0483835,mouse_move,,1305,871,
1788200112.056555,mouse_move,,1329,871,
1788200112.0643291,mouse_move,,1358,871,
1788200112.0722458,mouse_move,,1384,871,
1788200112.0806816,mouse_move,,1408,870,
1788200112.088287,mouse_move,,1430,865,
1788200112.0962906,mouse_move,,1449,863,
1788200112.1044047,mouse_move,,1468,859,
1788200112.1123884,mouse_move,,1482,857,
1788200112.120401,mouse_move,,1490,857,
1788200112.1283789,mouse_move,,1499,855,
1788200112.1363354,mouse_move,,1505,855,
1788200112.1443634,mouse_move,,1513,855,
1788200112.15229,mouse_move,,1517,854,
1788200112.160362,mouse_move,,1521,854,
1788200112.1683717,mouse_move,,1528,851,
1788200112.1763294,mouse_move,,1532,851,
1788200112.1843176,mouse_move,,1536,851,
1788200112.192357,mouse_move,,1541,849,
1788200112.2003536,mouse_move,,1547,849,
1788200112.2083683,mouse_move,,1549,849,
1788200112.216368,mouse_move,,1550,849,
1788200112.2243774,mouse_move,,1554,848,
1788200112.2324004,mouse_move,,1555,848,
1788200112.2403169,mouse_move,,1559,848,
1788200112.248389,mouse_move,,1562,848,
1788200112.2563465,mouse_move,,1566,848,
1788200112.2643542,mouse_move,,1569,848,
1788200112.2722807,mouse_move,,1575,848,
1788200112.2803748,mouse_move,,1581,848,
1788200112.2883565,mouse_move,,1587,848,
1788200112.2963269,mouse_move,,1592,848,
1788200112.3043616,mouse_move,,1597,850,
1788200112.312385,mouse_move,,1598,850,
1788200112.3203547,mouse_move,,1599,850,
1788200112.3683982,mouse_move,,1602,850,
1788200112.5849583,mouse_click,up,1602,850,Button.left
1788200112.6244233,mouse_move,,1602,850,
1788200112.6323543,mouse_move,,1596,851,
1788200112.6403968,mouse_move,,1594,851,
1788200112.648344,mouse_move,,1589,853,
1788200112.6564026,mouse_move,,1585,853,
1788200112.6643522,mouse_move,,1581,853,
1788200112.672259,mouse_move,,1572,854,
1788200112.6803794,mouse_move,,1568,857,
1788200112.6883557,mouse_move,,1560,859,
1788200112.6963162,mouse_move,,1553,862,
1788200112.7044296,mouse_move,,1549,865,
1788200112.712426,mouse_move,,1540,869,
1788200112.7203689,mouse_move,,1528,874,
1788200112.7283008,mouse_move,,1522,876,
1788200112.736403,mouse_move,,1510,884,
1788200112.7444122,mouse_move,,1504,886,
1788200112.7523613,mouse_move,,1487,896,
1788200112.760319,mouse_move,,1478,900,
1788200112.7684796,mouse_move,,1466,908,
1788200112.7763698,mouse_move,,1456,914,
1788200112.7842517,mouse_move,,1447,919,
1788200112.7923985,mouse_move,,1435,927,
1788200112.8004985,mouse_move,,1425,935,
1788200112.808351,mouse_move,,1411,939,
1788200112.8163602,mouse_move,,1402,947,
1788200112.824383,mouse_move,,1392,952,
1788200112.8323362,mouse_move,,1381,958,
1788200112.840277,mouse_move,,1374,961,
1788200112.848341,mouse_move,,1371,964,
1788200112.8563871,mouse_move,,1368,971,
1788200112.864333,mouse_move,,1368,977,
1788200112.872312,mouse_move,,1363,980,
1788200112.8803256,mouse_move,,1357,981,
1788200112.888352,mouse_move,,1355,984,
1788200112.8963146,mouse_move,,1348,985,
1788200112.9044025,mouse_move,,1344,988,
1788200112.9123304,mouse_move,,1339,993,
1788200112.9203196,mouse_move,,1335,995,
1788200112.9283001,mouse_move,,1327,996,
1788200112.9363666,mouse_move,,1321,996,
1788200112.9443548,mouse_move,,1312,1001,
1788200112.9522882,mouse_move,,1303,1005,
1788200112.9603648,mouse_move,,1292,1009,
1788200112.9683545,mouse_move,,1283,1011,
1788200112.9763923,mouse_move,,1272,1012,
1788200112.984275,mouse_move,,1258,1014,
1788200112.992362,mouse_move,,1244,1014,
1788200113.000466,mouse_move,,1235,1018,
1788200113.0082836,mouse_move,,1229,1018,
1788200113.0164142,mouse_move,,1225,1018,
1788200113.0244184,mouse_move,,1221,1019,
1788200113.0325346,mouse_move,,1220,1019,
1788200113.0889652,mouse_move,,1222,1019,
1788200113.0966163,mouse_move,,1235,1015,
1788200113.1050756,mouse_move,,1240,1014,
1788200113.1124022,mouse_move,,1250,1008,
1788200113.120402,mouse_move,,1259,1006,
1788200113.1282496,mouse_move,,1273,1000,
1788200113.1363919,mouse_move,,1284,998,
1788200113.144277,mouse_move,,1296,997,
1788200113.1523328,mouse_move,,1312,995,
1788200113.1603098,mouse_move,,1325,995,
1788200113.1683853,mouse_move,,1342,995,
1788200113.1763349,mouse_move,,1352,995,
1788200113.1844022,mouse_move,,1363,995,
1788200113.1923847,mouse_move,,1371,995,
1788200113.200316,mouse_move,,1385,995,
1788200113.208319,mouse_move,,1389,995,
1788200113.2162614,mouse_move,,1395,995,
1788200113.2246726,mouse_move,,1399,995,
1788200113.232632,mouse_move,,1402,995,
1788200113.24913,mouse_move,,1403,995,
1788200113.2649133,mouse_move,,1406,995,
1788200113.2804618,mouse_move,,1407,995,
1788200113.4164503,mouse_move,,1407,995,
1788200113.4323075,mouse_move,,1403,995,
1788200113.4485812,mouse_move,,1400,996,
1788200113.456273,mouse_move,,1399,997,
1788200113.5692983,mouse_click,down,1399,997,Button.left
1788200113.6574256,mouse_click,up,1399,997,Button.left
1788200115.8330388,keyboard,down,,,
1788200115.9688838,keyboard,up,,,
1788200116.657976,keyboard,down,,,
1788200116.8248599,keyboard,up,,,
1788200116.880909,keyboard,down,,,
1788200117.0089955,keyboard,up,,,
1788200117.112959,keyboard,down,,,
1788200117.2728133,keyboard,up,,,
1788200117.289093,keyboard,down,,,
1788200117.4814973,keyboard,up,,,
1788200117.5772977,keyboard,down,,,
1788200117.7689629,keyboard,up,,,
1788200117.8014355,keyboard,down,,,
1788200117.9532654,keyboard,up,,,
1788200117.9688888,keyboard,down,,,
1788200118.113037,keyboard,up,,,
1788200118.3454373,keyboard,down,,,
1788200118.4087996,keyboard,down,,,
1788200118.4968095,keyboard,up,,,
1788200118.55275,keyboard,up,,,
1788200118.665373,keyboard,down,,,
1788200118.8653166,keyboard,down,,,
1788200118.8888516,keyboard,up,,,
1788200118.9127674,keyboard,down,,,
1788200119.0412736,keyboard,up,,,
1788200119.0884674,keyboard,up,,,
1788200120.721159,keyboard,down,,,
1788200120.800513,keyboard,up,,,
1788200121.0167472,keyboard,down,,,
1788200121.0807076,keyboard,up,,,
1788200121.160743,keyboard,down,,,
1788200121.288959,keyboard,up,,,
1788200121.745196,keyboard,down,,,
1788200121.864967,keyboard,up,,,
1788200121.8888521,keyboard,down,,,
1788200122.0172598,keyboard,up,,,
1788200122.0974433,keyboard,down,,,
1788200122.2653031,keyboard,up,,,
1788200122.2890143,keyboard,down,,,
1788200122.465042,keyboard,up,,,
1788200122.8569026,keyboard,down,,,
1788200122.977556,keyboard,down,,,
1788200123.0088894,keyboard,up,,,
1788200123.1134906,keyboard,down,,,
1788200123.1448874,keyboard,up,,,
1788200123.2413046,keyboard,up,,,
1788200123.313294,keyboard,down,,,
1788200123.4244018,keyboard,down,,,
1788200123.4726841,keyboard,up,,,
1788200123.6011422,keyboard,up,,,
1788200124.649657,keyboard,down,,,
1788200124.7930193,keyboard,up,,,
1788200124.8733993,keyboard,down,,,
1788200125.025525,keyboard,up,,,
1788200125.193435,keyboard,down,,,
1788200125.3367739,keyboard,down,,,
1788200125.400906,keyboard,up,,,
1788200125.5047953,keyboard,up,,,
1788200125.7767396,keyboard,down,,,
1788200125.8890135,keyboard,down,,,
1788200125.9129255,keyboard,up,,,
1788200126.0810258,keyboard,up,,,
1788200126.2495794,keyboard,down,,,
1788200126.3853135,keyboard,up,,,
1788200126.4091945,keyboard,down,,,
1788200126.5611124,keyboard,down,,,
1788200126.5849285,keyboard,up,,,
1788200126.7051985,keyboard,down,,,
1788200126.7210443,keyboard,up,,,
1788200126.8245077,keyboard,down,,,
1788200126.8726494,keyboard,up,,,
1788200126.9925005,keyboard,up,,,
1788200127.8572652,keyboard,down,,,
1788200127.9933126,keyboard,up,,,
1788200128.0170326,keyboard,down,,,
1788200128.1934693,keyboard,up,,,
1788200128.2170439,keyboard,down,,,
1788200128.3612554,keyboard,up,,,
1788200128.3765702,keyboard,down,,,
1788200128.5930955,keyboard,up,,,
1788200129.464667,keyboard,down,,,
1788200129.632612,keyboard,up,,,
1788200130.9452126,keyboard,down,,,
1788200131.05728,keyboard,up,,,
1788200131.193282,keyboard,down,,,
1788200131.289144,keyboard,up,,,
1788200131.3607736,keyboard,down,,,
1788200131.504659,keyboard,up,,,
1788200131.952835,keyboard,down,,,
1788200132.121262,keyboard,up,,,
1788200132.153244,keyboard,down,,,
1788200132.2812755,keyboard,up,,,
1788200132.3688514,keyboard,down,,,
1788200132.5209942,keyboard,up,,,
1788200132.993558,keyboard,down,,,
1788200133.1214278,keyboard,up,,,
1788200133.2493706,keyboard,down,,,
1788200133.3930874,keyboard,up,,,
1788200133.4171298,keyboard,down,,,
1788200133.5609603,keyboard,up,,,
1788200133.672658,keyboard,down,,,
1788200133.841425,keyboard,up,,,
1788200134.0568779,keyboard,down,,,
1788200134.2248814,keyboard,up,,,
1788200135.3448553,keyboard,down,,,
1788200135.5131757,keyboard,up,,,
1788200135.5370245,keyboard,down,,,
1788200135.6815083,keyboard,up,,,
1788200135.841346,keyboard,down,,,
1788200135.9611044,keyboard,up,,,
1788200136.368485,keyboard,down,,,
1788200136.528851,keyboard,up,,,
1788200137.0326498,keyboard,down,,,
1788200137.160987,keyboard,up,,,
1788200137.3607643,keyboard,down,,,
1788200137.4968717,keyboard,up,,,
1788200138.4166882,keyboard,down,,,
1788200138.6088643,keyboard,up,,,
1788200138.704782,keyboard,down,,,
1788200138.880691,keyboard,down,,,
1788200138.8967829,keyboard,up,,,
1788200139.0413387,keyboard,up,,,
1788200139.2973776,keyboard,down,,,
1788200139.4575663,keyboard,up,,,
1788200139.6087677,keyboard,down,,,
1788200139.7928362,keyboard,up,,,
1788200140.2088196,keyboard,down,,,
1788200140.5127785,keyboard,up,,,
1788200141.5123792,mouse_move,,1396,997,
1788200141.5207338,mouse_move,,1394,997,
1788200141.528245,mouse_move,,1391,995,
1788200141.536433,mouse_move,,1388,989,
1788200141.5444014,mouse_move,,1384,972,
1788200141.5523093,mouse_move,,1375,955,
1788200141.5606303,mouse_move,,1362,938,
1788200141.5683382,mouse_move,,1358,927,
1788200141.5762732,mouse_move,,1353,917,
1788200141.5842974,mouse_move,,1347,903,
1788200141.5923214,mouse_move,,1343,891,
1788200141.6003797,mouse_move,,1341,880,
1788200141.6083665,mouse_move,,1338,874,
1788200141.6163082,mouse_move,,1336,872,
1788200141.672597,mouse_move,,1337,871,
1788200141.6803405,mouse_move,,1338,870,
1788200141.6883125,mouse_move,,1342,870,
1788200141.696313,mouse_move,,1343,870,
1788200141.7123008,mouse_move,,1344,870,
1788200141.7685068,mouse_move,,1345,873,
1788200141.7763717,mouse_move,,1345,881,
1788200141.7842646,mouse_move,,1338,893,
1788200141.7923682,mouse_move,,1334,910,
1788200141.800363,mouse_move,,1330,926,
1788200141.8083107,mouse_move,,1328,943,
1788200141.8162975,mouse_move,,1321,959,
1788200141.8243222,mouse_move,,1320,973,
1788200141.8323295,mouse_move,,1318,984,
1788200141.840302,mouse_move,,1311,1001,
1788200141.8483381,mouse_move,,1307,1015,
1788200141.8563428,mouse_move,,1301,1029,
1788200141.8643966,mouse_move,,1299,1041,
1788200141.8723643,mouse_move,,1296,1047,
1788200141.8804173,mouse_move,,1290,1057,
1788200141.8884296,mouse_move,,1288,1059,
1788200141.8963778,mouse_move,,1285,1062,
1788200141.904404,mouse_move,,1282,1065,
1788200141.920324,mouse_move,,1281,1066,
1788200141.928231,mouse_move,,1280,1066,
1788200141.9363074,mouse_move,,1278,1066,
1788200141.944266,mouse_move,,1276,1065,
1788200141.9522147,mouse_move,,1275,1064,
1788200141.9602442,mouse_move,,1274,1064,
1788200141.9682164,mouse_move,,1273,1062,
1788200141.976272,mouse_move,,1273,1061,
1788200142.0806487,mouse_move,,1271,1060,
1788200142.304597,mouse_move,,1270,1059,
1788200142.808353,mouse_move,,1270,1059,
1788200142.8163424,mouse_move,,1269,1063,
1788200142.8243823,mouse_move,,1264,1068,
1788200142.832425,mouse_move,,1261,1070,
1788200142.8402667,mouse_move,,1257,1075,
1788200142.848203,mouse_move,,1250,1080,
1788200142.8563461,mouse_move,,1245,1085,
1788200142.8642926,mouse_move,,1238,1090,
1788200142.872313,mouse_move,,1231,1095,
1788200142.8803105,mouse_move,,1224,1101,
1788200142.8883355,mouse_move,,1220,1104,
1788200142.8963366,mouse_move,,1213,1108,
1788200142.904428,mouse_move,,1211,1110,
1788200142.9123101,mouse_move,,1210,1110,
1788200142.920295,mouse_move,,1208,1111,
1788200142.9683974,mouse_move,,1206,1111,
1788200142.9763927,mouse_move,,1203,1106,
1788200142.9843113,mouse_move,,1201,1100,
1788200142.9923468,mouse_move,,1200,1091,
1788200143.0003667,mouse_move,,1198,1078,
1788200143.0082917,mouse_move,,1196,1059,
1788200143.0163605,mouse_move,,1194,1045,
1788200143.0243552,mouse_move,,1192,1029,
1788200143.0324004,mouse_move,,1190,1015,
1788200143.040311,mouse_move,,1184,1003,
1788200143.0484068,mouse_move,,1182,992,
1788200143.056422,mouse_move,,1179,985,
1788200143.064333,mouse_move,,1174,981,
1788200143.0722444,mouse_move,,1168,979,
1788200143.0806277,mouse_move,,1161,976,
1788200143.0883315,mouse_move,,1159,976,
1788200143.0962954,mouse_move,,1154,976,
1788200143.1045353,mouse_move,,1150,976,
1788200143.1123576,mouse_move,,1149,977,
1788200143.1203084,mouse_move,,1149,979,
1788200143.28839,mouse_move,,1149,978,
1788200143.2964888,mouse_move,,1151,976,
1788200143.3524091,mouse_move,,1151,976,
1788200143.400398,mouse_move,,1150,976,
1788200143.5449176,mouse_move,,1150,977,
1788200143.5524442,mouse_move,,1150,978,
1788200143.5605102,mouse_move,,1149,981,
1788200143.5924647,mouse_move,,1149,987,
1788200143.6003602,mouse_move,,1149,988,
1788200143.616397,mouse_move,,1148,990,
1788200143.624332,mouse_move,,1147,992,
1788200144.4968681,mouse_move,,1145,992,
1788200144.5047665,mouse_move,,1144,993,
1788200144.5123491,mouse_move,,1143,994,
1788200144.5445457,mouse_move,,1143,995,
1788200144.5523305,mouse_move,,1143,999,
1788200144.5602403,mouse_move,,1140,1000,
1788200144.5683444,mouse_move,,1139,1001,
1788200144.5763695,mouse_move,,1139,1002,
1788200144.5842662,mouse_move,,1138,1005,
1788200144.592388,mouse_move,,1135,1009,
1788200144.6004019,mouse_move,,1132,1012,
1788200144.608452,mouse_move,,1132,1013,
1788200144.6163495,mouse_move,,1131,1016,
1788200144.6243773,mouse_move,,1130,1019,
1788200144.63237,mouse_move,,1127,1023,
1788200144.640294,mouse_move,,1124,1026,
1788200144.6483545,mouse_move,,1124,1027,
1788200144.6562872,mouse_move,,1123,1028,
1788200144.664297,mouse_move,,1123,1029,
1788200144.7843337,mouse_move,,1121,1031,
1788200144.792341,mouse_move,,1119,1033,
1788200144.8003316,mouse_move,,1118,1034,
1788200144.816305,mouse_move,,1115,1034,
1788200144.8243163,mouse_move,,1114,1034,
1788200144.8403885,mouse_move,,1113,1034,
1788200144.8483682,mouse_move,,1112,1034,
1788200144.8563042,mouse_move,,1109,1034,
1788200144.8643105,mouse_move,,1108,1034,
1788200144.8804605,mouse_move,,1106,1034,
1788200144.9124064,mouse_move,,1105,1034,
1788200144.9927056,mouse_move,,1104,1035,
1788200145.000326,mouse_move,,1101,1037,
1788200145.0083287,mouse_move,,1095,1038,
1788200145.016263,mouse_move,,1094,1039,
1788200145.024371,mouse_move,,1093,1039,
1788200145.0323722,mouse_move,,1090,1041,
1788200145.0403004,mouse_move,,1088,1041,
1788200145.04846,mouse_move,,1087,1041,
1788200145.056406,mouse_move,,1083,1041,
1788200145.064248,mouse_move,,1080,1041,
1788200145.0723045,mouse_move,,1076,1042,
1788200145.080357,mouse_move,,1075,1042,
1788200145.0883815,mouse_move,,1071,1043,
1788200145.096306,mouse_move,,1066,1046,
1788200145.1043057,mouse_move,,1063,1048,
1788200145.112415,mouse_move,,1061,1049,
1788200145.120334,mouse_move,,1055,1051,
1788200145.1282847,mouse_move,,1048,1054,
1788200145.136323,mouse_move,,1039,1057,
1788200145.144314,mouse_move,,1035,1059,
1788200145.152284,mouse_move,,1028,1062,
1788200145.1603844,mouse_move,,1020,1064,
1788200145.1684234,mouse_move,,1011,1066,
1788200145.1763833,mouse_move,,1005,1067,
1788200145.1842635,mouse_move,,996,1067,
1788200145.1923976,mouse_move,,987,1071,
1788200145.2003458,mouse_move,,981,1071,
1788200145.208278,mouse_move,,977,1071,
1788200145.2162423,mouse_move,,971,1071,
1788200145.224342,mouse_move,,967,1071,
1788200145.2322886,mouse_move,,964,1071,
1788200145.240288,mouse_move,,963,1071,
1788200145.248405,mouse_move,,959,1071,
1788200145.2563708,mouse_move,,957,1071,
1788200145.2723136,mouse_move,,954,1071,
1788200145.2803085,mouse_move,,953,1071,
1788200145.3283172,mouse_move,,952,1071,
1788200145.3362908,mouse_move,,951,1072,
1788200145.4563794,mouse_move,,948,1072,
1788200145.496423,mouse_move,,946,1072,
1788200145.560436,mouse_move,,945,1070,
1788200145.6083975,mouse_move,,943,1069,
1788200145.7203896,mouse_move,,942,1065,
1788200148.6564257,mouse_move,,941,1066,
1788200148.6722803,mouse_move,,941,1067,
1788200148.6802828,mouse_move,,941,1069,
1788200148.6883564,mouse_move,,941,1070,
1788200148.6963556,mouse_move,,941,1075,
1788200148.7044744,mouse_move,,941,1080,
1788200148.7123678,mouse_move,,938,1088,
1788200148.7203856,mouse_move,,934,1100,
1788200148.7282934,mouse_move,,928,1112,
1788200148.7362847,mouse_move,,922,1126,
1788200148.7443538,mouse_move,,916,1140,
1788200148.7523232,mouse_move,,910,1147,
1788200148.760363,mouse_move,,905,1156,
1788200148.7684634,mouse_move,,900,1159,
1788200148.776338,mouse_move,,894,1164,
1788200148.784302,mouse_move,,889,1166,
1788200148.7922661,mouse_move,,879,1166,
1788200148.8003452,mouse_move,,871,1166,
1788200148.8083148,mouse_move,,856,1158,
1788200148.8163385,mouse_move,,839,1138,
1788200148.8244488,mouse_move,,819,1112,
1788200148.832331,mouse_move,,790,1064,
1788200148.840277,mouse_move,,760,1011,
1788200148.8483036,mouse_move,,724,961,
1788200148.8563533,mouse_move,,673,870,
1788200148.8643475,mouse_move,,622,780,
1788200148.8722918,mouse_move,,570,689,
1788200148.8802733,mouse_move,,532,605,
1788200148.8883717,mouse_move,,506,518,
1788200148.8962789,mouse_move,,487,438,
1788200148.9045174,mouse_move,,476,349,
1788200148.9123113,mouse_move,,479,261,
1788200148.9202886,mouse_move,,497,186,
1788200148.9283247,mouse_move,,522,109,
1788200148.936329,mouse_move,,555,41,
1788200148.9443204,mouse_move,,577,-10,
1788200148.9523153,mouse_move,,601,-42,
1788200148.9605556,mouse_move,,615,-23,
1788200148.9684322,mouse_move,,626,-22,
1788200148.9764183,mouse_move,,632,-17,
1788200148.9842768,mouse_move,,634,-6,
1788200148.9922955,mouse_move,,635,-4,
1788200149.0004225,mouse_move,,637,-5,
1788200149.0325015,mouse_move,,637,-1,
1788200149.0723572,mouse_move,,639,-1,
1788200149.0803473,mouse_move,,647,-2,
1788200149.0884244,mouse_move,,654,-3,
1788200149.0962903,mouse_move,,662,0,
1788200149.1043932,mouse_move,,666,0,
1788200149.1123526,mouse_move,,671,-2,
1788200149.1203306,mouse_move,,677,0,
1788200149.1283245,mouse_move,,679,0,
1788200149.1363647,mouse_move,,685,-1,
1788200149.1443877,mouse_move,,690,0,
1788200149.1522758,mouse_move,,696,0,
1788200149.1604428,mouse_move,,704,0,
1788200149.1683786,mouse_move,,717,0,
1788200149.176307,mouse_move,,731,0,
1788200149.1842678,mouse_move,,741,0,
1788200149.1924508,mouse_move,,757,0,
1788200149.200356,mouse_move,,768,0,
1788200149.208292,mouse_move,,777,0,
1788200149.2163305,mouse_move,,783,0,
1788200149.2243214,mouse_move,,785,0,
1788200149.232316,mouse_move,,791,0,
1788200149.2403204,mouse_move,,795,0,
1788200149.2483554,mouse_move,,797,0,
1788200149.2563715,mouse_move,,799,0,
1788200149.288475,mouse_move,,801,0,
1788200149.296436,mouse_move,,803,0,
1788200149.3047552,mouse_move,,804,0,
1788200149.3204017,mouse_move,,808,0,
1788200149.3282573,mouse_move,,809,0,
1788200149.3362832,mouse_move,,810,0,
1788200149.344344,mouse_move,,811,0,
1788200149.360416,mouse_move,,813,0,
1788200149.3683116,mouse_move,,815,0,
1788200149.376281,mouse_move,,816,0,
1788200149.3842537,mouse_move,,817,0,
1788200149.3922641,mouse_move,,819,0,
1788200149.4003136,mouse_move,,822,0,
1788200149.4082892,mouse_move,,828,0,
1788200149.4162936,mouse_move,,834,0,
1788200149.424362,mouse_move,,842,0,
1788200149.4323697,mouse_move,,846,0,
1788200149.4402776,mouse_move,,852,0,
1788200149.4482374,mouse_move,,862,-2,
1788200149.4564383,mouse_move,,868,0,
1788200149.4642854,mouse_move,,875,-3,
1788200149.4723947,mouse_move,,883,0,
1788200149.4802454,mouse_move,,884,-1,
1788200149.4883718,mouse_move,,888,0,
1788200149.496254,mouse_move,,891,0,
1788200149.504411,mouse_move,,895,0,
1788200149.5123625,mouse_move,,897,0,
1788200149.5203488,mouse_move,,902,0,
1788200149.5365233,mouse_move,,906,0,
1788200149.544384,mouse_move,,909,0,
1788200149.5522954,mouse_move,,913,2,
1788200149.560401,mouse_move,,914,2,
1788200149.5684178,mouse_move,,917,2,
1788200149.576271,mouse_move,,919,3,
1788200149.5843432,mouse_move,,924,3,
1788200149.592437,mouse_move,,926,3,
1788200149.6003664,mouse_move,,929,3,
1788200149.6082926,mouse_move,,930,3,
1788200149.808444,mouse_move,,930,4,
1788200149.8162498,mouse_move,,930,8,
1788200149.8243139,mouse_move,,930,16,
1788200149.832384,mouse_move,,930,27,
1788200149.8403244,mouse_move,,942,49,
1788200149.8483331,mouse_move,,962,80,
1788200149.8563673,mouse_move,,991,103,
1788200149.8643315,mouse_move,,1027,136,
1788200149.8723795,mouse_move,,1067,186,
1788200149.8803108,mouse_move,,1122,248,
1788200149.8883522,mouse_move,,1174,315,
1788200149.896314,mouse_move,,1229,406,
1788200149.9043899,mouse_move,,1298,504,
1788200149.9122949,mouse_move,,1369,612,
1788200149.9202962,mouse_move,,1452,716,
1788200149.928296,mouse_move,,1519,833,
1788200149.9363203,mouse_move,,1588,961,
1788200149.9444215,mouse_move,,1650,1078,
1788200149.9523318,mouse_move,,1728,1207,
1788200149.960356,mouse_move,,1778,1333,
1788200149.9684982,mouse_move,,1819,1443,
1788200149.976505,mouse_move,,1857,1532,
1788200149.9843462,mouse_move,,1888,1619,
1788200149.9924111,mouse_move,,1916,1686,
1788200150.0003934,mouse_move,,1940,1748,
1788200150.008377,mouse_move,,1954,1787,
1788200150.016609,mouse_move,,1970,1823,
1788200150.0243351,mouse_move,,1982,1823,
1788200150.0324345,mouse_move,,1990,1821,
1788200150.0403316,mouse_move,,1992,1818,
1788200150.0484076,mouse_move,,1996,1811,
1788200150.056426,mouse_move,,1996,1803,
1788200150.0644221,mouse_move,,1996,1802,
1788200150.1204934,mouse_move,,1996,1800,
1788200150.1282516,mouse_move,,1995,1797,
1788200150.1375196,mouse_move,,1994,1796,
1788200150.144381,mouse_move,,1993,1795,
1788200150.1763346,mouse_move,,1993,1793,
1788200150.1923797,mouse_move,,1993,1792,
1788200150.200328,mouse_move,,1993,1790,
1788200150.2083058,mouse_move,,1993,1789,
1788200150.2164795,mouse_move,,1993,1785,
1788200150.2243373,mouse_move,,1995,1783,
1788200150.2322588,mouse_move,,1999,1778,
1788200150.2403045,mouse_move,,2000,1777,
1788200150.2483413,mouse_move,,2004,1773,
1788200150.256321,mouse_move,,2004,1769,
1788200150.2642972,mouse_move,,2007,1764,
1788200150.2722545,mouse_move,,2007,1758,
1788200150.2804065,mouse_move,,2007,1756,
1788200150.288416,mouse_move,,2007,1751,
1788200150.2963083,mouse_move,,2007,1749,
1788200150.3123949,mouse_move,,2007,1748,
1788200150.3283365,mouse_move,,2007,1746,
1788200150.3445058,mouse_move,,2007,1745,
1788200150.3522642,mouse_move,,2006,1744,
1788200150.3684356,mouse_move,,2004,1744,
1788200150.3763218,mouse_move,,2001,1744,
1788200150.3843195,mouse_move,,1995,1744,
1788200150.3923824,mouse_move,,1989,1744,
1788200150.40038,mouse_move,,1981,1744,
1788200150.4084337,mouse_move,,1968,1744,
1788200150.416405,mouse_move,,1957,1744,
1788200150.4243336,mouse_move,,1943,1744,
1788200150.4323812,mouse_move,,1932,1744,
1788200150.4403086,mouse_move,,1922,1744,
1788200150.4484565,mouse_move,,1913,1744,
1788200150.456288,mouse_move,,1905,1744,
1788200150.4643853,mouse_move,,1901,1744,
1788200150.4722645,mouse_move,,1900,1744,
1788200150.4803057,mouse_move,,1899,1744,
1788200150.8324425,mouse_move,,1897,1743,
1788200150.8724031,mouse_move,,1897,1742,
1788200150.8802662,mouse_move,,1897,1739,
1788200150.8884594,mouse_move,,1898,1737,
1788200150.9043844,mouse_move,,1899,1736,
1788200150.9122977,mouse_move,,1900,1734,
1788200150.9204388,mouse_move,,1900,1733,
1788200150.9283001,mouse_move,,1903,1731,
1788200150.936337,mouse_move,,1905,1728,
1788200150.944318,mouse_move,,1908,1723,
1788200150.9522913,mouse_move,,1915,1717,
1788200150.96041,mouse_move,,1925,1704,
1788200150.9683144,mouse_move,,1929,1690,
1788200150.9763281,mouse_move,,1938,1673,
1788200150.984366,mouse_move,,1947,1654,
1788200150.9923277,mouse_move,,1958,1634,
1788200151.0003426,mouse_move,,1971,1617,
1788200151.008335,mouse_move,,1979,1605,
1788200151.0162537,mouse_move,,1991,1590,
1788200151.0243325,mouse_move,,1999,1580,
1788200151.0323248,mouse_move,,2009,1570,
1788200151.0403283,mouse_move,,2012,1568,
1788200151.048485,mouse_move,,2018,1561,
1788200151.0563612,mouse_move,,2021,1558,
1788200151.0643306,mouse_move,,2026,1553,
1788200151.072288,mouse_move,,2029,1552,
1788200151.0802147,mouse_move,,2030,1551,
1788200151.0962975,mouse_move,,2032,1548,
1788200151.1942682,mouse_click,down,2032,1548,Button.left
1788200151.2003791,mouse_move,,2033,1547,
1788200151.2644422,mouse_click,up,2033,1547,Button.left
1788200151.376324,mouse_move,,2031,1547,
1788200151.3847432,mouse_move,,2026,1547,
1788200151.392298,mouse_move,,2022,1547,
1788200151.400309,mouse_move,,2016,1547,
1788200151.4083211,mouse_move,,2008,1547,
1788200151.4164095,mouse_move,,2002,1547,
1788200151.4243062,mouse_move,,1994,1547,
1788200151.4323502,mouse_move,,1981,1547,
1788200151.440363,mouse_move,,1965,1547,
1788200151.4483688,mouse_move,,1946,1547,
1788200151.4567935,mouse_move,,1930,1547,
1788200151.4643867,mouse_move,,1911,1547,
1788200151.4723666,mouse_move,,1887,1547,
1788200151.4803169,mouse_move,,1866,1547,
1788200151.4883428,mouse_move,,1842,1547,
1788200151.4962962,mouse_move,,1816,1547,
1788200151.5043957,mouse_move,,1789,1547,
1788200151.5123575,mouse_move,,1766,1547,
1788200151.520371,mouse_move,,1737,1547,
1788200151.5282729,mouse_move,,1713,1547,
1788200151.5362933,mouse_move,,1686,1547,
1788200151.5443313,mouse_move,,1662,1547,
1788200151.5523455,mouse_move,,1639,1547,
1788200151.560278,mouse_move,,1617,1547,
1788200151.5683115,mouse_move,,1593,1548,
1788200151.5763183,mouse_move,,1574,1550,
1788200151.5843072,mouse_move,,1558,1553,
1788200151.5923676,mouse_move,,1542,1555,
1788200151.6003067,mouse_move,,1522,1561,
1788200151.6083248,mouse_move,,1511,1565,
1788200151.6163118,mouse_move,,1499,1569,
1788200151.6243947,mouse_move,,1491,1570,
1788200151.6323361,mouse_move,,1482,1572,
1788200151.6403482,mouse_move,,1478,1574,
1788200151.6483881,mouse_move,,1467,1577,
1788200151.656409,mouse_move,,1463,1579,
1788200151.6643183,mouse_move,,1460,1579,
1788200151.6722825,mouse_move,,1452,1580,
1788200151.6804283,mouse_move,,1449,1580,
1788200151.688238,mouse_move,,1443,1580,
1788200151.6963208,mouse_move,,1437,1580,
1788200151.7042727,mouse_move,,1429,1580,
1788200151.7124255,mouse_move,,1423,1580,
1788200151.720335,mouse_move,,1413,1580,
1788200151.72832,mouse_move,,1405,1580,
1788200151.7363274,mouse_move,,1394,1580,
1788200151.744395,mouse_move,,1380,1577,
1788200151.7523708,mouse_move,,1366,1573,
1788200151.7602081,mouse_move,,1352,1571,
1788200151.768216,mouse_move,,1338,1567,
1788200151.77631,mouse_move,,1324,1565,
1788200151.7842805,mouse_move,,1310,1561,
1788200151.7923708,mouse_move,,1299,1559,
1788200151.8004103,mouse_move,,1293,1556,
1788200151.8082602,mouse_move,,1290,1556,
1788200151.8162346,mouse_move,,1286,1555,
1788200151.8243387,mouse_move,,1285,1555,
1788200151.8403358,mouse_move,,1283,1554,
1788200152.001277,mouse_click,down,1283,1554,Button.left
1788200152.128444,mouse_click,up,1283,1554,Button.left
1788200152.489413,keyboard,down,,,
1788200152.8491492,keyboard,down,,,
