timestamp,event_type,key_state,mouse_x,mouse_y,mouse_button
1788199825.273372,mouse_move,,2630,-1,
1788199825.2805321,mouse_move,,2626,-1,
1788199825.2885823,mouse_move,,2622,0,
1788199825.2965145,mouse_move,,2619,0,
1788199825.304497,mouse_move,,2613,0,
1788199825.3125103,mouse_move,,2612,0,
1788199825.320604,mouse_move,,2608,0,
1788199825.3285086,mouse_move,,2606,0,
1788199825.3365169,mouse_move,,2605,0,
1788199825.3445911,mouse_move,,2601,0,
1788199825.3525243,mouse_move,,2598,0,
1788199825.3605278,mouse_move,,2594,0,
1788199825.3685248,mouse_move,,2591,0,
1788199825.3770723,mouse_move,,2587,0,
1788199825.3844924,mouse_move,,2586,0,
1788199825.3924994,mouse_move,,2585,0,
1788199825.400493,mouse_move,,2582,0,
1788199825.5205493,mouse_move,,2586,0,
1788199825.5285244,mouse_move,,2590,0,
1788199825.5365043,mouse_move,,2596,0,
1788199825.5444589,mouse_move,,2602,0,
1788199825.552474,mouse_move,,2608,0,
1788199825.5604992,mouse_move,,2610,0,
1788199825.568547,mouse_move,,2616,0,
1788199825.576542,mouse_move,,2619,0,
1788199825.584517,mouse_move,,2622,0,
1788199825.5925026,mouse_move,,2623,0,
1788199825.6005118,mouse_move,,2624,0,
1788199825.6327171,mouse_move,,2625,0,
1788199825.6484966,mouse_move,,2627,0,
1788199825.6647267,mouse_move,,2632,0,
1788199825.6726081,mouse_move,,2634,0,
1788199825.6805062,mouse_move,,2637,0,
1788199825.6884124,mouse_move,,2638,0,
1788199825.6964607,mouse_move,,2642,0,
1788199825.7044957,mouse_move,,2643,-1,
1788199825.7445998,mouse_move,,2644,0,
1788199825.8805673,mouse_move,,2645,-2,
1788199826.8089328,mouse_click,down,2645,0,Button.left
1788199826.913351,mouse_click,up,2645,0,Button.left
1788199826.992638,mouse_move,,2645,-1,
1788199827.0405064,mouse_move,,2645,-1,
1788199827.0567157,mouse_move,,2645,-1,
1788199827.0644274,mouse_move,,2644,0,
1788199827.0724282,mouse_move,,2643,-1,
1788199827.0804327,mouse_move,,2642,0,
1788199827.0885098,mouse_move,,2641,0,
1788199827.0964632,mouse_move,,2635,0,
1788199827.104472,mouse_move,,2631,-2,
1788199827.1205032,mouse_move,,2627,0,
1788199827.1286044,mouse_move,,2622,0,
1788199827.1364813,mouse_move,,2614,0,
1788199827.1444392,mouse_move,,2606,0,
1788199827.1524312,mouse_move,,2598,0,
1788199827.1605399,mouse_move,,2584,0,
1788199827.1685307,mouse_move,,2568,0,
1788199827.1765928,mouse_move,,2547,0,
1788199827.1845832,mouse_move,,2526,0,
1788199827.1925557,mouse_move,,2507,0,
1788199827.2005172,mouse_move,,2486,0,
1788199827.208521,mouse_move,,2462,0,
1788199827.2166052,mouse_move,,2436,0,
1788199827.2244494,mouse_move,,2403,0,
1788199827.2325387,mouse_move,,2360,0,
1788199827.2406745,mouse_move,,2321,0,
1788199827.2485318,mouse_move,,2283,0,
1788199827.2564785,mouse_move,,2241,8,
1788199827.264614,mouse_move,,2194,14,
1788199827.2725103,mouse_move,,2149,16,
1788199827.280498,mouse_move,,2102,25,
1788199827.2884688,mouse_move,,2056,31,
1788199827.2965877,mouse_move,,2013,40,
1788199827.3045197,mouse_move,,1972,45,
1788199827.3125591,mouse_move,,1935,53,
1788199827.3205688,mouse_move,,1891,68,
1788199827.3286002,mouse_move,,1864,72,
1788199827.336531,mouse_move,,1828,85,
1788199827.344502,mouse_move,,1787,106,
1788199827.352543,mouse_move,,1761,120,
1788199827.360538,mouse_move,,1712,132,
1788199827.3686213,mouse_move,,1646,157,
1788199827.3765795,mouse_move,,1574,182,
1788199827.3845277,mouse_move,,1508,206,
1788199827.3924887,mouse_move,,1457,229,
1788199827.4004948,mouse_move,,1395,256,
1788199827.4085062,mouse_move,,1352,280,
1788199827.4165115,mouse_move,,1319,302,
1788199827.4244902,mouse_move,,1295,324,
1788199827.4324777,mouse_move,,1280,339,
1788199827.4404638,mouse_move,,1259,360,
1788199827.4484909,mouse_move,,1246,380,
1788199827.4565868,mouse_move,,1235,397,
1788199827.4644608,mouse_move,,1222,414,
1788199827.4724677,mouse_move,,1207,437,
1788199827.4804919,mouse_move,,1196,451,
1788199827.4884768,mouse_move,,1188,468,
1788199827.4966037,mouse_move,,1181,485,
1788199827.504527,mouse_move,,1175,499,
1788199827.5124607,mouse_move,,1171,516,
1788199827.52053,mouse_move,,1169,530,
1788199827.528542,mouse_move,,1169,541,
1788199827.536534,mouse_move,,1169,549,
1788199827.5444667,mouse_move,,1169,555,
1788199827.5525184,mouse_move,,1169,561,
1788199827.5606,mouse_move,,1170,567,
1788199827.5684664,mouse_move,,1173,570,
1788199827.5764856,mouse_move,,1177,574,
1788199827.584631,mouse_move,,1180,577,
1788199827.5925868,mouse_move,,1181,578,
1788199827.600471,mouse_move,,1184,581,
1788199827.6085174,mouse_move,,1186,582,
1788199827.6165469,mouse_move,,1189,584,
1788199827.6245348,mouse_move,,1197,584,
1788199827.6324832,mouse_move,,1205,584,
1788199827.6405938,mouse_move,,1221,584,
1788199827.6486442,mouse_move,,1237,584,
1788199827.6565049,mouse_move,,1254,584,
1788199827.664482,mouse_move,,1285,575,
1788199827.6726398,mouse_move,,1313,565,
1788199827.680512,mouse_move,,1347,555,
1788199827.68843,mouse_move,,1387,538,
1788199827.6965282,mouse_move,,1427,521,
1788199827.704626,mouse_move,,1476,492,
1788199827.7124228,mouse_move,,1513,469,
1788199827.7204795,mouse_move,,1556,444,
1788199827.7284596,mouse_move,,1609,415,
1788199827.7365103,mouse_move,,1657,386,
1788199827.7444255,mouse_move,,1709,360,
1788199827.7524824,mouse_move,,1762,330,
1788199827.7605343,mouse_move,,1825,298,
1788199827.76842,mouse_move,,1899,261,
1788199827.7767236,mouse_move,,1942,234,
1788199827.7845163,mouse_move,,1998,210,
1788199827.792481,mouse_move,,2044,192,
1788199827.800439,mouse_move,,2086,168,
1788199827.8084292,mouse_move,,2117,153,
1788199827.8164468,mouse_move,,2139,139,
1788199827.8244572,mouse_move,,2159,131,
1788199827.8324876,mouse_move,,2178,120,
1788199827.8405905,mouse_move,,2185,112,
1788199827.8485084,mouse_move,,2195,105,
1788199827.856479,mouse_move,,2198,102,
1788199827.8644938,mouse_move,,2204,99,
1788199827.8726058,mouse_move,,2205,98,
1788199827.880512,mouse_move,,2205,96,
1788199827.8884687,mouse_move,,2207,94,
1788199827.9205632,mouse_move,,2207,91,
1788199827.9285407,mouse_move,,2207,90,
1788199827.9445293,mouse_move,,2207,89,
1788199827.9767148,mouse_move,,2207,85,
1788199827.984426,mouse_move,,2206,82,
1788199827.9924867,mouse_move,,2205,82,
1788199828.0004225,mouse_move,,2204,82,
1788199828.0084944,mouse_move,,2199,81,
1788199828.0164926,mouse_move,,2192,78,
1788199828.0244746,mouse_move,,2181,78,
1788199828.0324116,mouse_move,,2170,76,
1788199828.0405216,mouse_move,,2151,76,
1788199828.0485475,mouse_move,,2138,74,
1788199828.056536,mouse_move,,2116,74,
1788199828.064503,mouse_move,,2087,72,
1788199828.072549,mouse_move,,2065,67,
1788199828.0804837,mouse_move,,2041,63,
1788199828.0884662,mouse_move,,2020,61,
1788199828.096564,mouse_move,,2003,57,
1788199828.104634,mouse_move,,1987,55,
1788199828.112523,mouse_move,,1971,55,
1788199828.120561,mouse_move,,1962,53,
1788199828.1286333,mouse_move,,1953,51,
1788199828.1364908,mouse_move,,1945,49,
1788199828.1444638,mouse_move,,1944,48,
1788199828.1846428,mouse_move,,1942,47,
1788199828.2164998,mouse_move,,1942,46,
1788199828.2244709,mouse_move,,1942,44,
1788199828.2325401,mouse_move,,1942,43,
1788199828.2484741,mouse_move,,1942,41,
1788199828.2647674,mouse_move,,1942,40,
1788199828.272533,mouse_move,,1943,39,
1788199828.2804823,mouse_move,,1945,37,
1788199828.2884579,mouse_move,,1946,35,
1788199828.3045392,mouse_move,,1950,34,
1788199828.312495,mouse_move,,1953,33,
1788199828.3205464,mouse_move,,1956,30,
1788199828.3284588,mouse_move,,1957,30,
1788199828.3364823,mouse_move,,1961,27,
1788199828.34442,mouse_move,,1963,27,
1788199828.3526223,mouse_move,,1965,26,
1788199828.3604934,mouse_move,,1966,25,
1788199828.3765855,mouse_move,,1967,24,
1788199828.5126112,mouse_move,,1965,24,
1788199828.520417,mouse_move,,1964,24,
1788199828.5366375,mouse_move,,1963,24,
1788199828.5526783,mouse_move,,1962,24,
1788199828.5607538,mouse_move,,1960,24,
1788199828.568911,mouse_move,,1957,24,
1788199828.5764117,mouse_move,,1954,24,
1788199828.5848289,mouse_move,,1952,24,
1788199828.592767,mouse_move,,1949,24,
1788199828.6009858,mouse_move,,1945,24,
1788199828.608822,mouse_move,,1944,24,
1788199828.6168387,mouse_move,,1940,24,
1788199828.624602,mouse_move,,1939,24,
1788199828.6405663,mouse_move,,1937,24,
1788199828.6724741,mouse_move,,1934,24,
1788199828.6806748,mouse_move,,1933,23,
1788199828.713022,mouse_move,,1932,22,
1788199828.976693,mouse_click,down,1932,22,Button.left
1788199829.0726724,mouse_click,up,1932,22,Button.left
1788199829.3205252,mouse_move,,1909,34,
1788199829.3283947,mouse_move,,1808,91,
1788199829.3365064,mouse_move,,1740,123,
1788199829.344508,mouse_move,,1651,161,
1788199829.3524518,mouse_move,,1562,200,
1788199829.3605018,mouse_move,,1448,237,
1788199829.387674,mouse_move,,1133,332,
1788199829.392451,mouse_move,,1046,359,
1788199829.4004798,mouse_move,,959,389,
1788199829.4084485,mouse_move,,886,422,
1788199829.4164858,mouse_move,,834,444,
1788199829.4244974,mouse_move,,790,476,
1788199829.4324746,mouse_move,,750,510,
1788199829.4405777,mouse_move,,714,546,
1788199829.448575,mouse_move,,686,590,
1788199829.4565003,mouse_move,,665,631,
1788199829.4645102,mouse_move,,653,685,
1788199829.4726133,mouse_move,,640,738,
1788199829.480523,mouse_move,,640,787,
1788199829.488545,mouse_move,,640,842,
1788199829.4967477,mouse_move,,642,903,
1788199829.5046542,mouse_move,,654,946,
1788199829.512476,mouse_move,,668,990,
1788199829.5204809,mouse_move,,677,1033,
1788199829.5285766,mouse_move,,686,1057,
1788199829.5365252,mouse_move,,697,1082,
1788199829.544484,mouse_move,,706,1099,
1788199829.5524542,mouse_move,,710,1116,
1788199829.560556,mouse_move,,718,1133,
1788199829.568498,mouse_move,,727,1147,
1788199829.5765579,mouse_move,,737,1159,
1788199829.5844967,mouse_move,,747,1172,
1788199829.5925002,mouse_move,,757,1181,
1788199829.600414,mouse_move,,769,1189,
1788199829.608508,mouse_move,,783,1196,
1788199829.6165195,mouse_move,,798,1204,
1788199829.624557,mouse_move,,815,1212,
1788199829.6325502,mouse_move,,829,1216,
1788199829.640589,mouse_move,,848,1223,
1788199829.6486044,mouse_move,,865,1227,
1788199829.6564415,mouse_move,,884,1233,
1788199829.664565,mouse_move,,908,1238,
1788199829.6726549,mouse_move,,937,1240,
1788199829.6805036,mouse_move,,964,1244,
1788199829.68841,mouse_move,,997,1247,
1788199829.6965265,mouse_move,,1036,1247,
1788199829.7045083,mouse_move,,1074,1247,
1788199829.7124672,mouse_move,,1112,1247,
1788199829.7204955,mouse_move,,1145,1247,
1788199829.7285502,mouse_move,,1169,1247,
1788199829.736462,mouse_move,,1198,1247,
1788199829.7445052,mouse_move,,1220,1247,
1788199829.752587,mouse_move,,1238,1247,
1788199829.7605312,mouse_move,,1249,1247,
1788199829.7685215,mouse_move,,1252,1247,
1788199829.7764978,mouse_move,,1254,1247,
1788199829.8486292,mouse_move,,1255,1247,
1788199830.8089025,mouse_move,,1257,1242,
1788199830.8170035,mouse_move,,1275,1209,
1788199830.8245573,mouse_move,,1286,1184,
1788199830.8325179,mouse_move,,1302,1148,
1788199830.8405564,mouse_move,,1328,1096,
1788199830.8484905,mouse_move,,1360,1023,
1788199830.8564503,mouse_move,,1406,902,
1788199830.864539,mouse_move,,1452,777,
1788199830.872523,mouse_move,,1503,651,
1788199830.8804777,mouse_move,,1553,525,
1788199830.888425,mouse_move,,1597,420,
1788199830.8965507,mouse_move,,1636,326,
1788199830.9045746,mouse_move,,1681,251,
1788199830.9125063,mouse_move,,1725,186,
1788199830.9206424,mouse_move,,1751,148,
1788199830.9288273,mouse_move,,1782,108,
1788199830.936495,mouse_move,,1807,74,
1788199830.9444659,mouse_move,,1823,54,
1788199830.952582,mouse_move,,1835,40,
1788199830.960497,mouse_move,,1848,22,
1788199830.9684553,mouse_move,,1856,15,
1788199830.976405,mouse_move,,1863,8,
1788199830.984601,mouse_move,,1866,1,
1788199830.9925265,mouse_move,,1868,-2,
1788199831.0004375,mouse_move,,1869,-1,
1788199831.0084906,mouse_move,,1870,-1,
1788199831.0165873,mouse_move,,1871,-1,
1788199831.032682,mouse_move,,1873,-1,
1788199831.0405688,mouse_move,,1876,-2,
1788199831.0485857,mouse_move,,1883,-3,
1788199831.0564318,mouse_move,,1887,0,
1788199831.0646565,mouse_move,,1891,-1,
1788199831.0725584,mouse_move,,1899,-2,
1788199831.0805748,mouse_move,,1905,0,
1788199831.0884328,mouse_move,,1912,-3,
1788199831.0965457,mouse_move,,1920,-2,
1788199831.1045089,mouse_move,,1925,0,
1788199831.1124315,mouse_move,,1931,0,
1788199831.1205568,mouse_move,,1935,-1,
1788199831.1285775,mouse_move,,1938,0,
1788199831.1365561,mouse_move,,1940,0,
1788199831.1444454,mouse_move,,1943,0,
1788199831.152545,mouse_move,,1945,0,
1788199831.1605797,mouse_move,,1950,0,
1788199831.1684859,mouse_move,,1956,0,
1788199831.1764631,mouse_move,,1962,0,
1788199831.1844857,mouse_move,,1966,0,
1788199831.1924565,mouse_move,,1974,0,
1788199831.200474,mouse_move,,1980,0,
1788199831.2084746,mouse_move,,1990,0,
1788199831.216481,mouse_move,,2001,0,
1788199831.2244742,mouse_move,,2012,0,
1788199831.2325077,mouse_move,,2020,0,
1788199831.240525,mouse_move,,2026,0,
1788199831.2485673,mouse_move,,2030,0,
1788199831.2564533,mouse_move,,2034,0,
1788199831.2646148,mouse_move,,2037,0,
1788199831.2724757,mouse_move,,2038,0,
1788199831.2804775,mouse_move,,2041,0,
1788199831.2884464,mouse_move,,2043,0,
1788199831.2966075,mouse_move,,2047,0,
1788199831.304497,mouse_move,,2050,0,
1788199831.312505,mouse_move,,2056,0,
1788199831.3204627,mouse_move,,2057,0,
1788199831.3285613,mouse_move,,2062,0,
1788199831.3365161,mouse_move,,2068,0,
1788199831.3444588,mouse_move,,2071,0,
1788199831.352486,mouse_move,,2075,0,
1788199831.36055,mouse_move,,2078,-2,
1788199831.504688,mouse_click,down,2078,0,Button.left
1788199831.616758,mouse_click,up,2078,0,Button.left
1788199831.8889925,mouse_move,,2078,0,
1788199831.8968801,mouse_move,,2077,0,
1788199832.0166483,mouse_move,,2071,1,
1788199832.024627,mouse_move,,2068,3,
1788199832.0324075,mouse_move,,2062,8,
1788199832.04051,mouse_move,,2055,14,
1788199832.0488913,mouse_move,,2052,16,
1788199832.0564506,mouse_move,,2043,22,
1788199832.064648,mouse_move,,2036,27,
1788199832.0724838,mouse_move,,2027,37,
1788199832.0805025,mouse_move,,2016,51,
1788199832.0884202,mouse_move,,2006,64,
1788199832.0965223,mouse_move,,1993,83,
1788199832.104515,mouse_move,,1982,106,
1788199832.1124983,mouse_move,,1970,130,
1788199832.1205823,mouse_move,,1962,152,
1788199832.1285672,mouse_move,,1949,185,
1788199832.1367354,mouse_move,,1938,223,
1788199832.1444478,mouse_move,,1931,255,
1788199832.152518,mouse_move,,1922,297,
1788199832.160509,mouse_move,,1916,354,
1788199832.1686,mouse_move,,1910,405,
1788199832.1764205,mouse_move,,1899,494,
1788199832.1845584,mouse_move,,1885,569,
1788199832.1925008,mouse_move,,1873,669,
1788199832.2004812,mouse_move,,1862,774,
1788199832.2084844,mouse_move,,1850,873,
1788199832.2165308,mouse_move,,1842,972,
1788199832.2245193,mouse_move,,1831,1062,
1788199832.2324946,mouse_move,,1831,1138,
1788199832.2405124,mouse_move,,1831,1219,
1788199832.248495,mouse_move,,1831,1290,
1788199832.256519,mouse_move,,1831,1344,
1788199832.2645872,mouse_move,,1835,1375,
1788199832.272501,mouse_move,,1837,1404,
1788199832.2805321,mouse_move,,1844,1426,
1788199832.2884352,mouse_move,,1850,1448,
1788199832.2965145,mouse_move,,1859,1467,
1788199832.3045387,mouse_move,,1868,1487,
1788199832.3125222,mouse_move,,1879,1506,
1788199832.320498,mouse_move,,1883,1521,
1788199832.3285413,mouse_move,,1891,1540,
1788199832.3364987,mouse_move,,1899,1552,
1788199832.3444114,mouse_move,,1905,1564,
1788199832.352619,mouse_move,,1913,1573,
1788199832.3606114,mouse_move,,1919,1583,
1788199832.3685834,mouse_move,,1924,1592,
1788199832.3764987,mouse_move,,1927,1599,
1788199832.3845308,mouse_move,,1933,1611,
1788199832.3924909,mouse_move,,1936,1615,
1788199832.4004076,mouse_move,,1939,1620,
1788199832.408577,mouse_move,,1945,1628,
1788199832.4165113,mouse_move,,1946,1634,
1788199832.424536,mouse_move,,1947,1635,
1788199832.4323905,mouse_move,,1947,1638,
1788199832.440509,mouse_move,,1950,1641,
1788199832.5687523,mouse_move,,1946,1637,
1788199832.5769045,mouse_move,,1941,1628,
1788199832.5845225,mouse_move,,1936,1621,
1788199832.5929048,mouse_move,,1931,1618,
1788199832.6004906,mouse_move,,1925,1613,
1788199832.6084387,mouse_move,,1918,1611,
1788199832.6164832,mouse_move,,1917,1610,
1788199832.6245565,mouse_move,,1913,1610,
1788199832.6323884,mouse_move,,1912,1610,
1788199832.6406326,mouse_move,,1911,1609,
1788199832.6886861,mouse_move,,1910,1608,
1788199832.7051144,mouse_move,,1908,1608,
1788199832.712782,mouse_move,,1906,1608,
1788199832.7205968,mouse_move,,1904,1607,
1788199832.7285023,mouse_move,,1899,1598,
1788199832.7365475,mouse_move,,1897,1589,
1788199832.7445052,mouse_move,,1888,1570,
1788199832.7525532,mouse_move,,1884,1546,
1788199832.7608535,mouse_move,,1874,1510,
1788199832.7685156,mouse_move,,1860,1471,
1788199832.7764065,mouse_move,,1849,1433,
1788199832.7845373,mouse_move,,1840,1390,
1788199832.7924912,mouse_move,,1817,1334,
1788199832.8005016,mouse_move,,1796,1258,
1788199832.8084974,mouse_move,,1774,1182,
1788199832.8168442,mouse_move,,1756,1112,
1788199832.8245318,mouse_move,,1739,1048,
1788199832.8324943,mouse_move,,1730,1000,
1788199832.840608,mouse_move,,1727,945,
1788199832.8485196,mouse_move,,1727,901,
1788199832.856434,mouse_move,,1732,860,
1788199832.8646119,mouse_move,,1747,815,
1788199832.8726802,mouse_move,,1766,765,
1788199832.8804846,mouse_move,,1798,697,
1788199832.8884141,mouse_move,,1821,641,
1788199832.8965359,mouse_move,,1845,598,
1788199832.9045472,mouse_move,,1859,572,
1788199832.9123902,mouse_move,,1872,555,
1788199832.9205706,mouse_move,,1883,540,
1788199832.9285061,mouse_move,,1891,526,
1788199832.9364657,mouse_move,,1899,516,
1788199832.9444,mouse_move,,1905,502,
1788199832.9525223,mouse_move,,1913,490,
1788199832.9605312,mouse_move,,1919,478,
1788199832.9685004,mouse_move,,1923,467,
1788199832.9764745,mouse_move,,1933,452,
1788199832.9845319,mouse_move,,1942,435,
1788199832.9924352,mouse_move,,1950,420,
1788199833.0004165,mouse_move,,1958,403,
1788199833.0084991,mouse_move,,1972,384,
1788199833.0164835,mouse_move,,1980,364,
1788199833.0244594,mouse_move,,1987,347,
1788199833.0323656,mouse_move,,1995,330,
1788199833.0403845,mouse_move,,2001,316,
1788199833.0484834,mouse_move,,2003,307,
1788199833.0565248,mouse_move,,2005,299,
1788199833.064532,mouse_move,,2005,288,
1788199833.0724382,mouse_move,,2006,279,
1788199833.080491,mouse_move,,2006,271,
1788199833.0883641,mouse_move,,2006,265,
1788199833.096569,mouse_move,,2006,257,
1788199833.1045299,mouse_move,,2006,249,
1788199833.1125023,mouse_move,,2006,240,
1788199833.1207578,mouse_move,,2006,230,
1788199833.1285224,mouse_move,,2006,221,
1788199833.136517,mouse_move,,2006,208,
1788199833.144425,mouse_move,,2006,200,
1788199833.1525588,mouse_move,,2001,183,
1788199833.1605852,mouse_move,,1998,176,
1788199833.168479,mouse_move,,1992,164,
1788199833.1765747,mouse_move,,1990,156,
1788199833.1845036,mouse_move,,1988,147,
1788199833.1924853,mouse_move,,1983,138,
1788199833.2004943,mouse_move,,1979,129,
1788199833.2084439,mouse_move,,1973,117,
1788199833.2164414,mouse_move,,1972,112,
1788199833.2245169,mouse_move,,1969,104,
1788199833.2324219,mouse_move,,1965,97,
1788199833.2405367,mouse_move,,1964,95,
1788199833.2485294,mouse_move,,1962,89,
1788199833.256559,mouse_move,,1961,82,
1788199833.2645352,mouse_move,,1956,78,
1788199833.2724252,mouse_move,,1955,72,
1788199833.2805896,mouse_move,,1953,65,
1788199833.2885478,mouse_move,,1950,59,
1788199833.296475,mouse_move,,1946,52,
1788199833.3044674,mouse_move,,1945,48,
1788199833.312498,mouse_move,,1940,41,
1788199833.3206172,mouse_move,,1937,37,
1788199833.3285882,mouse_move,,1934,34,
1788199833.336524,mouse_move,,1931,29,
1788199833.344489,mouse_move,,1930,27,
1788199833.3524835,mouse_move,,1927,24,
1788199833.3605366,mouse_move,,1926,23,
1788199833.36847,mouse_move,,1925,22,
1788199833.3764713,mouse_move,,1924,20,
1788199833.3925683,mouse_move,,1921,18,
1788199833.40047,mouse_move,,1920,15,
1788199833.4085963,mouse_move,,1918,12,
1788199833.4165692,mouse_move,,1917,11,
1788199833.4245093,mouse_move,,1917,9,
1788199833.4324026,mouse_move,,1914,6,
1788199833.440578,mouse_move,,1913,2,
1788199833.448541,mouse_move,,1911,-1,
1788199833.4564657,mouse_move,,1911,-3,
1788199833.4646223,mouse_move,,1910,-2,
1788199833.4725537,mouse_move,,1910,-2,
1788199833.4885085,mouse_move,,1910,-2,
1788199833.5691125,mouse_click,down,1910,0,Button.left
1788199833.6732583,mouse_click,up,1910,0,Button.left
1788199833.8886716,mouse_move,,1910,0,
1788199833.896938,mouse_move,,1910,4,
1788199833.9049685,mouse_move,,1910,7,
1788199833.9128087,mouse_move,,1910,12,
1788199833.9207268,mouse_move,,1910,18,
1788199833.9286876,mouse_move,,1910,24,
1788199833.936579,mouse_move,,1910,29,
1788199833.944447,mouse_move,,1910,35,
1788199833.9531083,mouse_move,,1910,43,
1788199833.9605515,mouse_move,,1910,51,
1788199833.9687157,mouse_move,,1910,62,
1788199833.9765203,mouse_move,,1902,71,
1788199833.9847808,mouse_move,,1894,88,
1788199833.9924731,mouse_move,,1881,103,
1788199834.000437,mouse_move,,1868,118,
1788199834.008534,mouse_move,,1847,142,
1788199834.0165234,mouse_move,,1823,164,
1788199834.024566,mouse_move,,1797,190,
1788199834.032411,mouse_move,,1758,220,
1788199834.0405939,mouse_move,,1718,250,
1788199834.0487127,mouse_move,,1684,279,
1788199834.056472,mouse_move,,1634,315,
1788199834.0646038,mouse_move,,1590,347,
1788199834.0725796,mouse_move,,1550,381,
1788199834.0805275,mouse_move,,1517,403,
1788199834.088453,mouse_move,,1482,432,
1788199834.0969715,mouse_move,,1439,460,
1788199834.1045465,mouse_move,,1414,482,
1788199834.1130636,mouse_move,,1380,507,
1788199834.1205494,mouse_move,,1346,536,
1788199834.1284318,mouse_move,,1320,562,
1788199834.1364906,mouse_move,,1285,594,
1788199834.144446,mouse_move,,1257,624,
1788199834.1525025,mouse_move,,1225,660,
1788199834.1605277,mouse_move,,1196,694,
1788199834.1684492,mouse_move,,1162,748,
1788199834.176546,mouse_move,,1134,791,
1788199834.1845913,mouse_move,,1114,833,
1788199834.1925533,mouse_move,,1086,876,
1788199834.200481,mouse_move,,1070,907,
1788199834.2084997,mouse_move,,1047,944,
1788199834.2166133,mouse_move,,1036,964,
1788199834.2245157,mouse_move,,1023,986,
1788199834.2324185,mouse_move,,1012,1006,
1788199834.240511,mouse_move,,1003,1026,
1788199834.2485287,mouse_move,,992,1050,
1788199834.2564285,mouse_move,,983,1078,
1788199834.264565,mouse_move,,976,1100,
1788199834.2725368,mouse_move,,970,1122,
1788199834.2806048,mouse_move,,961,1144,
1788199834.2884207,mouse_move,,954,1163,
1788199834.2965417,mouse_move,,948,1185,
1788199834.3045585,mouse_move,,939,1205,
1788199834.3124819,mouse_move,,933,1221,
1788199834.3205032,mouse_move,,924,1241,
1788199834.328479,mouse_move,,916,1258,
1788199834.3365188,mouse_move,,909,1277,
1788199834.3444703,mouse_move,,903,1289,
1788199834.3524973,mouse_move,,900,1301,
1788199834.360533,mouse_move,,898,1307,
1788199834.368536,mouse_move,,895,1313,
1788199834.3764222,mouse_move,,893,1322,
1788199834.3845384,mouse_move,,890,1329,
1788199834.39255,mouse_move,,888,1337,
1788199834.4005075,mouse_move,,886,1343,
1788199834.408544,mouse_move,,885,1348,
1788199834.4165235,mouse_move,,885,1354,
1788199834.4245257,mouse_move,,885,1360,
1788199834.4324381,mouse_move,,882,1366,
1788199834.4405363,mouse_move,,882,1369,
1788199834.4485526,mouse_move,,882,1373,
1788199834.456498,mouse_move,,882,1374,
1788199834.4645886,mouse_move,,882,1375,
1788199834.472616,mouse_move,,882,1376,
1788199834.4805427,mouse_move,,882,1379,
1788199834.4884353,mouse_move,,882,1380,
1788199834.496559,mouse_move,,882,1381,
1788199834.5044985,mouse_move,,882,1384,
1788199834.5124724,mouse_move,,882,1386,
1788199834.5206852,mouse_move,,882,1389,
1788199834.5287344,mouse_move,,882,1393,
1788199834.53645,mouse_move,,882,1396,
1788199834.5444162,mouse_move,,882,1402,
1788199834.5524035,mouse_move,,882,1408,
1788199834.560609,mouse_move,,882,1410,
1788199834.5685103,mouse_move,,882,1416,
1788199834.5765631,mouse_move,,882,1420,
1788199834.5844808,mouse_move,,882,1421,
1788199834.5925279,mouse_move,,882,1423,
1788199834.6005044,mouse_move,,882,1424,
1788199834.60854,mouse_move,,882,1426,
1788199834.6166866,mouse_move,,882,1427,
1788199834.6245265,mouse_move,,882,1428,
1788199834.6324294,mouse_move,,882,1432,
1788199834.6404438,mouse_move,,882,1433,
1788199834.6484687,mouse_move,,881,1436,
1788199834.656472,mouse_move,,881,1440,
1788199834.6645124,mouse_move,,879,1443,
1788199834.6725175,mouse_move,,878,1449,
1788199834.6805258,mouse_move,,875,1454,
1788199834.6884067,mouse_move,,875,1456,
1788199834.6968136,mouse_move,,873,1460,
1788199834.7047923,mouse_move,,870,1463,
1788199834.712527,mouse_move,,869,1466,
1788199834.720665,mouse_move,,866,1469,
1788199834.7285266,mouse_move,,865,1470,
1788199834.7364445,mouse_move,,862,1471,
1788199834.7444284,mouse_move,,861,1472,
1788199834.7526429,mouse_move,,856,1475,
1788199834.760826,mouse_move,,855,1476,
1788199834.7687945,mouse_move,,849,1479,
1788199834.77651,mouse_move,,845,1482,
1788199834.7846093,mouse_move,,843,1483,
1788199834.792806,mouse_move,,842,1483,
1788199835.024719,mouse_click,down,842,1483,Button.left
1788199835.1373253,mouse_click,up,842,1483,Button.left
1788199835.1686316,mouse_move,,844,1483,
1788199835.2327518,mouse_move,,845,1483,
1788199835.6251466,mouse_move,,846,1483,
1788199835.6409209,mouse_move,,847,1482,
1788199836.368496,mouse_move,,848,1481,
1788199836.4254134,mouse_move,,848,1478,
1788199836.6326022,mouse_move,,848,1477,
1788199836.6404948,mouse_move,,847,1477,
1788199836.6725032,mouse_move,,846,1477,
1788199836.6805596,mouse_move,,845,1477,
1788199836.6884239,mouse_move,,842,1477,
1788199836.6964695,mouse_move,,841,1476,
1788199836.7044778,mouse_move,,840,1476,
1788199836.7124753,mouse_move,,839,1476,
1788199836.7205195,mouse_move,,836,1475,
1788199836.7284598,mouse_move,,834,1473,
1788199836.7605495,mouse_move,,833,1473,
1788199836.8325453,mouse_move,,830,1473,
1788199836.8407183,mouse_move,,829,1473,
1788199836.8487594,mouse_move,,828,1472,
1788199836.8564885,mouse_move,,827,1471,
1788199836.8644657,mouse_move,,824,1471,
1788199836.8805919,mouse_move,,822,1470,
1788199836.8964632,mouse_move,,820,1469,
1788199836.9126368,mouse_move,,818,1469,
1788199836.920636,mouse_move,,817,1468,
1788199836.9285367,mouse_move,,816,1466,
1788199836.9365718,mouse_move,,816,1465,
1788199836.944443,mouse_move,,813,1463,
1788199836.9525368,mouse_move,,810,1458,
1788199836.9604893,mouse_move,,807,1452,
1788199836.9684412,mouse_move,,799,1437,
1788199836.9763958,mouse_move,,790,1413,
1788199836.9845893,mouse_move,,778,1384,
1788199836.9925218,mouse_move,,762,1349,
1788199837.0005136,mouse_move,,738,1292,
1788199837.0085359,mouse_move,,711,1235,
1788199837.0165286,mouse_move,,678,1157,
1788199837.0245445,mouse_move,,647,1064,
1788199837.0324495,mouse_move,,609,981,
1788199837.0405557,mouse_move,,557,880,
1788199837.0487962,mouse_move,,530,793,
1788199837.0564985,mouse_move,,516,713,
1788199837.0646315,mouse_move,,505,635,
1788199837.072501,mouse_move,,505,586,
1788199837.0804915,mouse_move,,505,526,
1788199837.0884335,mouse_move,,505,493,
1788199837.0965338,mouse_move,,505,444,
1788199837.104474,mouse_move,,522,398,
1788199837.112406,mouse_move,,528,357,
1788199837.120612,mouse_move,,542,313,
1788199837.1285036,mouse_move,,556,273,
1788199837.1365058,mouse_move,,578,227,
1788199837.1444912,mouse_move,,593,196,
1788199837.1526344,mouse_move,,617,159,
1788199837.1605322,mouse_move,,640,130,
1788199837.168467,mouse_move,,659,106,
1788199837.1766737,mouse_move,,688,71,
1788199837.184617,mouse_move,,710,47,
1788199837.1925154,mouse_move,,728,29,
1788199837.2004638,mouse_move,,752,8,
1788199837.2084703,mouse_move,,772,-10,
1788199837.2165904,mouse_move,,792,-18,
1788199837.224463,mouse_move,,812,-13,
1788199837.232428,mouse_move,,834,-16,
1788199837.2405348,mouse_move,,856,-11,
1788199837.2485783,mouse_move,,876,-11,
1788199837.256441,mouse_move,,895,-6,
1788199837.2645845,mouse_move,,923,-10,
1788199837.272497,mouse_move,,947,-6,
1788199837.2804794,mouse_move,,981,-5,
1788199837.2884543,mouse_move,,1013,-8,
1788199837.296494,mouse_move,,1049,-5,
1788199837.3045602,mouse_move,,1084,-2,
1788199837.3124354,mouse_move,,1116,-8,
1788199837.3205419,mouse_move,,1142,-2,
1788199837.3288238,mouse_move,,1167,-4,
1788199837.336519,mouse_move,,1180,-2,
1788199837.3444643,mouse_move,,1194,-2,
1788199837.3525574,mouse_move,,1203,-2,
1788199837.3605022,mouse_move,,1211,0,
1788199837.368454,mouse_move,,1217,0,
1788199837.376451,mouse_move,,1220,0,
1788199837.3846135,mouse_move,,1226,0,
1788199837.3924477,mouse_move,,1230,0,
1788199837.4004407,mouse_move,,1238,0,
1788199837.4084682,mouse_move,,1242,0,
1788199837.4164488,mouse_move,,1248,0,
1788199837.4244497,mouse_move,,1252,0,
1788199837.4325101,mouse_move,,1257,0,
1788199837.4405448,mouse_move,,1261,0,
1788199837.4485972,mouse_move,,1263,0,
1788199837.4564664,mouse_move,,1268,-1,
1788199837.4646242,mouse_move,,1269,0,
1788199837.4725592,mouse_move,,1270,0,
1788199837.4804945,mouse_move,,1272,0,
1788199837.5287023,mouse_move,,1275,-3,
1788199837.6409066,mouse_move,,1276,0,
1788199837.7528992,mouse_move,,1280,0,
1788199837.7610312,mouse_move,,1283,-2,
1788199837.7689784,mouse_move,,1286,0,
1788199837.7767398,mouse_move,,1288,-1,
1788199837.7845602,mouse_move,,1293,0,
1788199837.7926416,mouse_move,,1297,-1,
1788199837.8008485,mouse_move,,1303,0,
1788199837.8088477,mouse_move,,1311,-4,
1788199837.8166015,mouse_move,,1322,0,
1788199837.8325572,mouse_move,,1323,-1,
1788199837.8409715,mouse_move,,1329,-1,
1788199837.8488915,mouse_move,,1342,0,
1788199837.857027,mouse_move,,1347,-2,
1788199837.8651352,mouse_move,,1355,-5,
1788199837.8729608,mouse_move,,1361,0,
1788199837.8808727,mouse_move,,1370,-3,
1788199837.8885074,mouse_move,,1372,0,
1788199837.8964818,mouse_move,,1375,0,
1788199837.904528,mouse_move,,1381,-3,
1788199837.912445,mouse_move,,1384,0,
1788199837.9205937,mouse_move,,1385,-2,
1788199837.9365284,mouse_move,,1387,0,
1788199838.000505,mouse_move,,1390,0,
1788199838.0085058,mouse_move,,1391,0,
1788199838.0165207,mouse_move,,1393,0,
1788199838.0245283,mouse_move,,1396,-1,
1788199838.0406508,mouse_move,,1397,0,
1788199838.0485299,mouse_move,,1400,0,
1788199838.056451,mouse_move,,1401,-1,
1788199838.0645225,mouse_move,,1402,0,
1788199838.072593,mouse_move,,1403,-1,
1788199838.0804868,mouse_move,,1404,-1,
1788199838.0965326,mouse_move,,1405,0,
1788199838.1445172,mouse_move,,1407,-1,
1788199838.1851518,mouse_click,down,1407,0,Button.left
1788199838.2966259,mouse_move,,1409,-2,
1788199838.2970512,mouse_click,up,1409,0,Button.left
1788199838.312475,mouse_move,,1412,-1,
1788199838.4326346,mouse_move,,1413,2,
1788199838.4405055,mouse_move,,1413,12,
1788199838.448407,mouse_move,,1413,20,
1788199838.4805377,mouse_move,,1413,33,
1788199838.488421,mouse_move,,1401,73,
1788199838.496406,mouse_move,,1396,100,
1788199838.5045815,mouse_move,,1387,128,
1788199838.5125856,mouse_move,,1377,161,
1788199838.5205562,mouse_move,,1362,205,
1788199838.5285962,mouse_move,,1355,237,
1788199838.5364969,mouse_move,,1339,287,
1788199838.5444765,mouse_move,,1323,346,
1788199838.5524218,mouse_move,,1305,422,
1788199838.5604167,mouse_move,,1291,491,
1788199838.5684614,mouse_move,,1269,567,
1788199838.5764697,mouse_move,,1243,648,
1788199838.584417,mouse_move,,1233,727,
1788199838.5924916,mouse_move,,1218,817,
1788199838.600473,mouse_move,,1203,907,
1788199838.6085308,mouse_move,,1196,985,
1788199838.6165621,mouse_move,,1185,1069,
1788199838.62447,mouse_move,,1172,1127,
1788199838.6325288,mouse_move,,1169,1157,
1788199838.6405218,mouse_move,,1164,1194,
1788199838.6485345,mouse_move,,1164,1227,
1788199838.6564815,mouse_move,,1164,1257,
1788199838.6645954,mouse_move,,1164,1289,
1788199838.672544,mouse_move,,1171,1321,
1788199838.6805043,mouse_move,,1181,1354,
1788199838.6884255,mouse_move,,1188,1379,
1788199838.6964712,mouse_move,,1198,1398,
1788199838.7044399,mouse_move,,1205,1412,
1788199838.7124543,mouse_move,,1213,1425,
1788199838.7204547,mouse_move,,1220,1434,
1788199838.728413,mouse_move,,1225,1437,
1788199838.7364473,mouse_move,,1231,1442,
1788199838.7444189,mouse_move,,1234,1443,
1788199838.7525706,mouse_move,,1240,1445,
1788199838.7605054,mouse_move,,1245,1448,
1788199838.7685418,mouse_move,,1246,1448,
1788199838.776515,mouse_move,,1248,1449,
1788199838.784634,mouse_move,,1254,1449,
1788199838.792534,mouse_move,,1262,1449,
1788199838.8004847,mouse_move,,1273,1449,
1788199838.8084476,mouse_move,,1292,1449,
1788199838.8164694,mouse_move,,1308,1449,
1788199838.824416,mouse_move,,1329,1449,
1788199838.8324509,mouse_move,,1353,1448,
1788199838.8404593,mouse_move,,1377,1446,
1788199838.8485558,mouse_move,,1402,1437,
1788199838.856483,mouse_move,,1421,1433,
1788199838.8646846,mouse_move,,1446,1424,
1788199838.8725886,mouse_move,,1465,1419,
1788199838.8808064,mouse_move,,1489,1408,
1788199838.88844,mouse_move,,1509,1400,
1788199838.8965285,mouse_move,,1531,1388,
1788199838.9045732,mouse_move,,1551,1378,
1788199838.9124143,mouse_move,,1571,1364,
1788199838.9205823,mouse_move,,1593,1349,
1788199838.928832,mouse_move,,1616,1333,
1788199838.9364882,mouse_move,,1628,1323,
1788199838.944414,mouse_move,,1645,1310,
1788199838.9524016,mouse_move,,1655,1302,
1788199838.9603612,mouse_move,,1664,1296,
1788199838.968367,mouse_move,,1671,1291,
1788199838.9764352,mouse_move,,1678,1286,
1788199838.9843605,mouse_move,,1685,1283,
1788199838.9924073,mouse_move,,1689,1278,
1788199839.000378,mouse_move,,1692,1277,
1788199839.008551,mouse_move,,1693,1275,
1788199839.1685078,mouse_move,,1694,1275,
1788199839.224722,mouse_move,,1697,1275,
1788199839.232534,mouse_move,,1699,1276,
1788199839.240539,mouse_move,,1704,1279,
1788199839.248496,mouse_move,,1710,1284,
1788199839.2564108,mouse_move,,1717,1289,
1788199839.2646053,mouse_move,,1727,1299,
1788199839.2724807,mouse_move,,1739,1307,
1788199839.280402,mouse_move,,1756,1315,
1788199839.2883937,mouse_move,,1766,1321,
1788199839.2965658,mouse_move,,1780,1327,
1788199839.3044882,mouse_move,,1794,1333,
1788199839.3125076,mouse_move,,1806,1339,
1788199839.3204508,mouse_move,,1817,1341,
1788199839.328394,mouse_move,,1836,1345,
1788199839.3364015,mouse_move,,1851,1351,
1788199839.3443918,mouse_move,,1867,1353,
1788199839.352514,mouse_move,,1881,1359,
1788199839.3605428,mouse_move,,1892,1361,
1788199839.3685062,mouse_move,,1904,1363,
1788199839.3765047,mouse_move,,1907,1366,
1788199839.384543,mouse_move,,1911,1368,
1788199839.4805932,mouse_move,,1909,1368,
1788199839.4884293,mouse_move,,1901,1368,
1788199839.4968414,mouse_move,,1895,1368,
1788199839.5044281,mouse_move,,1891,1368,
1788199839.5125642,mouse_move,,1889,1368,
1788199839.5204887,mouse_move,,1884,1368,
1788199839.5285213,mouse_move,,1883,1368,
1788199839.5364172,mouse_move,,1881,1368,
1788199839.544501,mouse_move,,1880,1368,
1788199839.5524218,mouse_move,,1877,1368,
1788199839.5604742,mouse_move,,1875,1368,
1788199839.5684843,mouse_move,,1870,1368,
1788199839.5845184,mouse_move,,1868,1368,
1788199839.5924587,mouse_move,,1865,1369,
1788199839.600838,mouse_move,,1862,1370,
1788199839.608497,mouse_move,,1858,1370,
1788199839.6164863,mouse_move,,1855,1370,
1788199839.632475,mouse_move,,1851,1370,
1788199839.640603,mouse_move,,1850,1370,
1788199839.6564906,mouse_move,,1848,1370,
1788199839.664493,mouse_move,,1845,1370,
1788199839.6724682,mouse_move,,1842,1370,
1788199839.6805005,mouse_move,,1838,1367,
1788199839.6884854,mouse_move,,1833,1365,
1788199839.696528,mouse_move,,1823,1364,
1788199839.704471,mouse_move,,1806,1357,
1788199839.7124891,mouse_move,,1787,1355,
1788199839.7205307,mouse_move,,1766,1353,
1788199839.7285635,mouse_move,,1736,1349,
1788199839.7364855,mouse_move,,1705,1344,
1788199839.7444978,mouse_move,,1659,1338,
1788199839.752519,mouse_move,,1617,1330,
1788199839.7604394,mouse_move,,1577,1327,
1788199839.7684116,mouse_move,,1540,1319,
1788199839.7764022,mouse_move,,1519,1319,
1788199839.7843792,mouse_move,,1505,1317,
1788199839.7923992,mouse_move,,1499,1317,
1788199839.8003945,mouse_move,,1495,1316,
1788199839.8486347,mouse_move,,1493,1316,
1788199839.8569796,mouse_move,,1492,1316,
1788199839.8645308,mouse_move,,1490,1316,
1788199839.8728876,mouse_move,,1489,1316,
1788199839.8805823,mouse_move,,1488,1316,
1788199840.0006366,mouse_move,,1488,1314,
1788199840.1290624,mouse_move,,1490,1313,
1788199840.1365008,mouse_move,,1491,1312,
1788199840.1525002,mouse_move,,1494,1311,
1788199840.4405916,mouse_move,,1494,1305,
1788199840.4484584,mouse_move,,1494,1295,
1788199840.4565125,mouse_move,,1489,1280,
1788199840.464548,mouse_move,,1483,1269,
1788199840.4725063,mouse_move,,1474,1252,
1788199840.4804213,mouse_move,,1461,1234,
1788199840.4884653,mouse_move,,1449,1222,
1788199840.4964125,mouse_move,,1433,1202,
1788199840.5043778,mouse_move,,1416,1191,
1788199840.5123622,mouse_move,,1402,1181,
1788199840.5205307,mouse_move,,1382,1174,
1788199840.5284717,mouse_move,,1365,1166,
1788199840.5364769,mouse_move,,1346,1157,
1788199840.5444834,mouse_move,,1337,1155,
1788199840.5524569,mouse_move,,1328,1154,
1788199840.5604894,mouse_move,,1322,1154,
1788199840.5685415,mouse_move,,1320,1154,
1788199840.5765162,mouse_move,,1319,1154,
1788199840.592594,mouse_move,,1316,1154,
1788199840.6006677,mouse_move,,1314,1154,
1788199840.6085243,mouse_move,,1312,1157,
1788199840.6165278,mouse_move,,1311,1158,
1788199840.6244795,mouse_move,,1311,1165,
1788199840.6324112,mouse_move,,1306,1172,
1788199840.6404624,mouse_move,,1302,1181,
1788199840.648393,mouse_move,,1298,1185,
1788199840.6564748,mouse_move,,1295,1190,
1788199840.664513,mouse_move,,1292,1193,
1788199840.6725185,mouse_move,,1285,1198,
1788199840.680445,mouse_move,,1284,1199,
1788199840.6885002,mouse_move,,1281,1200,
1788199840.6964474,mouse_move,,1277,1200,
1788199840.7044785,mouse_move,,1274,1203,
1788199840.7124412,mouse_move,,1268,1203,
1788199840.720441,mouse_move,,1264,1203,
1788199840.7284515,mouse_move,,1256,1205,
1788199840.7364364,mouse_move,,1252,1205,
1788199840.7444088,mouse_move,,1246,1205,
1788199840.7524416,mouse_move,,1240,1205,
1788199840.7604318,mouse_move,,1234,1205,
1788199840.7684934,mouse_move,,1231,1205,
1788199840.7765334,mouse_move,,1225,1205,
1788199840.78447,mouse_move,,1223,1205,
1788199840.7924645,mouse_move,,1218,1205,
1788199840.8004344,mouse_move,,1212,1205,
1788199840.8085043,mouse_move,,1211,1205,
1788199840.816459,mouse_move,,1209,1204,
1788199840.824464,mouse_move,,1208,1203,
1788199840.8324268,mouse_move,,1204,1200,
1788199840.8405151,mouse_move,,1202,1198,
1788199840.848458,mouse_move,,1197,1191,
1788199840.8564,mouse_move,,1194,1188,
1788199840.8645706,mouse_move,,1193,1184,
1788199840.8725636,mouse_move,,1188,1179,
1788199840.8804176,mouse_move,,1188,1177,
1788199840.8884084,mouse_move,,1187,1176,
1788199840.8965225,mouse_move,,1187,1174,
1788199840.9045522,mouse_move,,1187,1173,
1788199840.937096,mouse_move,,1187,1171,
1788199840.9444506,mouse_move,,1187,1170,
1788199840.9847,mouse_click,down,1187,1170,Button.left
1788199841.073051,mouse_click,up,1187,1170,Button.left
1788199841.080771,mouse_move,,1187,1169,
1788199841.2010188,mouse_move,,1189,1169,
1788199841.2169359,mouse_move,,1189,1170,
1788199841.2249749,mouse_move,,1189,1171,
1788199841.2323942,mouse_move,,1189,1173,
1788199841.289219,mouse_move,,1189,1175,
1788199841.297183,mouse_move,,1189,1176,
1788199841.3125143,mouse_move,,1189,1177,
1788199841.3204234,mouse_move,,1190,1181,
1788199841.328419,mouse_move,,1191,1182,
1788199841.3445144,mouse_move,,1192,1183,
1788199841.3524075,mouse_move,,1193,1184,
1788199841.3604023,mouse_move,,1196,1187,
1788199841.368416,mouse_move,,1197,1188,
1788199841.384406,mouse_move,,1199,1188,
1788199841.4004064,mouse_move,,1200,1188,
1788199841.4084036,mouse_move,,1203,1188,
1788199841.416432,mouse_move,,1209,1188,
1788199841.42441,mouse_move,,1215,1188,
1788199841.4324036,mouse_move,,1221,1186,
1788199841.440392,mouse_move,,1226,1183,
1788199841.448396,mouse_move,,1234,1178,
1788199841.456394,mouse_move,,1246,1172,
1788199841.464391,mouse_move,,1253,1166,
1788199841.4723902,mouse_move,,1263,1159,
1788199841.4804003,mouse_move,,1272,1151,
1788199841.4884665,mouse_move,,1277,1146,
1788199841.4965038,mouse_move,,1284,1141,
1788199841.504559,mouse_move,,1291,1134,
1788199841.5125241,mouse_move,,1296,1131,
1788199841.5204148,mouse_move,,1304,1126,
1788199841.5284343,mouse_move,,1309,1121,
1788199841.5364256,mouse_move,,1316,1116,
1788199841.544444,mouse_move,,1326,1104,
1788199841.5524435,mouse_move,,1334,1094,
1788199841.5605524,mouse_move,,1339,1085,
1788199841.5684433,mouse_move,,1342,1082,
1788199841.5764382,mouse_move,,1349,1075,
1788199841.5844178,mouse_move,,1350,1072,
1788199841.5924106,mouse_move,,1353,1068,
1788199841.600409,mouse_move,,1356,1065,
1788199841.6084046,mouse_move,,1357,1062,
1788199841.6164057,mouse_move,,1357,1058,
1788199841.6243992,mouse_move,,1359,1055,
1788199841.6324198,mouse_move,,1362,1051,
1788199841.640414,mouse_move,,1363,1045,
1788199841.6484177,mouse_move,,1365,1040,
1788199841.656431,mouse_move,,1366,1034,
1788199841.6644135,mouse_move,,1368,1028,
1788199841.672424,mouse_move,,1369,1025,
1788199841.6804516,mouse_move,,1372,1019,
1788199841.6884568,mouse_move,,1374,1018,
1788199841.6964042,mouse_move,,1378,1010,
1788199841.70442,mouse_move,,1379,1008,
1788199841.7124062,mouse_move,,1384,1001,
1788199841.7204008,mouse_move,,1390,994,
1788199841.7283924,mouse_move,,1393,987,
1788199841.736417,mouse_move,,1398,983,
1788199841.7444925,mouse_move,,1401,978,
1788199841.75254,mouse_move,,1402,977,
1788199841.7605124,mouse_move,,1407,973,
1788199841.7685125,mouse_move,,1410,972,
1788199841.7765238,mouse_move,,1417,967,
1788199841.784538,mouse_move,,1421,964,
1788199841.7924864,mouse_move,,1426,961,
1788199841.8004363,mouse_move,,1430,958,
1788199841.8084707,mouse_move,,1431,956,
1788199841.8166933,mouse_move,,1437,955,
1788199841.8245897,mouse_move,,1438,954,
1788199841.8969212,mouse_move,,1438,954,
1788199841.9053514,mouse_move,,1438,958,
1788199841.9124444,mouse_move,,1438,961,
1788199841.9205709,mouse_move,,1436,963,
1788199841.9285903,mouse_move,,1435,966,
1788199841.936526,mouse_move,,1430,971,
1788199841.9444203,mouse_move,,1427,975,
1788199841.9525359,mouse_move,,1423,978,
1788199841.960586,mouse_move,,1420,981,
1788199841.968485,mouse_move,,1417,984,
1788199841.9764466,mouse_move,,1412,988,
1788199841.984555,mouse_move,,1409,991,
1788199841.9925723,mouse_move,,1407,994,
1788199842.0003955,mouse_move,,1402,999,
1788199842.0085297,mouse_move,,1399,1002,
1788199842.0164442,mouse_move,,1396,1004,
1788199842.0245194,mouse_move,,1392,1009,
1788199842.0324938,mouse_move,,1391,1010,
1788199842.0405426,mouse_move,,1389,1011,
1788199842.2006738,mouse_click,down,1389,1011,Button.left
1788199842.2974741,mouse_click,up,1389,1011,Button.left
1788199843.3205786,mouse_move,,1390,1011,
1788199843.32858,mouse_move,,1391,1010,
1788199843.5365179,mouse_move,,1392,1010,
1788199843.7125585,mouse_move,,1393,1010,
1788199843.7205603,mouse_move,,1394,1010,
1788199843.776491,mouse_move,,1397,1010,
1788199843.8244834,mouse_move,,1398,1010,
1788199843.8967276,mouse_move,,1399,1010,
1788199844.472937,mouse_move,,1401,1011,
1788199844.4804442,mouse_move,,1402,1011,
1788199844.4964406,mouse_move,,1404,1013,
1788199844.648728,mouse_move,,1405,1013,
1788199844.8565462,mouse_move,,1407,1014,
1788199844.872649,mouse_move,,1408,1015,
1788199845.0246234,mouse_move,,1409,1016,
1788199846.512583,mouse_move,,1411,1016,
1788199846.8645518,mouse_move,,1412,1016,
1788199846.896491,mouse_move,,1414,1016,
1788199847.176491,mouse_move,,1415,1017,
1788199847.1924858,mouse_move,,1415,1020,
1788199847.2085137,mouse_move,,1415,1021,
1788199847.224651,mouse_move,,1415,1022,
1788199847.232494,mouse_move,,1415,1023,
1788199847.2405689,mouse_move,,1415,1026,
1788199847.2485557,mouse_move,,1415,1027,
1788199847.2565153,mouse_move,,1415,1029,
1788199847.2645001,mouse_move,,1415,1035,
1788199847.2724648,mouse_move,,1417,1039,
1788199847.2804725,mouse_move,,1417,1042,
1788199847.2885468,mouse_move,,1417,1048,
1788199847.2965317,mouse_move,,1417,1056,
1788199847.3045094,mouse_move,,1419,1065,
1788199847.312554,mouse_move,,1425,1084,
1788199847.3205445,mouse_move,,1427,1103,
1788199847.328407,mouse_move,,1436,1131,
1788199847.3364437,mouse_move,,1439,1160,
1788199847.3444521,mouse_move,,1443,1190,
1788199847.3524861,mouse_move,,1449,1231,
1788199847.360437,mouse_move,,1451,1276,
1788199847.3684607,mouse_move,,1451,1325,
1788199847.376715,mouse_move,,1451,1358,
1788199847.3844469,mouse_move,,1451,1391,
1788199847.3924918,mouse_move,,1451,1424,
1788199847.4005067,mouse_move,,1446,1446,
1788199847.4085124,mouse_move,,1437,1468,
1788199847.4165165,mouse_move,,1433,1485,
1788199847.4244907,mouse_move,,1427,1496,
1788199847.4324677,mouse_move,,1423,1505,
1788199847.44047,mouse_move,,1420,1514,
1788199847.4484658,mouse_move,,1418,1517,
1788199847.4564757,mouse_move,,1415,1526,
1788199847.4725733,mouse_move,,1415,1528,
1788199847.4805026,mouse_move,,1412,1531,
1788199847.4884975,mouse_move,,1411,1532,
1788199847.4964652,mouse_move,,1410,1533,
1788199847.5044818,mouse_move,,1409,1536,
1788199847.5124707,mouse_move,,1404,1540,
1788199847.520478,mouse_move,,1401,1543,
1788199847.52845,mouse_move,,1398,1546,
1788199847.536466,mouse_move,,1393,1553,
1788199847.5449483,mouse_move,,1389,1556,
1788199847.5524714,mouse_move,,1382,1561,
1788199847.5604804,mouse_move,,1376,1564,
1788199847.5684676,mouse_move,,1369,1571,
1788199847.5764763,mouse_move,,1366,1572,
1788199847.5844948,mouse_move,,1359,1577,
1788199847.592503,mouse_move,,1358,1577,
1788199847.6005137,mouse_move,,1356,1579,
1788199847.616557,mouse_move,,1353,1580,
1788199847.664526,mouse_move,,1352,1580,
1788199847.6724865,mouse_move,,1351,1580,
1788199847.6804736,mouse_move,,1349,1581,
1788199847.6884897,mouse_move,,1348,1582,
1788199847.6964772,mouse_move,,1346,1582,
1788199847.7045054,mouse_move,,1345,1583,
1788199847.712477,mouse_move,,1344,1583,
1788199847.7205985,mouse_move,,1341,1583,
1788199847.7285097,mouse_move,,1338,1585,
1788199847.737144,mouse_move,,1337,1585,
1788199847.7445018,mouse_move,,1333,1585,
1788199847.7525249,mouse_move,,1332,1585,
1788199847.7686577,mouse_move,,1331,1585,
1788199847.8004768,mouse_move,,1329,1585,
1788199847.8325043,mouse_move,,1328,1586,
1788199847.8404655,mouse_move,,1325,1588,
1788199847.8485,mouse_move,,1322,1590,
1788199847.8564901,mouse_move,,1321,1591,
1788199847.8644905,mouse_move,,1320,1592,
1788199847.8724675,mouse_move,,1319,1593,
1788199847.880502,mouse_move,,1318,1594,
1788199847.8885002,mouse_move,,1315,1596,
1788199847.9045138,mouse_move,,1313,1597,
1788199847.9124947,mouse_move,,1311,1598,
1788199847.9205403,mouse_move,,1309,1599,
1788199847.9285233,mouse_move,,1306,1602,
1788199847.9604785,mouse_move,,1303,1605,
1788199847.9764328,mouse_move,,1300,1608,
1788199848.1605844,mouse_move,,1299,1608,
1788199848.3926208,mouse_click,down,1299,1608,Button.left
1788199848.5126262,mouse_click,up,1299,1608,Button.left
1788199848.5932062,mouse_move,,1298,1608,
1788199850.264682,mouse_move,,1298,1607,
1788199850.2725556,mouse_move,,1298,1604,
1788199850.2804585,mouse_move,,1298,1603,
1788199850.288446,mouse_move,,1298,1602,
1788199850.2964756,mouse_move,,1301,1598,
1788199850.304583,mouse_move,,1304,1595,
1788199850.3124344,mouse_move,,1311,1588,
1788199850.3206325,mouse_move,,1317,1585,
1788199850.3285017,mouse_move,,1322,1580,
1788199850.3364468,mouse_move,,1327,1573,
1788199850.3444724,mouse_move,,1329,1569,
1788199850.35252,mouse_move,,1332,1563,
1788199850.3604972,mouse_move,,1333,1558,
1788199850.3684545,mouse_move,,1335,1554,
1788199850.3763552,mouse_move,,1335,1550,
1788199850.3844457,mouse_move,,1336,1547,
1788199850.3924704,mouse_move,,1337,1544,
1788199850.4004421,mouse_move,,1337,1543,
1788199850.4085772,mouse_move,,1340,1540,
1788199850.5207005,mouse_move,,1340,1542,
1788199850.5291228,mouse_move,,1340,1550,
1788199850.5369627,mouse_move,,1340,1556,
1788199850.5445702,mouse_move,,1340,1560,
1788199850.552551,mouse_move,,1340,1566,
1788199850.560544,mouse_move,,1340,1571,
1788199850.5684748,mouse_move,,1340,1573,
1788199850.5764084,mouse_move,,1340,1577,
1788199850.5844843,mouse_move,,1340,1580,
1788199850.592584,mouse_move,,1340,1581,
1788199850.6004953,mouse_move,,1340,1585,
1788199850.6165655,mouse_move,,1340,1586,
1788199850.6245317,mouse_move,,1340,1587,
1788199850.6325157,mouse_move,,1339,1588,
1788199850.6484778,mouse_move,,1339,1590,
1788199850.688868,mouse_move,,1339,1591,
1788199850.704964,mouse_move,,1337,1592,
1788199850.7205386,mouse_move,,1336,1594,
1788199850.7370434,mouse_move,,1335,1594,
1788199850.7532532,mouse_move,,1334,1594,
1788199850.760454,mouse_move,,1333,1595,
1788199850.7684326,mouse_move,,1332,1597,
1788199850.776484,mouse_move,,1331,1598,
1788199850.7927423,mouse_move,,1329,1598,
1788199850.800503,mouse_move,,1328,1598,
1788199850.8085682,mouse_move,,1327,1598,
1788199850.816566,mouse_move,,1326,1599,
1788199850.8566263,mouse_move,,1325,1599,
1788199851.3210578,mouse_click,down,1325,1599,Button.left
1788199851.4252853,mouse_click,up,1325,1599,Button.left
1788199851.4424334,mouse_move,,1324,1599,
1788199851.5127356,mouse_move,,1324,1598,
1788199851.5289598,mouse_move,,1324,1596,
1788199858.0656888,keyboard,down,,,
1788199858.2492623,keyboard,up,,,
1788199858.3134992,keyboard,down,,,
1788199858.4330451,keyboard,up,,,
1788199858.897706,keyboard,down,,,
1788199859.017659,keyboard,down,,,
1788199859.0652442,keyboard,up,,,
1788199859.153535,keyboard,down,,,
1788199859.1688478,keyboard,up,,,
1788199859.352957,keyboard,up,,,
1788199860.0649374,keyboard,down,,,
1788199860.1765614,keyboard,up,,,
1788199865.04063,mouse_move,,1324,1593,
1788199865.048545,mouse_move,,1324,1582,
1788199865.056412,mouse_move,,1320,1571,
1788199865.0644953,mouse_move,,1309,1556,
1788199865.0723739,mouse_move,,1304,1549,
1788199865.0803955,mouse_move,,1294,1539,
1788199865.0883996,mouse_move,,1290,1535,
1788199865.096391,mouse_move,,1288,1532,
1788199865.1043992,mouse_move,,1284,1531,
1788199865.2085395,mouse_move,,1284,1529,
1788199865.216926,mouse_move,,1288,1527,
1788199865.224394,mouse_move,,1294,1527,
1788199865.232446,mouse_move,,1303,1525,
1788199865.2404,mouse_move,,1314,1523,
1788199865.248459,mouse_move,,1323,1520,
1788199865.25646,mouse_move,,1329,1518,
1788199865.2644813,mouse_move,,1340,1516,
1788199865.2724895,mouse_move,,1357,1508,
1788199865.2804701,mouse_move,,1372,1502,
1788199865.2884276,mouse_move,,1389,1493,
1788199865.2964015,mouse_move,,1406,1482,
1788199865.3044803,mouse_move,,1426,1471,
1788199865.3124769,mouse_move,,1446,1453,
1788199865.3205063,mouse_move,,1463,1440,
1788199865.3284335,mouse_move,,1490,1418,
1788199865.3364162,mouse_move,,1510,1403,
1788199865.344426,mouse_move,,1537,1383,
1788199865.3523927,mouse_move,,1559,1370,
1788199865.3604243,mouse_move,,1577,1355,
1788199865.3684626,mouse_move,,1596,1341,
1788199865.3764057,mouse_move,,1609,1331,
1788199865.384374,mouse_move,,1620,1325,
1788199865.3923948,mouse_move,,1630,1318,
1788199865.4003942,mouse_move,,1635,1313,
1788199865.4083877,mouse_move,,1639,1310,
1788199865.4164107,mouse_move,,1644,1307,
1788199865.4243987,mouse_move,,1645,1306,
1788199865.5285559,mouse_move,,1646,1306,
1788199865.6489139,mouse_move,,1646,1307,
1788199865.9044805,mouse_move,,1646,1306,
1788199865.912443,mouse_move,,1646,1303,
1788199865.9204326,mouse_move,,1646,1299,
1788199865.9364743,mouse_move,,1646,1298,
1788199865.944458,mouse_move,,1646,1296,
1788199866.0964918,mouse_move,,1646,1293,
1788199866.1044567,mouse_move,,1646,1291,
1788199866.11247,mouse_move,,1646,1290,
1788199866.1205802,mouse_move,,1646,1288,
1788199866.1284509,mouse_move,,1646,1287,
1788199866.1524773,mouse_move,,1646,1286,
1788199866.2804697,mouse_move,,1646,1284,
1788199866.288438,mouse_move,,1646,1283,
1788199866.472968,mouse_move,,1644,1281,
1788199866.480467,mouse_move,,1644,1273,
1788199866.4884505,mouse_move,,1641,1268,
1788199866.496439,mouse_move,,1639,1266,
1788199866.5045154,mouse_move,,1637,1264,
1788199866.5764706,mouse_move,,1637,1265,
1788199866.5844429,mouse_move,,1638,1267,
1788199866.600459,mouse_move,,1639,1268,
1788199866.616533,mouse_move,,1639,1271,
1788199866.7125182,mouse_move,,1637,1271,
1788199866.7204123,mouse_move,,1635,1272,
1788199866.7285123,mouse_move,,1634,1273,
1788199866.7364805,mouse_move,,1633,1273,
1788199867.1044781,mouse_move,,1631,1273,
1788199867.208502,mouse_move,,1629,1273,
1788199867.5125031,mouse_move,,1626,1273,
1788199867.5524998,mouse_move,,1625,1273,
1788199867.5924966,mouse_move,,1623,1273,
1788199867.624503,mouse_move,,1622,1273,
1788199867.6324854,mouse_move,,1621,1273,
1788199867.6889238,mouse_move,,1620,1273,
1788199868.056555,mouse_move,,1616,1273,
1788199868.0645893,mouse_move,,1603,1275,
1788199868.0725236,mouse_move,,1589,1281,
1788199868.080501,mouse_move,,1578,1283,
1788199868.0884705,mouse_move,,1564,1285,
1788199868.0963826,mouse_move,,1542,1289,
1788199868.1043823,mouse_move,,1523,1291,
1788199868.1124117,mouse_move,,1507,1293,
1788199868.120383,mouse_move,,1488,1293,
1788199868.128376,mouse_move,,1462,1295,
1788199868.1363723,mouse_move,,1435,1298,
1788199868.1444535,mouse_move,,1408,1300,
1788199868.1524062,mouse_move,,1385,1300,
1788199868.1604254,mouse_move,,1361,1300,
1788199868.1684456,mouse_move,,1337,1300,
1788199868.1764708,mouse_move,,1310,1300,
1788199868.184408,mouse_move,,1287,1300,
1788199868.1924179,mouse_move,,1263,1300,
1788199868.2004452,mouse_move,,1239,1300,
1788199868.2084808,mouse_move,,1210,1300,
1788199868.2164803,mouse_move,,1186,1300,
1788199868.2244618,mouse_move,,1162,1300,
1788199868.2325265,mouse_move,,1144,1300,
1788199868.2404618,mouse_move,,1125,1300,
1788199868.2484326,mouse_move,,1117,1300,
1788199868.2564874,mouse_move,,1111,1300,
1788199868.2645276,mouse_move,,1109,1300,
1788199868.272488,mouse_move,,1108,1300,
1788199868.2884827,mouse_move,,1107,1300,
1788199868.3925402,mouse_move,,1107,1300,
1788199868.4005125,mouse_move,,1111,1298,
1788199868.4083903,mouse_move,,1116,1298,
1788199868.41638,mouse_move,,1120,1295,
1788199868.4244561,mouse_move,,1123,1294,
1788199868.4323847,mouse_move,,1129,1291,
1788199868.4404004,mouse_move,,1138,1289,
1788199868.4483826,mouse_move,,1142,1284,
1788199868.456609,mouse_move,,1151,1283,
1788199868.4646132,mouse_move,,1158,1279,
1788199868.4725432,mouse_move,,1167,1276,
1788199868.4805684,mouse_move,,1173,1274,
1788199868.488536,mouse_move,,1180,1269,
1788199868.4964962,mouse_move,,1184,1268,
1788199868.5046005,mouse_move,,1190,1268,
1788199868.5124912,mouse_move,,1196,1266,
1788199868.5205672,mouse_move,,1199,1265,
1788199868.528544,mouse_move,,1203,1265,
1788199868.5365183,mouse_move,,1206,1263,
1788199868.5449,mouse_move,,1207,1262,
1788199868.6245186,mouse_move,,1208,1262,
1788199868.6324954,mouse_move,,1210,1261,
1788199868.6964903,mouse_move,,1210,1259,
1788199868.7044332,mouse_move,,1211,1256,
1788199868.7124338,mouse_move,,1211,1255,
1788199868.720463,mouse_move,,1212,1252,
1788199868.7284238,mouse_move,,1212,1251,
1788199868.7364419,mouse_move,,1213,1250,
1788199868.7525136,mouse_move,,1215,1247,
1788199868.7684927,mouse_move,,1217,1246,
1788199869.080526,mouse_move,,1218,1246,
1788199869.0884461,mouse_move,,1220,1246,
1788199869.1525102,mouse_move,,1221,1246,
1788199869.3604805,mouse_move,,1222,1247,
1788199869.3684456,mouse_move,,1222,1250,
1788199869.384453,mouse_move,,1222,1251,
1788199869.3924315,mouse_move,,1222,1253,
1788199869.4244854,mouse_move,,1222,1254,
1788199869.6729028,mouse_move,,1222,1256,
1788199869.7684808,mouse_move,,1222,1257,
1788199870.8324988,mouse_move,,1222,1261,
1788199870.8405268,mouse_move,,1222,1263,
1788199870.8484404,mouse_move,,1222,1266,
1788199870.8645453,mouse_move,,1222,1267,
1788199870.8724723,mouse_move,,1222,1268,
1788199870.8885503,mouse_move,,1222,1269,
1788199870.9204857,mouse_move,,1222,1270,
1788199871.9445055,mouse_move,,1222,1271,
1788199871.9604685,mouse_move,,1222,1272,
1788199871.9685028,mouse_move,,1222,1274,
1788199872.5929992,mouse_move,,1221,1275,
1788199872.6325204,mouse_move,,1219,1276,
1788199872.641126,mouse_move,,1219,1277,
1788199872.6812677,mouse_move,,1218,1278,
1788199873.7044706,mouse_move,,1217,1279,
1788199874.4485304,mouse_move,,1216,1280,
1788199874.4645133,mouse_move,,1216,1282,
1788199874.4724638,mouse_move,,1216,1283,
1788199875.6164958,mouse_move,,1216,1284,
1788199875.640647,mouse_move,,1215,1286,
1788199878.144549,mouse_move,,1215,1289,
1788199881.480651,mouse_move,,1213,1293,
1788199882.2965333,mouse_move,,1212,1294,
1788199882.9204946,mouse_move,,1211,1297,
1788199884.2089212,mouse_move,,1211,1298,
1788199884.2168732,mouse_move,,1210,1299,
1788199884.3205137,mouse_move,,1210,1302,
1788199884.7205007,mouse_move,,1219,1305,
1788199884.7285514,mouse_move,,1246,1307,
1788199884.7365015,mouse_move,,1275,1310,
1788199884.7444215,mouse_move,,1310,1317,
1788199884.7526243,mouse_move,,1356,1323,
1788199884.7604759,mouse_move,,1409,1332,
1788199884.7685099,mouse_move,,1465,1338,
1788199884.7764897,mouse_move,,1540,1353,
1788199884.7844892,mouse_move,,1585,1355,
1788199884.7924042,mouse_move,,1654,1369,
1788199884.800413,mouse_move,,1704,1372,
1788199884.8085334,mouse_move,,1751,1381,
1788199884.8165276,mouse_move,,1804,1390,
1788199884.824534,mouse_move,,1841,1398,
1788199884.8324008,mouse_move,,1879,1409,
1788199884.8404806,mouse_move,,1908,1419,
1788199884.8483765,mouse_move,,1930,1425,
1788199884.8563619,mouse_move,,1952,1441,
1788199884.8643472,mouse_move,,1967,1451,
1788199884.872435,mouse_move,,1979,1464,
1788199884.8804712,mouse_move,,1992,1476,
1788199884.8884006,mouse_move,,2000,1491,
1788199884.8964736,mouse_move,,2006,1503,
1788199884.9045668,mouse_move,,2012,1517,
1788199884.9124913,mouse_move,,2014,1533,
1788199884.9203799,mouse_move,,2014,1552,
1788199884.9284883,mouse_move,,2014,1570,
1788199884.9364667,mouse_move,,2011,1587,
1788199884.9444673,mouse_move,,2007,1606,
1788199884.9525864,mouse_move,,1998,1623,
1788199884.960522,mouse_move,,1989,1643,
1788199884.9684956,mouse_move,,1983,1660,
1788199884.9764023,mouse_move,,1972,1682,
1788199884.984587,mouse_move,,1961,1704,
1788199884.992483,mouse_move,,1945,1726,
1788199885.0004683,mouse_move,,1932,1746,
1788199885.00845,mouse_move,,1915,1772,
1788199885.0165024,mouse_move,,1902,1790,
1788199885.0245132,mouse_move,,1887,1805,
1788199885.0323875,mouse_move,,1867,1817,
1788199885.040479,mouse_move,,1847,1814,
1788199885.0485299,mouse_move,,1825,1810,
1788199885.056475,mouse_move,,1806,1806,
1788199885.064547,mouse_move,,1786,1807,
1788199885.0725203,mouse_move,,1762,1801,
1788199885.0804217,mouse_move,,1735,1804,
1788199885.0883932,mouse_move,,1714,1801,
1788199885.0972438,mouse_move,,1693,1799,
1788199885.105044,mouse_move,,1671,1799,
1788199885.1125433,mouse_move,,1647,1799,
1788199885.1204531,mouse_move,,1628,1796,
1788199885.1284869,mouse_move,,1614,1790,
1788199885.136499,mouse_move,,1605,1784,
1788199885.1444144,mouse_move,,1595,1776,
1788199885.1526358,mouse_move,,1589,1767,
1788199885.1604328,mouse_move,,1588,1758,
1788199885.1684434,mouse_move,,1588,1745,
1788199885.1763916,mouse_move,,1588,1731,
1788199885.1845381,mouse_move,,1588,1718,
1788199885.1924124,mouse_move,,1598,1698,
1788199885.2004464,mouse_move,,1618,1680,
1788199885.2084813,mouse_move,,1648,1660,
1788199885.2165797,mouse_move,,1680,1642,
1788199885.2244651,mouse_move,,1722,1618,
1788199885.2324314,mouse_move,,1763,1600,
1788199885.240534,mouse_move,,1802,1586,
1788199885.2484546,mouse_move,,1845,1575,
1788199885.2564576,mouse_move,,1885,1572,
1788199885.2646277,mouse_move,,1927,1563,
1788199885.2725005,mouse_move,,1960,1563,
1788199885.2804976,mouse_move,,1987,1563,
1788199885.2884018,mouse_move,,2011,1563,
1788199885.2964108,mouse_move,,2027,1567,
1788199885.3045878,mouse_move,,2042,1573,
1788199885.312618,mouse_move,,2048,1578,
1788199885.3204575,mouse_move,,2056,1585,
1788199885.3285332,mouse_move,,2059,1594,
1788199885.3365722,mouse_move,,2063,1608,
1788199885.344528,mouse_move,,2063,1617,
1788199885.3525739,mouse_move,,2063,1627,
1788199885.3605506,mouse_move,,2062,1639,
1788199885.3685455,mouse_move,,2058,1653,
1788199885.376396,mouse_move,,2054,1667,
1788199885.384435,mouse_move,,2050,1681,
1788199885.392437,mouse_move,,2047,1690,
1788199885.4004803,mouse_move,,2045,1698,
1788199885.4085248,mouse_move,,2043,1707,
1788199885.416548,mouse_move,,2040,1714,
1788199885.424646,mouse_move,,2039,1720,
1788199885.432411,mouse_move,,2037,1723,
1788199885.4408197,mouse_move,,2037,1727,
1788199885.4485853,mouse_move,,2036,1731,
1788199885.4566386,mouse_move,,2035,1732,
1788199885.464431,mouse_move,,2032,1734,
1788199885.4723895,mouse_move,,2028,1737,
1788199885.4805229,mouse_move,,2023,1740,
1788199885.488451,mouse_move,,2015,1743,
1788199885.496503,mouse_move,,2010,1745,
1788199885.5045607,mouse_move,,2004,1746,
1788199885.512521,mouse_move,,2001,1747,
1788199885.5204134,mouse_move,,1999,1750,
1788199885.5285575,mouse_move,,1996,1752,
1788199885.5364025,mouse_move,,1995,1753,
1788199885.5530403,mouse_move,,1994,1753,
1788199885.568557,mouse_move,,1991,1754,
1788199885.576389,mouse_move,,1990,1754,
1788199885.5844753,mouse_move,,1987,1757,
1788199885.5924757,mouse_move,,1983,1758,
1788199885.6004639,mouse_move,,1980,1758,
1788199885.6085422,mouse_move,,1976,1758,
1788199885.6164446,mouse_move,,1970,1758,
1788199885.6245046,mouse_move,,1966,1758,
1788199885.6324341,mouse_move,,1958,1758,
1788199885.640501,mouse_move,,1952,1758,
1788199885.648426,mouse_move,,1944,1758,
1788199885.6563988,mouse_move,,1940,1758,
1788199885.664444,mouse_move,,1938,1758,
1788199885.6724012,mouse_move,,1936,1758,
1788199885.6804805,mouse_move,,1934,1758,
1788199885.688357,mouse_move,,1932,1758,
1788199885.7045739,mouse_move,,1930,1758,
1788199885.7207932,mouse_move,,1926,1758,
1788199885.7291102,mouse_move,,1925,1758,
1788199885.7366464,mouse_move,,1923,1758,
1788199885.744484,mouse_move,,1921,1758,
1788199885.7527328,mouse_move,,1920,1759,
1788199885.7686057,mouse_move,,1919,1759,
1788199885.7848973,mouse_move,,1918,1759,
1788199885.792585,mouse_move,,1914,1759,
1788199885.8004928,mouse_move,,1913,1759,
1788199885.808537,mouse_move,,1909,1759,
1788199885.816614,mouse_move,,1906,1759,
1788199885.8248808,mouse_move,,1902,1759,
1788199885.8323886,mouse_move,,1899,1759,
1788199885.8409529,mouse_move,,1898,1759,
1788199885.8485277,mouse_move,,1896,1759,
1788199885.8565,mouse_move,,1893,1759,
1788199885.8645504,mouse_move,,1892,1759,
1788199885.8806028,mouse_move,,1888,1759,
1788199885.8969681,mouse_move,,1887,1759,
1788199885.913444,mouse_move,,1886,1759,
1788199885.968954,mouse_move,,1886,1758,
1788199885.984653,mouse_move,,1887,1758,
1788199886.0175085,mouse_click,down,1887,1758,Button.left
1788199886.098165,mouse_click,up,1887,1758,Button.left
1788199886.1444745,mouse_move,,1888,1757,
1788199886.4885461,mouse_move,,1888,1756,
1788199886.49738,mouse_move,,1892,1743,
1788199886.5045364,mouse_move,,1902,1728,
1788199886.5124705,mouse_move,,1913,1706,
1788199886.5204246,mouse_move,,1933,1679,
1788199886.52844,mouse_move,,1955,1655,
1788199886.5364869,mouse_move,,1982,1625,
1788199886.544441,mouse_move,,2013,1594,
1788199886.552518,mouse_move,,2038,1571,
1788199886.5608604,mouse_move,,2060,1556,
1788199886.5689743,mouse_move,,2080,1542,
1788199886.5763695,mouse_move,,2092,1534,
1788199886.5845473,mouse_move,,2099,1531,
1788199886.5929718,mouse_move,,2103,1527,
1788199886.600495,mouse_move,,2106,1525,
1788199886.808573,mouse_move,,2107,1524,
1788199887.912545,mouse_move,,2106,1524,
1788199887.9203968,mouse_move,,2105,1524,
1788199887.9284883,mouse_move,,2102,1524,
1788199887.936485,mouse_move,,2098,1526,
1788199887.9444711,mouse_move,,2089,1531,
1788199887.952489,mouse_move,,2077,1537,
1788199887.960594,mouse_move,,2063,1541,
1788199887.968479,mouse_move,,2044,1550,
1788199887.9763649,mouse_move,,2022,1552,
1788199887.9843917,mouse_move,,2001,1552,
1788199887.992491,mouse_move,,1975,1552,
1788199888.0004315,mouse_move,,1945,1552,
1788199888.0085285,mouse_move,,1909,1552,
1788199888.0165093,mouse_move,,1871,1552,
1788199888.0245407,mouse_move,,1822,1552,
1788199888.0324275,mouse_move,,1749,1546,
1788199888.0403953,mouse_move,,1660,1535,
1788199888.048548,mouse_move,,1578,1509,
1788199888.0565612,mouse_move,,1470,1481,
1788199888.064377,mouse_move,,1372,1450,
1788199888.0724833,mouse_move,,1258,1409,
1788199888.0806036,mouse_move,,1143,1363,
1788199888.0884967,mouse_move,,1036,1306,
1788199888.0963664,mouse_move,,922,1265,
1788199888.1044652,mouse_move,,832,1222,
1788199888.1126323,mouse_move,,749,1188,
1788199888.120481,mouse_move,,685,1153,
1788199888.128514,mouse_move,,653,1134,
1788199888.1365106,mouse_move,,623,1107,
1788199888.144593,mouse_move,,609,1094,
1788199888.1524513,mouse_move,,602,1078,
1788199888.1606028,mouse_move,,598,1066,
1788199888.1685705,mouse_move,,598,1050,
1788199888.1763878,mouse_move,,606,1035,
1788199888.1844456,mouse_move,,614,1023,
1788199888.192562,mouse_move,,629,1008,
1788199888.2003832,mouse_move,,646,995,
1788199888.2084534,mouse_move,,658,985,
1788199888.2165043,mouse_move,,681,972,
1788199888.2244995,mouse_move,,700,963,
1788199888.2328455,mouse_move,,722,954,
1788199888.2405243,mouse_move,,742,948,
1788199888.2485042,mouse_move,,761,939,
1788199888.256486,mouse_move,,780,933,
1788199888.2644775,mouse_move,,805,926,
1788199888.272523,mouse_move,,829,922,
1788199888.2804697,mouse_move,,856,917,
1788199888.2884126,mouse_move,,885,915,
1788199888.2964697,mouse_move,,915,910,
1788199888.304747,mouse_move,,972,904,
1788199888.3124032,mouse_move,,1001,902,
1788199888.320346,mouse_move,,1030,902,
1788199888.3283648,mouse_move,,1066,902,
1788199888.336396,mouse_move,,1105,902,
1788199888.3444486,mouse_move,,1143,902,
1788199888.352669,mouse_move,,1176,902,
1788199888.3604906,mouse_move,,1205,902,
1788199888.368529,mouse_move,,1234,902,
1788199888.376389,mouse_move,,1261,902,
1788199888.3845446,mouse_move,,1279,902,
1788199888.392559,mouse_move,,1298,902,
1788199888.4004018,mouse_move,,1317,902,
1788199888.4085526,mouse_move,,1330,902,
1788199888.4165547,mouse_move,,1346,902,
1788199888.424496,mouse_move,,1349,902,
1788199888.4323883,mouse_move,,1357,902,
1788199888.4405227,mouse_move,,1363,902,
1788199888.448565,mouse_move,,1367,902,
1788199888.4564939,mouse_move,,1371,904,
1788199888.4646618,mouse_move,,1374,907,
1788199888.4723456,mouse_move,,1377,911,
1788199888.4804556,mouse_move,,1377,915,
1788199888.488441,mouse_move,,1379,924,
1788199888.4966576,mouse_move,,1379,932,
1788199888.5045307,mouse_move,,1379,943,
1788199888.5124984,mouse_move,,1374,954,
1788199888.5204065,mouse_move,,1370,966,
1788199888.5283735,mouse_move,,1362,980,
1788199888.53652,mouse_move,,1356,997,
1788199888.5443914,mouse_move,,1345,1012,
1788199888.552562,mouse_move,,1340,1021,
1788199888.560443,mouse_move,,1324,1041,
1788199888.568634,mouse_move,,1320,1053,
1788199888.5764594,mouse_move,,1307,1070,
1788199888.584507,mouse_move,,1299,1080,
1788199888.592494,mouse_move,,1284,1097,
1788199888.600491,mouse_move,,1269,1117,
1788199888.60857,mouse_move,,1254,1132,
1788199888.616514,mouse_move,,1236,1148,
1788199888.6246011,mouse_move,,1222,1156,
1788199888.6325884,mouse_move,,1202,1167,
1788199888.6405475,mouse_move,,1183,1173,
1788199888.6485095,mouse_move,,1161,1182,
1788199888.656474,mouse_move,,1139,1189,
1788199888.6644433,mouse_move,,1117,1193,
1788199888.672428,mouse_move,,1093,1195,
1788199888.6804476,mouse_move,,1061,1195,
1788199888.6884127,mouse_move,,1022,1195,
1788199888.696433,mouse_move,,978,1195,
1788199888.704449,mouse_move,,940,1195,
1788199888.7124586,mouse_move,,886,1195,
1788199888.720402,mouse_move,,853,1195,
1788199888.7285404,mouse_move,,809,1185,
1788199888.736363,mouse_move,,771,1158,
1788199888.7444067,mouse_move,,735,1113,
1788199888.752558,mouse_move,,701,1054,
1788199888.7605522,mouse_move,,652,979,
1788199888.7685084,mouse_move,,610,899,
1788199888.7764077,mouse_move,,569,820,
1788199888.7844698,mouse_move,,534,732,
1788199888.7924998,mouse_move,,503,639,
1788199888.8004131,mouse_move,,477,552,
1788199888.8085048,mouse_move,,454,466,
1788199888.8165631,mouse_move,,443,387,
1788199888.8246906,mouse_move,,437,320,
1788199888.8326764,mouse_move,,437,260,
1788199888.840457,mouse_move,,437,216,
1788199888.848477,mouse_move,,447,173,
1788199888.8565316,mouse_move,,464,137,
1788199888.8645725,mouse_move,,482,105,
1788199888.8724723,mouse_move,,503,77,
1788199888.8804853,mouse_move,,525,53,
1788199888.888475,mouse_move,,543,33,
1788199888.896508,mouse_move,,563,15,
1788199888.9044576,mouse_move,,578,2,
1788199888.9125104,mouse_move,,593,-11,
1788199888.9205103,mouse_move,,607,-8,
1788199888.9287286,mouse_move,,622,-11,
1788199888.936529,mouse_move,,631,-5,
1788199888.9445188,mouse_move,,636,-3,
1788199888.952529,mouse_move,,642,-5,
1788199888.9604619,mouse_move,,647,-3,
1788199888.9685545,mouse_move,,648,0,
1788199888.976613,mouse_move,,652,-1,
1788199889.088544,mouse_move,,653,3,
1788199889.0963664,mouse_move,,655,9,
1788199889.1045506,mouse_move,,658,14,
1788199889.112483,mouse_move,,662,17,
1788199889.1204882,mouse_move,,665,19,
1788199889.1284723,mouse_move,,669,19,
1788199889.1364763,mouse_move,,675,21,
1788199889.1444578,mouse_move,,684,21,
1788199889.1525502,mouse_move,,692,21,
1788199889.1604764,mouse_move,,698,21,
1788199889.1684613,mouse_move,,706,21,
1788199889.1764693,mouse_move,,714,21,
1788199889.1844952,mouse_move,,717,21,
1788199889.192511,mouse_move,,723,21,
1788199889.2004454,mouse_move,,727,21,
1788199889.2084796,mouse_move,,730,21,
1788199889.2166216,mouse_move,,731,21,
1788199889.2245147,mouse_move,,733,21,
1788199889.2324739,mouse_move,,734,21,
1788199889.2646313,mouse_move,,735,21,
1788199889.2725468,mouse_move,,737,21,
1788199889.2885187,mouse_move,,739,21,
1788199889.3445146,mouse_move,,740,21,
1788199889.3604872,mouse_move,,741,21,
1788199889.3927686,mouse_move,,742,21,
1788199889.4253252,mouse_click,down,742,21,Button.left
1788199889.5045805,mouse_click,up,742,21,Button.left
1788199889.5844753,mouse_move,,743,22,
1788199889.6405833,mouse_move,,743,23,
1788199889.6564777,mouse_move,,743,24,
1788199889.6644065,mouse_move,,742,26,
1788199889.6805377,mouse_move,,741,27,
1788199889.7126443,mouse_move,,741,29,
1788199889.7204602,mouse_move,,741,32,
1788199889.72859,mouse_move,,741,33,
1788199889.7365272,mouse_move,,741,35,
1788199889.7526755,mouse_move,,741,36,
1788199889.7606165,mouse_move,,741,37,
1788199889.768524,mouse_move,,741,40,
1788199889.7845366,mouse_move,,746,43,
1788199889.79249,mouse_move,,747,43,
1788199889.8004603,mouse_move,,748,43,
1788199889.8084524,mouse_move,,752,43,
1788199889.8163788,mouse_move,,753,43,
1788199889.824415,mouse_move,,754,43,
1788199889.8410892,mouse_move,,755,43,
1788199889.9532685,mouse_move,,754,43,
1788199889.9610317,mouse_move,,744,43,
1788199889.9689522,mouse_move,,736,43,
1788199889.976526,mouse_move,,725,43,
1788199889.985085,mouse_move,,709,43,
1788199889.9931324,mouse_move,,693,43,
1788199890.0004687,mouse_move,,669,43,
1788199890.0084784,mouse_move,,645,43,
1788199890.0165696,mouse_move,,621,43,
1788199890.0244272,mouse_move,,600,43,
1788199890.0325212,mouse_move,,576,43,
1788199890.0405092,mouse_move,,555,43,
1788199890.0485783,mouse_move,,536,43,
1788199890.0564559,mouse_move,,517,43,
1788199890.0645072,mouse_move,,509,43,
1788199890.0724921,mouse_move,,501,43,
1788199890.0805163,mouse_move,,495,43,
1788199890.0884612,mouse_move,,494,43,
1788199890.0964255,mouse_move,,493,43,
1788199890.224543,mouse_move,,493,43,
1788199890.256435,mouse_move,,494,42,
1788199890.320517,mouse_move,,494,39,
1788199890.3366647,mouse_move,,494,37,
1788199890.34465,mouse_move,,489,35,
1788199890.3525531,mouse_move,,483,35,
1788199890.3605323,mouse_move,,475,33,
1788199890.3684247,mouse_move,,461,33,
1788199890.3763413,mouse_move,,451,33,
1788199890.3850784,mouse_move,,440,33,
1788199890.392465,mouse_move,,421,33,
1788199890.4007175,mouse_move,,408,33,
1788199890.408533,mouse_move,,392,33,
1788199890.4167616,mouse_move,,380,30,
1788199890.4243758,mouse_move,,369,28,
1788199890.4324408,mouse_move,,361,28,
1788199890.4404502,mouse_move,,356,28,
1788199890.4484956,mouse_move,,354,28,
1788199890.4564254,mouse_move,,351,28,
1788199890.4646027,mouse_move,,349,26,
1788199890.480481,mouse_move,,346,26,
1788199890.4885025,mouse_move,,342,26,
1788199890.496527,mouse_move,,336,26,
1788199890.5044954,mouse_move,,328,26,
1788199890.5124412,mouse_move,,317,26,
1788199890.5204074,mouse_move,,306,26,
1788199890.5284863,mouse_move,,290,26,
1788199890.536479,mouse_move,,277,26,
1788199890.5444438,mouse_move,,266,26,
1788199890.5526035,mouse_move,,252,26,
1788199890.560501,mouse_move,,244,26,
1788199890.5685046,mouse_move,,238,25,
1788199890.5765445,mouse_move,,235,25,
1788199890.5844362,mouse_move,,229,25,
1788199890.592479,mouse_move,,227,25,
1788199890.6005588,mouse_move,,222,25,
1788199890.608524,mouse_move,,221,25,
1788199890.6245167,mouse_move,,220,25,
1788199890.6325562,mouse_move,,218,25,
1788199890.648454,mouse_move,,217,25,
1788199890.664522,mouse_move,,215,25,
1788199890.6809857,mouse_move,,214,25,
1788199890.6885166,mouse_move,,213,25,
1788199890.696511,mouse_move,,211,25,
1788199890.7045937,mouse_move,,208,25,
1788199890.7125397,mouse_move,,206,25,
1788199890.7204137,mouse_move,,203,25,
1788199890.7284417,mouse_move,,199,25,
1788199890.7364101,mouse_move,,196,25,
1788199890.764366,mouse_move,,183,25,
1788199890.7684128,mouse_move,,182,25,
1788199890.784473,mouse_move,,180,22,
1788199890.8324678,mouse_move,,179,22,
1788199890.84048,mouse_move,,177,22,
1788199890.8485305,mouse_move,,176,21,
1788199890.9045458,mouse_move,,175,21,
1788199891.0569994,mouse_move,,177,21,
1788199891.0647998,mouse_move,,183,21,
1788199891.0726423,mouse_move,,191,21,
1788199891.0806074,mouse_move,,199,21,
1788199891.0883853,mouse_move,,212,21,
1788199891.0965295,mouse_move,,223,21,
1788199891.1045039,mouse_move,,242,21,
1788199891.1125526,mouse_move,,258,21,
1788199891.1204448,mouse_move,,271,21,
1788199891.1285207,mouse_move,,282,21,
1788199891.136517,mouse_move,,298,21,
1788199891.144405,mouse_move,,309,21,
1788199891.1525037,mouse_move,,320,21,
1788199891.1606731,mouse_move,,326,22,
1788199891.1685667,mouse_move,,330,22,
1788199891.1764035,mouse_move,,331,22,
1788199891.3849013,mouse_click,down,331,22,Button.left
1788199891.48863,mouse_click,up,331,22,Button.left
1788199891.5445018,mouse_move,,333,23,
1788199891.5524526,mouse_move,,334,24,
1788199891.5856147,mouse_move,,335,28,
1788199891.5925233,mouse_move,,338,31,
1788199891.6085582,mouse_move,,341,32,
1788199891.616478,mouse_move,,342,33,
1788199891.632448,mouse_move,,343,34,
1788199891.6404014,mouse_move,,344,35,
1788199891.9291077,mouse_click,down,344,35,Button.left
1788199892.0093129,mouse_click,up,344,35,Button.left
1788199892.0485034,mouse_move,,344,35,
1788199892.0565162,mouse_move,,343,34,
1788199892.1045375,mouse_move,,340,34,
1788199892.1365538,mouse_move,,339,34,
1788199892.152524,mouse_move,,338,33,
1788199892.2325115,mouse_move,,337,33,
1788199892.4567447,mouse_click,down,337,33,Button.left
1788199892.5606246,mouse_click,up,337,33,Button.left
1788199892.952993,mouse_click,down,337,33,Button.left
1788199893.0407484,mouse_click,up,337,33,Button.left
1788199893.4565806,mouse_click,down,337,33,Button.left
1788199893.5611556,mouse_click,up,337,33,Button.left
1788199893.8966494,mouse_move,,335,33,
1788199894.0650303,mouse_click,down,335,33,Button.left
1788199894.160924,mouse_click,up,335,33,Button.left
1788199895.1927588,mouse_click,down,335,33,Button.left
1788199895.3127227,mouse_click,up,335,33,Button.left
1788199896.0411804,mouse_click,down,335,33,Button.left
1788199896.1685786,mouse_click,up,335,33,Button.left
1788199896.9929183,mouse_move,,338,33,
1788199897.0004134,mouse_move,,342,33,
1788199897.0084383,mouse_move,,348,33,
1788199897.0164628,mouse_move,,356,33,
1788199897.0245013,mouse_move,,364,33,
1788199897.0325692,mouse_move,,375,33,
1788199897.0406082,mouse_move,,391,33,
1788199897.0485573,mouse_move,,405,33,
1788199897.0565252,mouse_move,,423,33,
1788199897.0647054,mouse_move,,439,33,
1788199897.0726135,mouse_move,,453,33,
1788199897.080481,mouse_move,,469,33,
1788199897.0885248,mouse_move,,480,33,
1788199897.0965009,mouse_move,,491,33,
1788199897.1045103,mouse_move,,501,33,
1788199897.1124578,mouse_move,,507,33,
1788199897.1205192,mouse_move,,513,33,
1788199897.128472,mouse_move,,516,33,
1788199897.136487,mouse_move,,518,33,
1788199897.1446424,mouse_move,,521,33,
1788199897.1530056,mouse_move,,524,32,
1788199897.1605191,mouse_move,,528,32,
1788199897.1684325,mouse_move,,529,32,
1788199897.176644,mouse_move,,534,32,
1788199897.184559,mouse_move,,541,28,
1788199897.1925097,mouse_move,,543,28,
1788199897.2004724,mouse_move,,549,27,
1788199897.2086198,mouse_move,,555,27,
1788199897.216486,mouse_move,,562,25,
1788199897.224613,mouse_move,,566,25,
1788199897.2325683,mouse_move,,572,24,
1788199897.2405417,mouse_move,,578,24,
1788199897.2486236,mouse_move,,586,21,
1788199897.2565005,mouse_move,,588,21,
1788199897.2645466,mouse_move,,590,19,
1788199897.2726989,mouse_move,,591,19,
1788199897.2806094,mouse_move,,592,19,
1788199897.3205338,mouse_move,,593,18,
1788199897.384496,mouse_move,,595,18,
1788199897.4325233,mouse_click,down,595,18,Button.left
1788199897.4485605,mouse_move,,597,18,
1788199897.5206726,mouse_click,up,597,18,Button.left
1788199897.6730537,mouse_move,,597,18,
1788199897.6809883,mouse_move,,597,21,
1788199897.6885974,mouse_move,,597,25,
1788199897.6965058,mouse_move,,595,29,
1788199897.7046342,mouse_move,,594,38,
1788199897.7124767,mouse_move,,590,47,
1788199897.720394,mouse_move,,588,60,
1788199897.7284417,mouse_move,,586,77,
1788199897.7363994,mouse_move,,586,95,
1788199897.7444086,mouse_move,,586,119,
1788199897.7524595,mouse_move,,586,148,
1788199897.7605207,mouse_move,,593,183,
1788199897.7684298,mouse_move,,598,224,
1788199897.7764044,mouse_move,,613,273,
1788199897.7844768,mouse_move,,629,323,
1788199897.792431,mouse_move,,648,373,
1788199897.8004422,mouse_move,,675,430,
1788199897.808552,mouse_move,,694,481,
1788199897.8165092,mouse_move,,726,530,
1788199897.8244421,mouse_move,,755,578,
1788199897.8324869,mouse_move,,783,621,
1788199897.8404453,mouse_move,,810,660,
1788199897.848448,mouse_move,,846,709,
1788199897.8564448,mouse_move,,882,742,
1788199897.864501,mouse_move,,921,772,
1788199897.8724375,mouse_move,,955,798,
1788199897.8804467,mouse_move,,1004,830,
1788199897.888437,mouse_move,,1057,860,
1788199897.896415,mouse_move,,1102,878,
1788199897.9044213,mouse_move,,1149,903,
1788199897.9124632,mouse_move,,1180,919,
1788199897.9204538,mouse_move,,1211,934,
1788199897.9284852,mouse_move,,1250,948,
1788199897.9364877,mouse_move,,1272,959,
1788199897.9444623,mouse_move,,1297,970,
1788199897.9526472,mouse_move,,1322,979,
1788199897.9604456,mouse_move,,1341,984,
1788199897.968449,mouse_move,,1360,990,
1788199897.976438,mouse_move,,1372,994,
1788199897.9845018,mouse_move,,1388,1000,
1788199897.9925084,mouse_move,,1398,1004,
1788199898.000462,mouse_move,,1400,1004,
1788199898.008563,mouse_move,,1407,1009,
1788199898.0166373,mouse_move,,1409,1010,
1788199898.0245132,mouse_move,,1411,1010,
1788199898.0324843,mouse_move,,1412,1010,
1788199898.080567,mouse_move,,1413,1010,
1788199898.1764493,mouse_move,,1414,1011,
1788199898.2085638,mouse_move,,1414,1012,
1788199898.4005284,mouse_move,,1414,1012,
1788199898.4569166,mouse_move,,1413,1012,
1788199898.4644363,mouse_move,,1412,1012,
1788199898.529325,mouse_move,,1412,1010,
1788199898.744542,mouse_move,,1412,1009,
1788199898.7524645,mouse_move,,1410,1008,
1788199898.768423,mouse_move,,1409,1006,
1788199899.0726855,mouse_move,,1407,1004,
1788199899.0805519,mouse_move,,1406,1003,
1788199899.0971425,mouse_move,,1404,1002,
1788199899.1044707,mouse_move,,1403,1000,
1788199899.112435,mouse_move,,1401,999,
1788199899.120428,mouse_move,,1394,994,
1788199899.1283824,mouse_move,,1390,990,
1788199899.136432,mouse_move,,1380,982,
1788199899.1444626,mouse_move,,1367,967,
1788199899.152485,mouse_move,,1354,952,
1788199899.1604435,mouse_move,,1327,930,
1788199899.1683908,mouse_move,,1293,901,
1788199899.1764567,mouse_move,,1258,872,
1788199899.1843836,mouse_move,,1207,832,
1788199899.1925037,mouse_move,,1160,785,
1788199899.2004406,mouse_move,,1106,723,
1788199899.2083745,mouse_move,,1036,649,
1788199899.216429,mouse_move,,987,593,
1788199899.2243965,mouse_move,,931,526,
1788199899.2323897,mouse_move,,873,468,
1788199899.2403677,mouse_move,,838,423,
1788199899.2484512,mouse_move,,801,373,
1788199899.2564123,mouse_move,,781,345,
1788199899.2644317,mouse_move,,772,326,
1788199899.272487,mouse_move,,766,311,
1788199899.280458,mouse_move,,766,300,
1788199899.288402,mouse_move,,766,292,
1788199899.2963972,mouse_move,,767,281,
1788199899.3045192,mouse_move,,772,274,
1788199899.312459,mouse_move,,779,269,
1788199899.3203785,mouse_move,,784,264,
1788199899.3284824,mouse_move,,790,261,
1788199899.3364956,mouse_move,,800,255,
1788199899.3443618,mouse_move,,806,252,
1788199899.3524363,mouse_move,,813,249,
1788199899.360475,mouse_move,,819,247,
1788199899.3684254,mouse_move,,826,244,
1788199899.3763542,mouse_move,,832,241,
1788199899.3844936,mouse_move,,837,239,
1788199899.392423,mouse_move,,839,239,
1788199899.4246454,mouse_move,,840,239,
1788199899.497262,mouse_move,,840,240,
1788199899.5051067,mouse_move,,843,243,
1788199899.5125,mouse_move,,844,246,
1788199899.5204003,mouse_move,,845,247,
1788199899.5287364,mouse_move,,848,249,
1788199899.5368128,mouse_move,,851,252,
1788199899.5444577,mouse_move,,852,253,
1788199899.5525985,mouse_move,,856,253,
1788199899.5605247,mouse_move,,862,253,
1788199899.5685024,mouse_move,,872,253,
1788199899.5764027,mouse_move,,886,252,
1788199899.5845678,mouse_move,,908,241,
1788199899.5925984,mouse_move,,931,223,
1788199899.6006157,mouse_move,,980,190,
1788199899.6085067,mouse_move,,1040,148,
1788199899.6166067,mouse_move,,1122,89,
1788199899.6245737,mouse_move,,1173,45,
1788199899.6324646,mouse_move,,1243,-3,
1788199899.6404185,mouse_move,,1322,-38,
1788199899.6485708,mouse_move,,1386,-35,
1788199899.6564734,mouse_move,,1457,-25,
1788199899.66439,mouse_move,,1519,-24,
1788199899.6725554,mouse_move,,1563,-15,
1788199899.6805143,mouse_move,,1605,-8,
1788199899.688407,mouse_move,,1641,-5,
1788199899.6969311,mouse_move,,1672,-5,
1788199899.7045045,mouse_move,,1698,-2,
1788199899.7124553,mouse_move,,1717,0,
1788199899.7203662,mouse_move,,1733,0,
1788199899.7284184,mouse_move,,1741,0,
1788199899.7364964,mouse_move,,1755,0,
1788199899.7444084,mouse_move,,1759,0,
1788199899.752449,mouse_move,,1765,0,
1788199899.7604575,mouse_move,,1769,0,
1788199899.7684643,mouse_move,,1774,0,
1788199899.7764056,mouse_move,,1780,0,
1788199899.7844808,mouse_move,,1788,0,
1788199899.792473,mouse_move,,1796,0,
1788199899.8004036,mouse_move,,1807,0,
1788199899.8084931,mouse_move,,1821,4,
1788199899.8165443,mouse_move,,1832,4,
1788199899.824471,mouse_move,,1838,6,
1788199899.8325005,mouse_move,,1844,8,
1788199899.8404956,mouse_move,,1850,8,
1788199899.8485606,mouse_move,,1853,9,
1788199899.856419,mouse_move,,1856,9,
1788199899.864508,mouse_move,,1857,10,
1788199899.904607,mouse_move,,1858,11,
1788199899.920446,mouse_move,,1859,11,
1788199899.9364386,mouse_move,,1860,11,
1788199900.088745,mouse_move,,1860,11,
1788199900.1051767,mouse_move,,1856,11,
1788199900.1129339,mouse_move,,1854,11,
1788199900.1209815,mouse_move,,1848,11,
1788199900.1290753,mouse_move,,1845,11,
1788199900.1370752,mouse_move,,1839,11,
1788199900.1450627,mouse_move,,1833,11,
1788199900.1527839,mouse_move,,1827,11,
1788199900.1610732,mouse_move,,1823,11,
1788199900.1690676,mouse_move,,1817,11,
1788199900.1772432,mouse_move,,1811,11,
1788199900.1844044,mouse_move,,1803,11,
1788199900.192522,mouse_move,,1797,11,
1788199900.2009819,mouse_move,,1789,11,
1788199900.2084856,mouse_move,,1785,11,
1788199900.2169058,mouse_move,,1777,11,
1788199900.224492,mouse_move,,1763,11,
1788199900.2329764,mouse_move,,1755,11,
1788199900.2408893,mouse_move,,1744,11,
1788199900.2485666,mouse_move,,1733,11,
1788199900.2569451,mouse_move,,1727,11,
1788199900.2644958,mouse_move,,1721,11,
1788199900.2731087,mouse_move,,1719,11,
1788199900.2806127,mouse_move,,1718,11,
1788199900.2889736,mouse_move,,1715,11,
1788199900.2970479,mouse_move,,1714,11,
1788199900.3853095,mouse_click,down,1714,11,Button.left
1788199900.4806044,mouse_click,up,1714,11,Button.left
1788199900.6250823,mouse_move,,1714,11,
1788199900.6325355,mouse_move,,1720,11,
1788199900.6404974,mouse_move,,1731,11,
1788199900.648429,mouse_move,,1741,11,
1788199900.656502,mouse_move,,1755,11,
1788199900.664541,mouse_move,,1768,11,
1788199900.6724255,mouse_move,,1787,11,
1788199900.6804652,mouse_move,,1808,11,
1788199900.6884437,mouse_move,,1829,11,
1788199900.696557,mouse_move,,1848,11,
1788199900.70445,mouse_move,,1864,11,
1788199900.712459,mouse_move,,1883,11,
1788199900.7205122,mouse_move,,1901,11,
1788199900.7284877,mouse_move,,1915,11,
1788199900.7364864,mouse_move,,1928,11,
1788199900.7444484,mouse_move,,1939,11,
1788199900.7524874,mouse_move,,1945,11,
1788199900.760558,mouse_move,,1948,11,
1788199900.768536,mouse_move,,1949,11,
1788199900.7764835,mouse_move,,1951,11,
1788199900.7924583,mouse_move,,1952,11,
1788199900.8725343,mouse_move,,1954,11,
1788199900.8884423,mouse_move,,1956,10,
1788199901.033102,mouse_click,down,1956,10,Button.left
1788199901.112726,mouse_click,up,1956,10,Button.left
1788199901.2164562,mouse_move,,1951,10,
1788199901.2243497,mouse_move,,1932,17,
1788199901.2324126,mouse_move,,1920,19,
1788199901.2403758,mouse_move,,1904,23,
1788199901.2485774,mouse_move,,1882,30,
1788199901.2563453,mouse_move,,1860,36,
1788199901.264441,mouse_move,,1833,38,
1788199901.2724307,mouse_move,,1803,45,
1788199901.2805219,mouse_move,,1768,48,
1788199901.2884834,mouse_move,,1727,53,
1788199901.2964828,mouse_move,,1675,63,
1788199901.3045042,mouse_move,,1597,70,
1788199901.312486,mouse_move,,1523,84,
1788199901.3204212,mouse_move,,1439,95,
1788199901.3284502,mouse_move,,1360,105,
1788199901.336446,mouse_move,,1281,116,
1788199901.3443928,mouse_move,,1209,123,
1788199901.3525584,mouse_move,,1129,138,
1788199901.3604627,mouse_move,,1068,141,
1788199901.3684611,mouse_move,,1027,146,
1788199901.3763764,mouse_move,,982,149,
1788199901.3844938,mouse_move,,949,149,
1788199901.39251,mouse_move,,928,149,
1788199901.400453,mouse_move,,912,149,
1788199901.4084578,mouse_move,,901,149,
1788199901.4164567,mouse_move,,897,149,
1788199901.4244602,mouse_move,,896,149,
1788199901.6009657,mouse_move,,897,149,
1788199901.608756,mouse_move,,903,147,
1788199901.616587,mouse_move,,910,144,
1788199901.6245334,mouse_move,,913,141,
1788199901.6327837,mouse_move,,916,139,
1788199901.6407378,mouse_move,,918,138,
1788199901.6484969,mouse_move,,921,137,
1788199901.6564293,mouse_move,,924,137,
1788199901.6644871,mouse_move,,925,136,
1788199901.7448514,mouse_click,down,925,136,Button.left
1788199901.841638,mouse_click,up,925,136,Button.left
1788199904.1769915,keyboard,down,,,
1788199904.320838,keyboard,up,,,
1788199904.3768673,keyboard,down,,,
1788199904.5368145,keyboard,up,,,
1788199905.640829,mouse_move,,930,134,
1788199905.6491952,mouse_move,,949,132,
1788199905.6567497,mouse_move,,962,132,
1788199905.6648133,mouse_move,,978,132,
1788199905.6730757,mouse_move,,987,132,
1788199905.6803699,mouse_move,,991,132,
1788199905.8726428,mouse_move,,992,134,
1788199905.8804116,mouse_move,,986,147,
1788199905.8884296,mouse_move,,982,163,
1788199905.8963652,mouse_move,,976,180,
1788199905.9044416,mouse_move,,973,196,
1788199905.9124305,mouse_move,,971,213,
1788199905.9203587,mouse_move,,971,226,
1788199905.9284575,mouse_move,,971,242,
1788199905.9367614,mouse_move,,967,259,
1788199905.9444034,mouse_move,,965,270,
1788199905.9525673,mouse_move,,964,279,
1788199905.9604304,mouse_move,,962,283,
1788199905.9684165,mouse_move,,959,292,
1788199905.9764051,mouse_move,,957,294,
1788199905.9845707,mouse_move,,956,297,
1788199905.9925258,mouse_move,,955,303,
1788199906.0086641,mouse_move,,952,306,
1788199906.0492167,mouse_move,,950,309,
1788199906.1539276,mouse_click,down,950,309,Button.left
1788199906.2646337,mouse_click,up,950,309,Button.left
1788199906.608679,mouse_move,,943,297,
1788199906.6165068,mouse_move,,933,285,
1788199906.6245074,mouse_move,,922,270,
1788199906.6323564,mouse_move,,912,258,
1788199906.6404307,mouse_move,,907,253,
1788199906.6485167,mouse_move,,903,250,
1788199906.6564732,mouse_move,,894,245,
1788199906.6885004,mouse_move,,893,244,
1788199906.7284477,mouse_move,,892,245,
1788199906.7364326,mouse_move,,888,262,
1788199906.7445283,mouse_move,,888,268,
1788199906.7524726,mouse_move,,888,272,
1788199906.7604532,mouse_move,,888,277,
1788199906.7684186,mouse_move,,890,283,
1788199906.7763922,mouse_move,,895,288,
1788199906.784349,mouse_move,,900,292,
1788199906.792498,mouse_move,,902,294,
1788199906.808465,mouse_move,,904,294,
1788199906.8245292,mouse_move,,905,294,
1788199906.8325355,mouse_move,,909,294,
1788199906.8404684,mouse_move,,910,294,
1788199906.8483837,mouse_move,,915,294,
1788199906.856456,mouse_move,,921,294,
1788199906.8644996,mouse_move,,923,294,
1788199906.8724449,mouse_move,,929,294,
1788199906.8804514,mouse_move,,938,297,
1788199906.8885922,mouse_move,,947,301,
1788199906.896427,mouse_move,,958,304,
1788199906.904507,mouse_move,,968,308,
1788199906.9125037,mouse_move,,977,314,
1788199906.9203866,mouse_move,,997,325,
1788199906.9284482,mouse_move,,1011,333,
1788199906.936534,mouse_move,,1031,344,
1788199906.9444544,mouse_move,,1053,355,
1788199906.9523993,mouse_move,,1073,366,
1788199906.9604113,mouse_move,,1092,377,
1788199906.9687796,mouse_move,,1117,386,
1788199906.9765475,mouse_move,,1136,392,
1788199906.9843476,mouse_move,,1153,401,
1788199906.9924622,mouse_move,,1170,409,
1788199907.0004334,mouse_move,,1184,413,
1788199907.0083954,mouse_move,,1194,419,
1788199907.0164127,mouse_move,,1202,421,
1788199907.0244272,mouse_move,,1211,424,
1788199907.0323787,mouse_move,,1216,429,
1788199907.040344,mouse_move,,1217,433,
1788199907.04845,mouse_move,,1219,439,
1788199907.0564523,mouse_move,,1219,442,
1788199907.064449,mouse_move,,1219,443,
1788199907.2324502,mouse_move,,1212,438,
1788199907.2404056,mouse_move,,1192,422,
1788199907.2485018,mouse_move,,1187,415,
1788199907.2564669,mouse_move,,1186,413,
1788199907.2645793,mouse_move,,1186,410,
1788199907.2804708,mouse_move,,1186,406,
1788199907.2884345,mouse_move,,1187,405,
1788199907.392575,mouse_move,,1187,405,
1788199907.4004416,mouse_move,,1186,412,
1788199907.4085245,mouse_move,,1186,413,
1788199907.4164174,mouse_move,,1186,418,
1788199907.4245932,mouse_move,,1188,423,
1788199907.4324312,mouse_move,,1188,429,
1788199907.440456,mouse_move,,1189,437,
1788199907.4484668,mouse_move,,1191,448,
1788199907.4564602,mouse_move,,1197,463,
1788199907.4645286,mouse_move,,1199,476,
1788199907.472496,mouse_move,,1210,496,
1788199907.4804416,mouse_move,,1216,510,
1788199907.4884918,mouse_move,,1225,530,
1788199907.4965174,mouse_move,,1234,549,
1788199907.5044491,mouse_move,,1247,572,
1788199907.5126197,mouse_move,,1256,591,
1788199907.5205317,mouse_move,,1270,617,
1788199907.5288231,mouse_move,,1284,642,
1788199907.536479,mouse_move,,1295,665,
1788199907.5444198,mouse_move,,1306,687,
1788199907.5524821,mouse_move,,1317,707,
1788199907.5604763,mouse_move,,1328,726,
1788199907.568455,mouse_move,,1338,743,
1788199907.576462,mouse_move,,1344,755,
1788199907.584477,mouse_move,,1353,770,
1788199907.5924268,mouse_move,,1361,782,
1788199907.6004477,mouse_move,,1364,791,
1788199907.608602,mouse_move,,1368,800,
1788199907.616521,mouse_move,,1372,809,
1788199907.6244836,mouse_move,,1377,821,
1788199907.6324449,mouse_move,,1381,832,
1788199907.6403928,mouse_move,,1383,841,
1788199907.6485212,mouse_move,,1386,847,
1788199907.656458,mouse_move,,1386,849,
1788199907.6644256,mouse_move,,1386,850,
1788199907.8084457,mouse_move,,1387,850,
1788199908.3844697,mouse_move,,1387,850,
1788199908.4004653,mouse_move,,1386,851,
1788199908.4086883,mouse_move,,1386,855,
1788199908.416591,mouse_move,,1386,856,
1788199908.480454,mouse_move,,1386,860,
1788199908.488428,mouse_move,,1386,866,
1788199908.5046968,mouse_move,,1383,867,
1788199908.512441,mouse_move,,1382,871,
1788199908.5204706,mouse_move,,1381,873,
1788199908.5284708,mouse_move,,1378,878,
1788199908.5365477,mouse_move,,1377,879,
1788199908.5444782,mouse_move,,1376,880,
1788199908.5524707,mouse_move,,1373,883,
1788199908.5604515,mouse_move,,1372,884,
1788199908.56905,mouse_move,,1367,885,
1788199908.5765421,mouse_move,,1366,887,
1788199908.5844529,mouse_move,,1364,889,
1788199908.592457,mouse_move,,1361,892,
1788199908.6005046,mouse_move,,1360,896,
1788199908.6084847,mouse_move,,1357,905,
1788199908.6165118,mouse_move,,1351,917,
1788199908.6244452,mouse_move,,1347,933,
1788199908.6325123,mouse_move,,1343,945,
1788199908.6404636,mouse_move,,1337,959,
1788199908.6487005,mouse_move,,1329,969,
1788199908.6564407,mouse_move,,1321,983,
1788199908.6643775,mouse_move,,1313,990,
1788199908.6725018,mouse_move,,1306,996,
1788199908.680508,mouse_move,,1299,1003,
1788199908.688377,mouse_move,,1295,1006,
1788199908.696468,mouse_move,,1288,1011,
1788199908.7043605,mouse_move,,1284,1014,
1788199908.712519,mouse_move,,1275,1021,
1788199908.720389,mouse_move,,1268,1024,
1788199908.7284126,mouse_move,,1259,1030,
1788199908.7364607,mouse_move,,1254,1033,
1788199908.7444515,mouse_move,,1244,1040,
1788199908.752597,mouse_move,,1239,1041,
1788199908.7603996,mouse_move,,1236,1044,
1788199908.7684004,mouse_move,,1232,1046,
1788199908.7764547,mouse_move,,1229,1047,
1788199908.7844863,mouse_move,,1228,1048,
1788199908.7925155,mouse_move,,1226,1048,
1788199908.8004544,mouse_move,,1225,1048,
1788199908.8084295,mouse_move,,1223,1048,
1788199908.912544,mouse_move,,1222,1048,
1788199908.9203634,mouse_move,,1222,1047,
1788199908.9365244,mouse_move,,1222,1046,
1788199908.9447887,mouse_move,,1222,1045,
1788199908.9606922,mouse_move,,1221,1042,
1788199908.9764667,mouse_move,,1221,1041,
1788199908.984551,mouse_move,,1221,1040,
1788199908.992537,mouse_move,,1221,1039,
1788199909.0004447,mouse_move,,1221,1035,
1788199909.0084014,mouse_move,,1221,1032,
1788199909.0165036,mouse_move,,1221,1028,
1788199909.0245242,mouse_move,,1221,1025,
1788199909.0325706,mouse_move,,1221,1021,
1788199909.0404572,mouse_move,,1222,1017,
1788199909.0484242,mouse_move,,1222,1012,
1788199909.056457,mouse_move,,1224,1010,
1788199909.0644543,mouse_move,,1224,1007,
1788199909.0723946,mouse_move,,1224,1005,
1788199909.0804741,mouse_move,,1224,1000,
1788199909.0884404,mouse_move,,1226,998,
1788199909.096507,mouse_move,,1227,996,
1788199909.1044993,mouse_move,,1227,994,
1788199909.1124907,mouse_move,,1228,991,
1788199909.1204646,mouse_move,,1229,990,
1788199909.1284847,mouse_move,,1231,990,
1788199909.1367793,mouse_move,,1232,989,
1788199909.1445217,mouse_move,,1233,989,
1788199909.2885492,mouse_click,down,1233,989,Button.left
1788199909.4087462,mouse_click,up,1233,989,Button.left
1788199911.0971057,mouse_move,,1234,989,
1788199912.024645,mouse_move,,1234,990,
1788199912.0323882,mouse_move,,1234,991,
1788199912.3612428,mouse_move,,1235,991,
1788199912.3685,mouse_move,,1236,993,
1788199912.376479,mouse_move,,1240,994,
1788199912.3844893,mouse_move,,1241,994,
1788199912.3924673,mouse_move,,1244,995,
1788199912.4004667,mouse_move,,1247,998,
1788199912.4085195,mouse_move,,1249,998,
1788199912.416399,mouse_move,,1252,999,
1788199912.4245644,mouse_move,,1254,999,
1788199912.432399,mouse_move,,1256,1000,
1788199912.4485404,mouse_move,,1258,1002,
1788199912.528524,mouse_move,,1259,1003,
1788199912.6329112,mouse_move,,1259,1004,
1788199912.6408672,mouse_move,,1259,1005,
1788199912.6487885,mouse_move,,1259,1006,
1788199912.8326192,mouse_move,,1259,1009,
1788199912.8403978,mouse_move,,1259,1010,
1788199912.8484178,mouse_move,,1259,1012,
1788199912.856386,mouse_move,,1259,1016,
1788199912.8643672,mouse_move,,1259,1022,
1788199912.8724356,mouse_move,,1259,1027,
1788199912.8804004,mouse_move,,1259,1035,
1788199912.8891149,mouse_move,,1263,1051,
1788199912.8964913,mouse_move,,1265,1065,
1788199912.9044962,mouse_move,,1267,1084,
1788199912.9124918,mouse_move,,1267,1103,
1788199912.9204788,mouse_move,,1267,1119,
1788199912.9284415,mouse_move,,1264,1135,
1788199912.9365644,mouse_move,,1260,1147,
1788199912.944562,mouse_move,,1255,1156,
1788199912.9524276,mouse_move,,1251,1165,
1788199912.9605546,mouse_move,,1246,1174,
1788199912.9683983,mouse_move,,1243,1177,
1788199912.976401,mouse_move,,1241,1180,
1788199912.9843671,mouse_move,,1240,1181,
1788199912.9924257,mouse_move,,1238,1182,
1788199913.0487075,mouse_move,,1237,1182,
1788199913.0567868,mouse_move,,1233,1181,
1788199913.064392,mouse_move,,1233,1180,
1788199913.072728,mouse_move,,1231,1176,
1788199913.0804095,mouse_move,,1231,1173,
1788199913.0884423,mouse_move,,1230,1170,
1788199913.0965579,mouse_move,,1228,1164,
1788199913.1044407,mouse_move,,1228,1158,
1788199913.1124165,mouse_move,,1225,1152,
1788199913.1203532,mouse_move,,1225,1141,
1788199913.128379,mouse_move,,1225,1130,
1788199913.1364896,mouse_move,,1225,1119,
1788199913.1444197,mouse_move,,1225,1101,
1788199913.1523883,mouse_move,,1226,1079,
1788199913.16046,mouse_move,,1240,1057,
1788199913.1685038,mouse_move,,1253,1042,
1788199913.1763947,mouse_move,,1273,1024,
1788199913.1846154,mouse_move,,1295,1013,
1788199913.192475,mouse_move,,1319,1004,
1788199913.2004883,mouse_move,,1339,998,
1788199913.2083676,mouse_move,,1370,988,
1788199913.2164397,mouse_move,,1399,986,
1788199913.2244153,mouse_move,,1448,986,
1788199913.23246,mouse_move,,1488,987,
1788199913.2404604,mouse_move,,1532,1002,
1788199913.2484405,mouse_move,,1579,1027,
1788199913.2564666,mouse_move,,1626,1049,
1788199913.264331,mouse_move,,1664,1076,
1788199913.2723927,mouse_move,,1700,1108,
1788199913.280376,mouse_move,,1724,1130,
1788199913.2883973,mouse_move,,1752,1161,
1788199913.2965376,mouse_move,,1767,1181,
1788199913.3045118,mouse_move,,1785,1214,
1788199913.312935,mouse_move,,1801,1236,
1788199913.3203998,mouse_move,,1814,1259,
1788199913.3290114,mouse_move,,1823,1278,
1788199913.3365853,mouse_move,,1831,1295,
1788199913.3444595,mouse_move,,1835,1312,
1788199913.352552,mouse_move,,1844,1326,
1788199913.3604493,mouse_move,,1850,1341,
1788199913.3685474,mouse_move,,1852,1352,
1788199913.3763697,mouse_move,,1854,1363,
1788199913.3844967,mouse_move,,1855,1372,
1788199913.3924682,mouse_move,,1859,1381,
1788199913.4004467,mouse_move,,1859,1389,
1788199913.4085069,mouse_move,,1859,1397,
1788199913.4164872,mouse_move,,1859,1408,
1788199913.4244647,mouse_move,,1859,1416,
1788199913.4323728,mouse_move,,1859,1425,
1788199913.440389,mouse_move,,1856,1434,
1788199913.4484386,mouse_move,,1854,1447,
1788199913.4564202,mouse_move,,1851,1456,
1788199913.4643595,mouse_move,,1849,1461,
1788199913.4725585,mouse_move,,1848,1473,
1788199913.4804611,mouse_move,,1842,1485,
1788199913.4884539,mouse_move,,1840,1494,
1788199913.4963927,mouse_move,,1838,1502,
1788199913.5044613,mouse_move,,1834,1514,
1788199913.5123894,mouse_move,,1833,1520,
1788199913.5203607,mouse_move,,1831,1526,
1788199913.528342,mouse_move,,1829,1535,
1788199913.5364058,mouse_move,,1825,1540,
1788199913.5444286,mouse_move,,1825,1546,
1788199913.5524564,mouse_move,,1825,1552,
1788199913.5604625,mouse_move,,1825,1560,
1788199913.5684762,mouse_move,,1825,1566,
1788199913.5764036,mouse_move,,1827,1572,
1788199913.5843823,mouse_move,,1829,1583,
1788199913.592449,mouse_move,,1829,1591,
1788199913.6003644,mouse_move,,1833,1603,
1788199913.608363,mouse_move,,1835,1614,
1788199913.6165028,mouse_move,,1837,1625,
1788199913.6246119,mouse_move,,1839,1644,
1788199913.6324341,mouse_move,,1843,1663,
1788199913.6404617,mouse_move,,1845,1675,
1788199913.648422,mouse_move,,1849,1686,
1788199913.6563919,mouse_move,,1855,1700,
1788199913.66435,mouse_move,,1856,1709,
1788199913.6725814,mouse_move,,1856,1712,
1788199913.6805463,mouse_move,,1858,1716,
1788199913.6885283,mouse_move,,1859,1717,
1788199913.7205203,mouse_move,,1860,1717,
1788199913.728482,mouse_move,,1863,1718,
1788199913.7605927,mouse_move,,1867,1718,
1788199913.7685633,mouse_move,,1868,1720,
1788199913.7763946,mouse_move,,1869,1721,
1788199913.7924128,mouse_move,,1875,1724,
1788199913.9287653,mouse_move,,1876,1725,
1788199913.9447143,mouse_move,,1880,1729,
1788199914.0328872,mouse_click,down,1880,1729,Button.left
1788199914.168762,mouse_click,up,1880,1729,Button.left
1788199914.20046,mouse_move,,1880,1729,
1788199914.2165885,mouse_move,,1880,1727,
1788199914.3684416,mouse_move,,1879,1725,
1788199914.3763893,mouse_move,,1877,1724,
1788199914.4086711,mouse_move,,1876,1721,
1788199914.4165459,mouse_move,,1875,1720,
1788199914.464694,mouse_move,,1875,1719,
1788199914.4730422,mouse_move,,1874,1718,
1788199914.5050595,mouse_move,,1874,1717,
1788199914.5129228,mouse_move,,1874,1713,
1788199914.5206432,mouse_move,,1877,1706,
1788199914.528948,mouse_move,,1881,1700,
1788199914.5369356,mouse_move,,1884,1693,
1788199914.544385,mouse_move,,1894,1681,
1788199914.552768,mouse_move,,1902,1666,
1788199914.560442,mouse_move,,1909,1652,
1788199914.568487,mouse_move,,1917,1633,
1788199914.5764093,mouse_move,,1926,1616,
1788199914.584549,mouse_move,,1939,1601,
1788199914.5928278,mouse_move,,1948,1591,
1788199914.6004539,mouse_move,,1958,1583,
1788199914.6084507,mouse_move,,1965,1578,
1788199914.616504,mouse_move,,1972,1573,
1788199914.6244223,mouse_move,,1975,1570,
1788199914.6323464,mouse_move,,1979,1567,
1788199914.6405394,mouse_move,,1982,1564,
1788199914.648686,mouse_move,,1983,1561,
1788199914.6569052,mouse_move,,1985,1557,
1788199914.6643398,mouse_move,,1988,1553,
1788199914.672498,mouse_move,,1988,1550,
1788199914.6804063,mouse_move,,1991,1544,
1788199914.6883752,mouse_move,,1994,1539,
1788199914.6964374,mouse_move,,1996,1535,
1788199914.704479,mouse_move,,1999,1528,
1788199914.7124152,mouse_move,,2002,1524,
1788199914.7203817,mouse_move,,2003,1521,
1788199914.7284725,mouse_move,,2005,1517,
1788199914.7364912,mouse_move,,2006,1516,
1788199914.7528343,mouse_move,,2008,1513,
1788199914.824627,mouse_move,,2009,1513,
1788199915.0010257,mouse_click,down,2009,1513,Button.left
1788199915.1054766,mouse_click,up,2009,1513,Button.left
1788199915.3125181,mouse_move,,2011,1511,
1788199915.320548,mouse_move,,2009,1506,
1788199915.3285117,mouse_move,,2006,1503,
1788199915.336446,mouse_move,,2001,1499,
1788199915.3444526,mouse_move,,1997,1494,
1788199915.3524663,mouse_move,,1984,1484,
1788199915.3605354,mouse_move,,1970,1478,
1788199915.3684618,mouse_move,,1948,1467,
1788199915.3763988,mouse_move,,1924,1462,
1788199915.384492,mouse_move,,1900,1460,
1788199915.39243,mouse_move,,1862,1455,
1788199915.4004946,mouse_move,,1861,1455,
1788199915.4405801,mouse_move,,1823,1455,
1788199915.4485781,mouse_move,,1715,1455,
1788199915.4564607,mouse_move,,1665,1457,
1788199915.4644308,mouse_move,,1617,1466,
1788199915.4724817,mouse_move,,1560,1472,
1788199915.4805243,mouse_move,,1511,1488,
1788199915.48847,mouse_move,,1463,1500,
1788199915.4965434,mouse_move,,1419,1511,
1788199915.504351,mouse_move,,1383,1516,
1788199915.5124843,mouse_move,,1351,1524,
1788199915.5204084,mouse_move,,1330,1526,
1788199915.5284045,mouse_move,,1311,1528,
1788199915.5364897,mouse_move,,1297,1534,
1788199915.5444746,mouse_move,,1288,1536,
1788199915.5524645,mouse_move,,1282,1537,
1788199915.560441,mouse_move,,1275,1541,
1788199915.56842,mouse_move,,1273,1542,
1788199915.576351,mouse_move,,1264,1544,
1788199915.5843718,mouse_move,,1260,1545,
1788199915.5924995,mouse_move,,1255,1550,
1788199915.6004512,mouse_move,,1251,1551,
1788199915.6084514,mouse_move,,1246,1554,
1788199915.6164608,mouse_move,,1242,1557,
1788199915.6244674,mouse_move,,1238,1559,
1788199915.6324115,mouse_move,,1235,1560,
1788199915.640434,mouse_move,,1234,1560,
1788199915.648435,mouse_move,,1231,1560,
1788199915.6645696,mouse_move,,1230,1560,
1788199915.7687542,mouse_move,,1229,1560,
1788199915.7763863,mouse_move,,1232,1557,
1788199915.7843845,mouse_move,,1240,1554,
1788199915.7924502,mouse_move,,1249,1552,
1788199915.800463,mouse_move,,1268,1552,
1788199915.8083677,mouse_move,,1269,1552,
1788199915.9204504,mouse_move,,1273,1552,
1788199915.9284568,mouse_move,,1273,1550,
1788199915.9365478,mouse_move,,1273,1548,
1788199915.9444544,mouse_move,,1273,1547,
1788199915.9524434,mouse_move,,1272,1545,
1788199915.960505,mouse_move,,1271,1544,
1788199915.9684837,mouse_move,,1269,1542,
1788199916.0005786,mouse_move,,1268,1541,
1788199916.185082,mouse_click,down,1268,1541,Button.left
1788199916.298016,mouse_click,up,1268,1541,Button.left
1788199916.7130227,keyboard,down,,,
1788199917.226343,keyboard,down,,,
1788199917.2578688,keyboard,down,,,
1788199917.2900167,keyboard,down,,,
1788199917.321092,keyboard,down,,,
1788199917.352244,keyboard,down,,,
1788199917.3817697,keyboard,down,,,
1788199917.4125617,keyboard,down,,,
1788199917.4246392,keyboard,down,,,
